package_path,canonical_repo_source,bytes,sha256
01_thermodynamics/T01_combined_OER_staircase/README.md,02_DFT_CP2K/OER_free_energy/T01_combined_OER_staircase/README.md,1799,4c4119c794d7772c1590a754fe1ca5f96c10bdb186d4a44d6dd395ce3c891c07
01_thermodynamics/T01_combined_OER_staircase/T01_combined_OER_staircase_comparison.png,02_DFT_CP2K/OER_free_energy/T01_combined_OER_staircase/T01_combined_OER_staircase_comparison.png,90058,5603bb7dcb8ac0bf24ec3bff01dbeb36c7231cdd26cb5ea2951388f7971ee5eb
01_thermodynamics/T01_combined_OER_staircase/calculation_origin/source_location.md,02_DFT_CP2K/OER_free_energy/T01_combined_OER_staircase/calculation_origin/source_location.md,1788,93bcc7de47494a5b62ad6101523ff56ac36a41f528509ee1980abd6b6088ad51
01_thermodynamics/T01_combined_OER_staircase/candidate_comparison.md,02_DFT_CP2K/OER_free_energy/T01_combined_OER_staircase/candidate_comparison.md,1468,ce5292d7dd98ea2b34838d793bccf8e97cd28973758b8b693bebfbdb66344b8c
01_thermodynamics/T01_combined_OER_staircase/plotting/plot_template.py,02_DFT_CP2K/OER_free_energy/T01_combined_OER_staircase/plotting/plot_template.py,3279,6360b25e4de899ebc4700a9c09d260e42315165a4c5d4dab50099aa809b51870
01_thermodynamics/T01_combined_OER_staircase/publication_package/README.md,02_DFT_CP2K/OER_free_energy/T01_combined_OER_staircase/publication_package/README.md,1102,adf2f8beb48f0e315fa8176ccb3d5dfd51599fc938b200de19737b3e5804ba9b
01_thermodynamics/T01_combined_OER_staircase/publication_package/figures/T01_OER_free_energy_staircase_comparison.eps,02_DFT_CP2K/OER_free_energy/T01_combined_OER_staircase/publication_package/figures/T01_OER_free_energy_staircase_comparison.eps,68010,4c9a191fe6e2fe017425cdc897f0abd8ad0fa212fb159236d9b92d8487a26e13
01_thermodynamics/T01_combined_OER_staircase/publication_package/figures/T01_OER_free_energy_staircase_comparison.pdf,02_DFT_CP2K/OER_free_energy/T01_combined_OER_staircase/publication_package/figures/T01_OER_free_energy_staircase_comparison.pdf,24662,4c939eb4a8b92ae086b92f8f597e64e194d8c9094584c4cceb5c14eff321d9e4
01_thermodynamics/T01_combined_OER_staircase/publication_package/figures/T01_OER_free_energy_staircase_comparison.png,02_DFT_CP2K/OER_free_energy/T01_combined_OER_staircase/publication_package/figures/T01_OER_free_energy_staircase_comparison.png,203442,a37e76f13ae6b4cf8214798bb942619f08b50fddd3e3ee826e470734b99cdfc5
01_thermodynamics/T01_combined_OER_staircase/publication_package/figures/T01_OER_free_energy_staircase_comparison.svg,02_DFT_CP2K/OER_free_energy/T01_combined_OER_staircase/publication_package/figures/T01_OER_free_energy_staircase_comparison.svg,55145,b3c72a1b96141a0c474f4989298566f6ecac87f4ecf7d5b745c884ca81da9d0d
01_thermodynamics/T01_combined_OER_staircase/publication_package/figures/T01_OER_free_energy_staircase_comparison_600dpi.tif,02_DFT_CP2K/OER_free_energy/T01_combined_OER_staircase/publication_package/figures/T01_OER_free_energy_staircase_comparison_600dpi.tif,319118,27a927fd9f75dee9c0b27d64b214b0bdaebc1f2ecee5cde06c2a5f96b6011ae2
01_thermodynamics/T01_combined_OER_staircase/publication_package/notes/figure_note.md,02_DFT_CP2K/OER_free_energy/T01_combined_OER_staircase/publication_package/notes/figure_note.md,1501,7073873ea73da2de8d124afbce7e5f71a7c0f6085fe68d3e298d744f937b9721
01_thermodynamics/T01_combined_OER_staircase/publication_package/notes/suggested_caption.md,02_DFT_CP2K/OER_free_energy/T01_combined_OER_staircase/publication_package/notes/suggested_caption.md,256,27d2d4871bbe13e7bd84b6f6b940122008063a4f592ca726431933901fc48e7f
01_thermodynamics/T01_combined_OER_staircase/publication_package/plotting/plot_T01.py,02_DFT_CP2K/OER_free_energy/T01_combined_OER_staircase/publication_package/plotting/plot_T01.py,3172,ea8370b4ac526d70b43b13a6c967566846e7d5ed7da1776c1d12eedbdbc86820
01_thermodynamics/T01_combined_OER_staircase/publication_package/source_data/staircase_source.csv,02_DFT_CP2K/OER_free_energy/T01_combined_OER_staircase/publication_package/source_data/staircase_source.csv,480,c3de9755fbee6a9221d111ddef1fd1669667a9bfcd12239c1a52b5591f5b122e
01_thermodynamics/T01_combined_OER_staircase/publication_package/source_data/staircase_source_wide.csv,02_DFT_CP2K/OER_free_energy/T01_combined_OER_staircase/publication_package/source_data/staircase_source_wide.csv,221,981f3feb6d3ab18b165bc4475b4fab899642bd5d0a9c902132f68180eda86a93
01_thermodynamics/T01_combined_OER_staircase/publication_package/source_data/stepwise_dG.csv,02_DFT_CP2K/OER_free_energy/T01_combined_OER_staircase/publication_package/source_data/stepwise_dG.csv,458,115b34c838dc4652150bfc3ee3872390d3408cbd4d9908d57bd14387856a0190
01_thermodynamics/T01_combined_OER_staircase/source_data/data_note.md,02_DFT_CP2K/OER_free_energy/T01_combined_OER_staircase/source_data/data_note.md,1970,36ef6040f24752bfad634ef2c70cf3900c44f99551f0cfa32e5b7dfb75627af7
01_thermodynamics/T01_combined_OER_staircase/source_data/staircase_source.csv,02_DFT_CP2K/OER_free_energy/T01_combined_OER_staircase/source_data/staircase_source.csv,482,c516c049b0c4b9123ce82b88245e044479240d384f6816ae7ea1b0c7bb83462a
01_thermodynamics/T01_combined_OER_staircase/source_data/staircase_source.xlsx,02_DFT_CP2K/OER_free_energy/T01_combined_OER_staircase/source_data/staircase_source.xlsx,5689,94b01a86d58fec18ec2514804d1bb83978b9acea52157a4fccd699a79eeb5f5e
02_cDFT/OH_to_O_spin_response/metadata.md,03_cDFT/OH_to_O_spin_response/metadata.md,2712,e72dc1514591b0d1546a1862664863ea2dd58aaa1a81b7046f61069d36b1b63c
02_cDFT/OH_to_O_spin_response/publication_package/README.md,03_cDFT/OH_to_O_spin_response/publication_package/README.md,3058,85509dcd32ac4ecbfb192fc78c3ca90c274aaeda89f55f84ad9e2e97ec39ec19
02_cDFT/OH_to_O_spin_response/publication_package/figures/C01_charge_redistribution.eps,03_cDFT/OH_to_O_spin_response/publication_package/figures/C01_charge_redistribution.eps,71291,2faabfc55baaba2dbe88c9a1b57452ff97db66061de448c8a1138bc3bcf0034e
02_cDFT/OH_to_O_spin_response/publication_package/figures/C01_charge_redistribution.pdf,03_cDFT/OH_to_O_spin_response/publication_package/figures/C01_charge_redistribution.pdf,28680,93ec5f8ab9d9b1a1651deef61dc0785e0b8d62c3a4fbccfb1b939b83b921c355
02_cDFT/OH_to_O_spin_response/publication_package/figures/C01_charge_redistribution.png,03_cDFT/OH_to_O_spin_response/publication_package/figures/C01_charge_redistribution.png,141557,886e38be1efbd0d49abe6a60d7e37fdb3a402ee16812a66a8d9ae9c4c107ca13
02_cDFT/OH_to_O_spin_response/publication_package/figures/C01_charge_redistribution.svg,03_cDFT/OH_to_O_spin_response/publication_package/figures/C01_charge_redistribution.svg,47092,929a331dab9a3d087305d305ce6f6811d317f06b9bee3f89e68d1ee37f8097e0
02_cDFT/OH_to_O_spin_response/publication_package/figures/C01_charge_redistribution.tif,03_cDFT/OH_to_O_spin_response/publication_package/figures/C01_charge_redistribution.tif,15000326,a9da874feaeae2c9c572630c2602e6c8cf91ef979b3d9472224593a64fcda8fa
02_cDFT/OH_to_O_spin_response/publication_package/figures/C01_local_electron_population_response.eps,03_cDFT/OH_to_O_spin_response/publication_package/figures/C01_local_electron_population_response.eps,64241,2a3cba22077bbfba3363c2f8abed8b72a435f6026f3da41ecd649ae56f4f3f7a
02_cDFT/OH_to_O_spin_response/publication_package/figures/C01_local_electron_population_response.pdf,03_cDFT/OH_to_O_spin_response/publication_package/figures/C01_local_electron_population_response.pdf,26141,1f6882eb1bda60c7be8455d32eb524f49a3dd71cf5f0a545c2e9e417cbec89ff
02_cDFT/OH_to_O_spin_response/publication_package/figures/C01_local_electron_population_response.png,03_cDFT/OH_to_O_spin_response/publication_package/figures/C01_local_electron_population_response.png,100771,4f49c86c9b45051dabec7c098745960af5df5788d0f738624c46f2d19974e44d
02_cDFT/OH_to_O_spin_response/publication_package/figures/C01_local_electron_population_response.svg,03_cDFT/OH_to_O_spin_response/publication_package/figures/C01_local_electron_population_response.svg,37041,b372822177a5b017a2dd4c966a171de45d009f19415c8c77432278f49c290211
02_cDFT/OH_to_O_spin_response/publication_package/figures/C01_local_electron_population_response.tif,03_cDFT/OH_to_O_spin_response/publication_package/figures/C01_local_electron_population_response.tif,12557374,0a75f32c9e596de60cd8c7c9e77c856e97959a51a9bae10c5fccaee5a0b79d45
02_cDFT/OH_to_O_spin_response/publication_package/figures/C02_local_spin_evolution.eps,03_cDFT/OH_to_O_spin_response/publication_package/figures/C02_local_spin_evolution.eps,72888,20fd3d2e9d977cb30d32cfa3b168e16c7b3528e01b9652980878d0668a703ddb
02_cDFT/OH_to_O_spin_response/publication_package/figures/C02_local_spin_evolution.pdf,03_cDFT/OH_to_O_spin_response/publication_package/figures/C02_local_spin_evolution.pdf,26621,7cb8621f2efe6b88bbb992a48b6a19e8b56537285173da96e672f6d410c1aaa4
02_cDFT/OH_to_O_spin_response/publication_package/figures/C02_local_spin_evolution.png,03_cDFT/OH_to_O_spin_response/publication_package/figures/C02_local_spin_evolution.png,154954,81ccdae412ea7055720e04ab64c4a33670d94633994799201f2c1991a71a0290
02_cDFT/OH_to_O_spin_response/publication_package/figures/C02_local_spin_evolution.svg,03_cDFT/OH_to_O_spin_response/publication_package/figures/C02_local_spin_evolution.svg,51535,7f723d343208da8fc138b37a49fedc869755e5d05391b3964e0627fe2ca415ed
02_cDFT/OH_to_O_spin_response/publication_package/figures/C02_local_spin_evolution.tif,03_cDFT/OH_to_O_spin_response/publication_package/figures/C02_local_spin_evolution.tif,15351206,a8926b10c09d3c67a9911f3a0ee47a1c4c33096f96020cc3ad4f613b23ba1da5
02_cDFT/OH_to_O_spin_response/publication_package/figures/C02_local_spin_response.eps,03_cDFT/OH_to_O_spin_response/publication_package/figures/C02_local_spin_response.eps,66845,a27e0dcafe73e10649100e9d0181c53cf95f789c84cdada389176267de2502d5
02_cDFT/OH_to_O_spin_response/publication_package/figures/C02_local_spin_response.pdf,03_cDFT/OH_to_O_spin_response/publication_package/figures/C02_local_spin_response.pdf,26950,edb5a1ee35222b66b32f20c446aedcb9ac40f5fee708b123c463d1561af6bde3
02_cDFT/OH_to_O_spin_response/publication_package/figures/C02_local_spin_response.png,03_cDFT/OH_to_O_spin_response/publication_package/figures/C02_local_spin_response.png,99712,114c07a37e85a7702c9368df1a1be60ff6a437d2bac58784ef603a34d21e3462
02_cDFT/OH_to_O_spin_response/publication_package/figures/C02_local_spin_response.svg,03_cDFT/OH_to_O_spin_response/publication_package/figures/C02_local_spin_response.svg,40436,97f10d71608ae1577ff5e39b7b63a01bde8f54f8fb0ad8e7ca07816f088f8bdb
02_cDFT/OH_to_O_spin_response/publication_package/figures/C02_local_spin_response.tif,03_cDFT/OH_to_O_spin_response/publication_package/figures/C02_local_spin_response.tif,12557374,9d683ef610dd9176b4c73d8f5bc9a0850a05c763e431f7008b24fba673142cdd
02_cDFT/OH_to_O_spin_response/publication_package/figures/C03_spin_change_partition.eps,03_cDFT/OH_to_O_spin_response/publication_package/figures/C03_spin_change_partition.eps,53475,cbc42d60e755c2b52be179547c477e3949fa2b425917047d1892adda9273c2f7
02_cDFT/OH_to_O_spin_response/publication_package/figures/C03_spin_change_partition.pdf,03_cDFT/OH_to_O_spin_response/publication_package/figures/C03_spin_change_partition.pdf,20542,45b7083258d0091f56af03f6b5cb3524572653e4a64b2b1dad094a60b77f0486
02_cDFT/OH_to_O_spin_response/publication_package/figures/C03_spin_change_partition.png,03_cDFT/OH_to_O_spin_response/publication_package/figures/C03_spin_change_partition.png,131036,7f1398a999f867e06ff076698363a629b16fbfb92e460939a7ff2baa98ec4175
02_cDFT/OH_to_O_spin_response/publication_package/figures/C03_spin_change_partition.svg,03_cDFT/OH_to_O_spin_response/publication_package/figures/C03_spin_change_partition.svg,40034,23b528756a3e6c2c72354637e5aba88397b1785e4ecd47043e44f530dcb1f358
02_cDFT/OH_to_O_spin_response/publication_package/figures/C03_spin_change_partition.tif,03_cDFT/OH_to_O_spin_response/publication_package/figures/C03_spin_change_partition.tif,14596766,8e1ae41a0463f054cfb99b3a1f9980dc8928cd6ccc870c80d3a16c251caea554
02_cDFT/OH_to_O_spin_response/publication_package/figures/C04_O_constrained_state_fingerprints.eps,03_cDFT/OH_to_O_spin_response/publication_package/figures/C04_O_constrained_state_fingerprints.eps,71290,00380a82038d867a1b8da0f9484e5d487b6c547d56558f6a762b98a0b7766c52
02_cDFT/OH_to_O_spin_response/publication_package/figures/C04_O_constrained_state_fingerprints.pdf,03_cDFT/OH_to_O_spin_response/publication_package/figures/C04_O_constrained_state_fingerprints.pdf,27127,ac39c1164a1da69ae2becc78e86e9b6f87b39373ac4a04105ec9481880bce019
02_cDFT/OH_to_O_spin_response/publication_package/figures/C04_O_constrained_state_fingerprints.png,03_cDFT/OH_to_O_spin_response/publication_package/figures/C04_O_constrained_state_fingerprints.png,167970,ab348d5de0fc1bf123ee6cc7b9f39d7d56decec71f73757975f0d3d5c43816a9
02_cDFT/OH_to_O_spin_response/publication_package/figures/C04_O_constrained_state_fingerprints.svg,03_cDFT/OH_to_O_spin_response/publication_package/figures/C04_O_constrained_state_fingerprints.svg,47316,79eed28a7ea4f3d030b45dcd1812097f5385f184fabbcad953e18553eab58a66
02_cDFT/OH_to_O_spin_response/publication_package/figures/C04_O_constrained_state_fingerprints.tif,03_cDFT/OH_to_O_spin_response/publication_package/figures/C04_O_constrained_state_fingerprints.tif,17359586,81c173d2bb9e5f18e6e61a55e422a2014c4426359550afb011706cb0a8f85c5d
02_cDFT/OH_to_O_spin_response/publication_package/figures/C05_constraint_state_evolution.eps,03_cDFT/OH_to_O_spin_response/publication_package/figures/C05_constraint_state_evolution.eps,37027,5f62aa417639634739baf1ec8c01885db9c0c0c985583a62a37ddbacac91b82f
02_cDFT/OH_to_O_spin_response/publication_package/figures/C05_constraint_state_evolution.pdf,03_cDFT/OH_to_O_spin_response/publication_package/figures/C05_constraint_state_evolution.pdf,17738,90a1bf2044aeb047d935d7a9271027ff3c9320fa1d979e6de5fde005bab48102
02_cDFT/OH_to_O_spin_response/publication_package/figures/C05_constraint_state_evolution.png,03_cDFT/OH_to_O_spin_response/publication_package/figures/C05_constraint_state_evolution.png,264117,d0778272ba6a58c37e41a86cf6ef6e19a26ba38b5cf73ad28eab5f83cc285e61
02_cDFT/OH_to_O_spin_response/publication_package/figures/C05_constraint_state_evolution.svg,03_cDFT/OH_to_O_spin_response/publication_package/figures/C05_constraint_state_evolution.svg,48637,c402cbd0705ecb22202bf138e91916fd4e484e88fab72a60ad4a9531ab278133
02_cDFT/OH_to_O_spin_response/publication_package/figures/C05_constraint_state_evolution.tif,03_cDFT/OH_to_O_spin_response/publication_package/figures/C05_constraint_state_evolution.tif,35784206,92e3a9a01ecb7444b521e3db5c184da65bf27db5b1b7a151ee641bd00775315e
02_cDFT/OH_to_O_spin_response/publication_package/notes/C05_full_state_constraint_evolution.md,03_cDFT/OH_to_O_spin_response/publication_package/notes/C05_full_state_constraint_evolution.md,1048,0ec71f1e6d8cf817fed0ab6827eafd1138a85122585f6cb2f70f9090094be87f
02_cDFT/OH_to_O_spin_response/publication_package/notes/figure_note.md,03_cDFT/OH_to_O_spin_response/publication_package/notes/figure_note.md,2779,7049cae1a29ede7078d5bd0ef264478a790168baf47ceab10d4a44780d51173b
02_cDFT/OH_to_O_spin_response/publication_package/notes/suggested_captions.md,03_cDFT/OH_to_O_spin_response/publication_package/notes/suggested_captions.md,1321,b4016cd0955c21af23d9ce39fda697c26fd8f304f9f8b3b5bf08268749f86507
02_cDFT/OH_to_O_spin_response/publication_package/plotting/plot_C01_C02.py,03_cDFT/OH_to_O_spin_response/publication_package/plotting/plot_C01_C02.py,3494,88840146dbf82fd820326651243f28fce59acb9572ba82d011e9c030f1ad859b
02_cDFT/OH_to_O_spin_response/publication_package/plotting/plot_C05_cdft_state_evolution.py,03_cDFT/OH_to_O_spin_response/publication_package/plotting/plot_C05_cdft_state_evolution.py,1533,9fd2e6a17653842980360ed249d9dbc8fcc0308df618023254e4878a524e88d3
02_cDFT/OH_to_O_spin_response/publication_package/plotting/plot_cdft_four_part.py,03_cDFT/OH_to_O_spin_response/publication_package/plotting/plot_cdft_four_part.py,8183,afeb0ec18a0f71245325bc86925f6a5c2f0d1c0b1e56be5b6350640a133a7f47
02_cDFT/OH_to_O_spin_response/publication_package/source_data/C01_C02_C03_population_data.csv,03_cDFT/OH_to_O_spin_response/publication_package/source_data/C01_C02_C03_population_data.csv,1414,91ca69dd4e2adede94110eeaa4811ffe711684959453064ab99c08aa4c35c121
02_cDFT/OH_to_O_spin_response/publication_package/source_data/C01_C02_local_population_response.csv,03_cDFT/OH_to_O_spin_response/publication_package/source_data/C01_C02_local_population_response.csv,432,265bfd61cbf2aadeacecd93847d652fd0a3ee5648c50cdc07b10ee01f62c8382
02_cDFT/OH_to_O_spin_response/publication_package/source_data/C03_cdft_constraint_penalties.csv,03_cDFT/OH_to_O_spin_response/publication_package/source_data/C03_cdft_constraint_penalties.csv,303,ea7737eb4cde7893a1e9694b40543d1c30fd5869da03abfe31c3cd5926da25bd
02_cDFT/OH_to_O_spin_response/publication_package/source_data/C04_O_constrained_state_fingerprints.csv,03_cDFT/OH_to_O_spin_response/publication_package/source_data/C04_O_constrained_state_fingerprints.csv,283,1e0eff7efdf57912d5f809ee6cbaa23b2b659c2f0ff31c7c480899adfb0ca0ef
02_cDFT/OH_to_O_spin_response/publication_package/source_data/C05_full_cdft_constraint_matrix.csv,03_cDFT/OH_to_O_spin_response/publication_package/source_data/C05_full_cdft_constraint_matrix.csv,1544,4ff74fe47cf88e613d3033f742435bbd7b84e45a3a312050e137e04fac95e909
02_cDFT/OH_to_O_spin_response/publication_package/source_data/hirshfeld_absolute_populations.csv,03_cDFT/OH_to_O_spin_response/publication_package/source_data/hirshfeld_absolute_populations.csv,426,7cb64743a0decfb8ba154a9d66aaa398b5fcd9a9d02e22e87a3fe90b40e4ff8b
03_VASP_electronic_structure/publication_data/COHP/source_data/cohp_curves_Al16_O.tsv,04_VASP_analysis/electronic_structure_publication_data/COHP/source_data/cohp_curves_Al16_O.tsv,275807,87cfd274eea47b350a6a03d8f7ff831757b0bf508e23c6c744adbb5a36593633
03_VASP_electronic_structure/publication_data/COHP/source_data/cohp_curves_Al16_OH.tsv,04_VASP_analysis/electronic_structure_publication_data/COHP/source_data/cohp_curves_Al16_OH.tsv,280393,76253250a8c2af2d5ec5123720b829ebe4c24483050962f839e42f9f2eb302f6
03_VASP_electronic_structure/publication_data/COHP/source_data/cohp_curves_pristine_O.tsv,04_VASP_analysis/electronic_structure_publication_data/COHP/source_data/cohp_curves_pristine_O.tsv,292629,413c264c7af03bbe06266cde8825dde0ffbc112baa7817571b4c38829e6b7b32
03_VASP_electronic_structure/publication_data/COHP/source_data/cohp_curves_pristine_OH.tsv,04_VASP_analysis/electronic_structure_publication_data/COHP/source_data/cohp_curves_pristine_OH.tsv,296643,f685385770a1645d32bfafaea6ee5e2e66c2f1f28016a638b891535613b02995
03_VASP_electronic_structure/publication_data/COHP/source_data/icohp_summary.tsv,04_VASP_analysis/electronic_structure_publication_data/COHP/source_data/icohp_summary.tsv,4395,2855def0d922597fd9fc92b3f48d7fdeeee13179598de286fbc0b2837f7c60e1
03_VASP_electronic_structure/publication_data/COHP/source_data/lobster_quality.tsv,04_VASP_analysis/electronic_structure_publication_data/COHP/source_data/lobster_quality.tsv,2597,b4ce378872a3feaccca928860d4397eb9f4510583e7cfbf369231988ec354d4e
03_VASP_electronic_structure/publication_data/MISSING_DATA_REPORT.md,04_VASP_analysis/electronic_structure_publication_data/MISSING_DATA_REPORT.md,731,f35476c7449c07cc9028e11083f25691c8692b2651e7a74b93cd75c7e83cefb2
03_VASP_electronic_structure/publication_data/PDOS/source_data/pdos_curves_Al16_O.tsv,04_VASP_analysis/electronic_structure_publication_data/PDOS/source_data/pdos_curves_Al16_O.tsv,306099,bdae6791c791a0321a607e2ed1c7d3d86bf2b7488524b0fe8a82a537b828581c
03_VASP_electronic_structure/publication_data/PDOS/source_data/pdos_curves_Al16_OH.tsv,04_VASP_analysis/electronic_structure_publication_data/PDOS/source_data/pdos_curves_Al16_OH.tsv,313138,7e61b173728a1d70873a55f3085a17f8b61a70d2c7bdd25c030d8eb4bc288148
03_VASP_electronic_structure/publication_data/PDOS/source_data/pdos_curves_pristine_O.tsv,04_VASP_analysis/electronic_structure_publication_data/PDOS/source_data/pdos_curves_pristine_O.tsv,369752,5c0d9e4434893342c897da97f078d15b5c09ead41b58a524ef0479caee99f5e0
03_VASP_electronic_structure/publication_data/PDOS/source_data/pdos_curves_pristine_OH.tsv,04_VASP_analysis/electronic_structure_publication_data/PDOS/source_data/pdos_curves_pristine_OH.tsv,377631,cd5e3b8255f70de696771807f5ea2592be8152157a57fbf5ece8fa5e04afc03b
03_VASP_electronic_structure/publication_data/PDOS/source_data/pdos_site_mapping.tsv,04_VASP_analysis/electronic_structure_publication_data/PDOS/source_data/pdos_site_mapping.tsv,3049,af5a892d1d934c236cb364df3d8069b4edf33da95937d40c4a800c1b4c72eace
03_VASP_electronic_structure/publication_data/PROVENANCE.md,04_VASP_analysis/electronic_structure_publication_data/PROVENANCE.md,4098,454efc0fc0a18786444d5beda2b69bc18143ae2847aa0b592e15a114b700f09d
03_VASP_electronic_structure/publication_data/README.md,04_VASP_analysis/electronic_structure_publication_data/README.md,891,0d53a3a48e452f276b740cd180b71dedd45a09e888ce09e99bd5a8812fa50b97
03_VASP_electronic_structure/publication_data/VALIDATION_RESULT.md,04_VASP_analysis/electronic_structure_publication_data/VALIDATION_RESULT.md,698,5bb833d5a31edc2536282ab12305dcf2e90c62b7891e1f6751f00a1bfc46f042
03_VASP_electronic_structure/publication_data/figure_curve_snapshot.md,04_VASP_analysis/electronic_structure_publication_data/figure_curve_snapshot.md,5615,80eed13c4fe0f3b65a0fe0372c7df466a329e2e7ae8984a57618f93ec653903e
03_VASP_electronic_structure/publication_data/mapping.tsv,04_VASP_analysis/electronic_structure_publication_data/mapping.tsv,2260,0ad3f9a85978ff7b59cae0db69ab8e5aa71e096d5d2978719a7123397df1dcdb
03_VASP_electronic_structure/publication_data/mapping/structure_and_bond_mapping.tsv,04_VASP_analysis/electronic_structure_publication_data/mapping/structure_and_bond_mapping.tsv,2260,0ad3f9a85978ff7b59cae0db69ab8e5aa71e096d5d2978719a7123397df1dcdb
03_VASP_electronic_structure/publication_data/previews/cohp_sanity_preview.png,04_VASP_analysis/electronic_structure_publication_data/previews/cohp_sanity_preview.png,141825,37957c601c8ff690066414ae2956ef9784e0906e719092507acb54047717f2a0
03_VASP_electronic_structure/publication_data/previews/pdos_sanity_preview.png,04_VASP_analysis/electronic_structure_publication_data/previews/pdos_sanity_preview.png,208226,8fa39fac29eaaa073f52d21fda93af157f04d2a86e6972e3863f2d0da1b52ccb
03_VASP_electronic_structure/publication_data/raw_minimal/Al16__O/POSCAR.lobster.vasp,04_VASP_analysis/electronic_structure_publication_data/raw_minimal/Al16__O/POSCAR.lobster.vasp,16880,2cf022f5b81ceccf20e42b12422838ef1e3b150ba23ac3038448ad2e9bb979ef
03_VASP_electronic_structure/publication_data/raw_minimal/Al16__O/lobsterin,04_VASP_analysis/electronic_structure_publication_data/raw_minimal/Al16__O/lobsterin,287,034158a44b717239baa410cd5590c05e5f9cfffc0da3ff6a327cb50ec313b063
03_VASP_electronic_structure/publication_data/raw_minimal/Al16__O/lobsterout,04_VASP_analysis/electronic_structure_publication_data/raw_minimal/Al16__O/lobsterout,2554,4b1a1b7940731427a1c00566b5858e0f55c0d9b41009097a2de1aece6fd915e5
03_VASP_electronic_structure/publication_data/raw_minimal/Al16__OH/POSCAR.lobster.vasp,04_VASP_analysis/electronic_structure_publication_data/raw_minimal/Al16__OH/POSCAR.lobster.vasp,16928,1f08852a62ada285539b938bd1122835d61a9eab9a03633f0c765f863e8a3949
03_VASP_electronic_structure/publication_data/raw_minimal/Al16__OH/lobsterin,04_VASP_analysis/electronic_structure_publication_data/raw_minimal/Al16__OH/lobsterin,287,9f6d078b2911058e695542939a05fb664860b4a0b0679a7d8a637ee2a8180568
03_VASP_electronic_structure/publication_data/raw_minimal/Al16__OH/lobsterout,04_VASP_analysis/electronic_structure_publication_data/raw_minimal/Al16__OH/lobsterout,2555,6a93511c535d5fd1717564de2de778a2f1ec79adfb8906973ff13e29b1bb492d
03_VASP_electronic_structure/publication_data/raw_minimal/pristine__O/POSCAR.lobster.vasp,04_VASP_analysis/electronic_structure_publication_data/raw_minimal/pristine__O/POSCAR.lobster.vasp,16864,53594d40a5bbacf349798ff21c7a67cfe9312d59970ce0daab8afa823034169c
03_VASP_electronic_structure/publication_data/raw_minimal/pristine__O/lobsterin,04_VASP_analysis/electronic_structure_publication_data/raw_minimal/pristine__O/lobsterin,287,f3329b54bd3fbdfdae8058e1e875ae6ad4eec4d5e22d3f0f1715245c7335c6a0
03_VASP_electronic_structure/publication_data/raw_minimal/pristine__O/lobsterout,04_VASP_analysis/electronic_structure_publication_data/raw_minimal/pristine__O/lobsterout,2505,ce22761260dc0ac0b6d86fdb40ea77429d265573964c015345df0f2854dde187
03_VASP_electronic_structure/publication_data/raw_minimal/pristine__OH/POSCAR.lobster.vasp,04_VASP_analysis/electronic_structure_publication_data/raw_minimal/pristine__OH/POSCAR.lobster.vasp,16912,2055064719a0e757a8c648f6758c3fc2879738b76d1f74ddccbe00f3f84a6e50
03_VASP_electronic_structure/publication_data/raw_minimal/pristine__OH/lobsterin,04_VASP_analysis/electronic_structure_publication_data/raw_minimal/pristine__OH/lobsterin,287,c8c0907168d5d847c5d380a10823f86e9ef1ccdfa25c5920cf9a41ff37c65f53
03_VASP_electronic_structure/publication_data/raw_minimal/pristine__OH/lobsterout,04_VASP_analysis/electronic_structure_publication_data/raw_minimal/pristine__OH/lobsterout,2893,d9e0cbe7953876b1e270fb5cd822fae0500d75027932b10b18fabe9548733f0e
03_VASP_electronic_structure/publication_data/source_manifest.tsv,04_VASP_analysis/electronic_structure_publication_data/source_manifest.tsv,10953,49960dc768ac1b7c412789aeb40c85726e156db8406be04884464241f41d3d04
03_VASP_electronic_structure/publication_figure_data/figure_ready_snapshot.md,04_VASP_analysis/publication_figure_data/figure_ready_snapshot.md,3762,5cc1bc56d5a86e7e2c601e01196dc48e2ed1e397f443bbc14fe1a291be8c6702
03_VASP_electronic_structure/publication_figures/figures/V01a_COHP_four_state.eps,04_VASP_analysis/electronic_structure_publication_figures/figures/V01a_COHP_four_state.eps,84148,fb0b8f859eced256c49c7c8dcff78750bad6231fbdcb4db495707cbfabd709c6
03_VASP_electronic_structure/publication_figures/figures/V01a_COHP_four_state.pdf,04_VASP_analysis/electronic_structure_publication_figures/figures/V01a_COHP_four_state.pdf,27277,d218adcdc946d7abbbef16c4f2c6dfc06237bdc6ab89d86fb2a831bee3007bef
03_VASP_electronic_structure/publication_figures/figures/V01a_COHP_four_state.png,04_VASP_analysis/electronic_structure_publication_figures/figures/V01a_COHP_four_state.png,568700,f273d429bf21b38f135a05c5a326dc79ee9b8e08578896175260daf2633c9150
03_VASP_electronic_structure/publication_figures/figures/V01a_COHP_four_state.svg,04_VASP_analysis/electronic_structure_publication_figures/figures/V01a_COHP_four_state.svg,82701,fe107712451aa9c725ca0dd82e69b5cb72f4c96d75f1c07e510d164e25aaa8df
03_VASP_electronic_structure/publication_figures/figures/V01a_COHP_four_state.tif,04_VASP_analysis/electronic_structure_publication_figures/figures/V01a_COHP_four_state.tif,994008,649d84e05d33a0e761bca96e1ff2d83dc8d721b175cac5f82f4715a9d5233444
03_VASP_electronic_structure/publication_figures/figures/V01b_ICOHP_Coact_Oads_summary.eps,04_VASP_analysis/electronic_structure_publication_figures/figures/V01b_ICOHP_Coact_Oads_summary.eps,30992,a40d4661ee8e93779f20f8741a2bed3f9c20f9877291137791d2125fd2123663
03_VASP_electronic_structure/publication_figures/figures/V01b_ICOHP_Coact_Oads_summary.pdf,04_VASP_analysis/electronic_structure_publication_figures/figures/V01b_ICOHP_Coact_Oads_summary.pdf,12372,59fe980a06de165794195757b79a523b97e5f1ca34d7e78a28d06aef2fe2648a
03_VASP_electronic_structure/publication_figures/figures/V01b_ICOHP_Coact_Oads_summary.png,04_VASP_analysis/electronic_structure_publication_figures/figures/V01b_ICOHP_Coact_Oads_summary.png,120053,e98a326fa0a0ec1befe77f17fb848f11697a61d22972e3e103cad500f3928a46
03_VASP_electronic_structure/publication_figures/figures/V01b_ICOHP_Coact_Oads_summary.svg,04_VASP_analysis/electronic_structure_publication_figures/figures/V01b_ICOHP_Coact_Oads_summary.svg,28543,3f07fde224b52cb050292b822099246b04fb24c4ef19dc7b44ed20f9e02cef44
03_VASP_electronic_structure/publication_figures/figures/V01b_ICOHP_Coact_Oads_summary.tif,04_VASP_analysis/electronic_structure_publication_figures/figures/V01b_ICOHP_Coact_Oads_summary.tif,445386,b74c3698631d4381f3886f6dbc358c4d212d8d298269d1dc5cd6c803f2555e68
03_VASP_electronic_structure/publication_figures/figures/V01c_COHP_all_bonds_four_state.eps,04_VASP_analysis/electronic_structure_publication_figures/figures/V01c_COHP_all_bonds_four_state.eps,93676,81415657677109794bd33e8613dcd8dba2517334f3dd6bb2b277124bdbae6872
03_VASP_electronic_structure/publication_figures/figures/V01c_COHP_all_bonds_four_state.pdf,04_VASP_analysis/electronic_structure_publication_figures/figures/V01c_COHP_all_bonds_four_state.pdf,29762,6f05c93e2413f4fd07a7a08ac22b56f401465bcd5a49db13250d45d5cee4c47e
03_VASP_electronic_structure/publication_figures/figures/V01c_COHP_all_bonds_four_state.png,04_VASP_analysis/electronic_structure_publication_figures/figures/V01c_COHP_all_bonds_four_state.png,478226,3af7b44e8966754aee9c16e3b85bac434680f133d60e8bcdc4463d9a9bcb7eb8
03_VASP_electronic_structure/publication_figures/figures/V01c_COHP_all_bonds_four_state.svg,04_VASP_analysis/electronic_structure_publication_figures/figures/V01c_COHP_all_bonds_four_state.svg,92752,9073ca9c590a596ee771aa93cb6ff7bba83110b7633245836d876afcf32d107c
03_VASP_electronic_structure/publication_figures/figures/V01c_COHP_all_bonds_four_state.tif,04_VASP_analysis/electronic_structure_publication_figures/figures/V01c_COHP_all_bonds_four_state.tif,899032,67476d8d089a01121ebe0fb652d979fb0e9ba3488d762a5ca8ccfd69a963aca3
03_VASP_electronic_structure/publication_figures/figures/V01d_ICOHP_all_bonds_summary.eps,04_VASP_analysis/electronic_structure_publication_figures/figures/V01d_ICOHP_all_bonds_summary.eps,51940,56494116b9182e8656b62adfaabfc4e1d32e056b0ce6a0f38967e561777af081
03_VASP_electronic_structure/publication_figures/figures/V01d_ICOHP_all_bonds_summary.pdf,04_VASP_analysis/electronic_structure_publication_figures/figures/V01d_ICOHP_all_bonds_summary.pdf,19000,cab87421c1408bf2af38a8182ea2c6c11acf1a5347113e816ec77ba7539c4487
03_VASP_electronic_structure/publication_figures/figures/V01d_ICOHP_all_bonds_summary.png,04_VASP_analysis/electronic_structure_publication_figures/figures/V01d_ICOHP_all_bonds_summary.png,138324,fa3a2a8218115f9d2bdbac4e0b9eb1e4d9d2b4989f12fcfd72f838d79826e40a
03_VASP_electronic_structure/publication_figures/figures/V01d_ICOHP_all_bonds_summary.svg,04_VASP_analysis/electronic_structure_publication_figures/figures/V01d_ICOHP_all_bonds_summary.svg,38600,67ba6465d748e3d71ca1cc94c8fbeab87f6a582fda6bab5ab7467e485cb1bec3
03_VASP_electronic_structure/publication_figures/figures/V01d_ICOHP_all_bonds_summary.tif,04_VASP_analysis/electronic_structure_publication_figures/figures/V01d_ICOHP_all_bonds_summary.tif,266248,f2f5f09d56354f4fcbf3ce9d738df0ee6c089939e5b20e3ac8b35408eec71173
03_VASP_electronic_structure/publication_figures/figures/V02a_PDOS_four_state.eps,04_VASP_analysis/electronic_structure_publication_figures/figures/V02a_PDOS_four_state.eps,109605,c6527dca7b8d2098a8b166aa7ab5919c23897f859db6114df241b4b61e74cf6f
03_VASP_electronic_structure/publication_figures/figures/V02a_PDOS_four_state.pdf,04_VASP_analysis/electronic_structure_publication_figures/figures/V02a_PDOS_four_state.pdf,32737,09d61f1392898a34c7d83aec26e2a2b39ea9bd9c934c55d8422906fa6e5e0b20
03_VASP_electronic_structure/publication_figures/figures/V02a_PDOS_four_state.png,04_VASP_analysis/electronic_structure_publication_figures/figures/V02a_PDOS_four_state.png,697291,b6c3cfd90e8fdd11490c27dc00a81c4504ac5aeee1bc05742a029f11bf2a9a9d
03_VASP_electronic_structure/publication_figures/figures/V02a_PDOS_four_state.svg,04_VASP_analysis/electronic_structure_publication_figures/figures/V02a_PDOS_four_state.svg,111713,07ad4a2b1519f382a1468d7cc9d1ab938ead22cdc1b02c773c6dc47ea1340b91
03_VASP_electronic_structure/publication_figures/figures/V02a_PDOS_four_state.tif,04_VASP_analysis/electronic_structure_publication_figures/figures/V02a_PDOS_four_state.tif,1150160,3c40f625221db519c3531932f3d1f014dc365907a30c067c73f89dfe8751f75f
03_VASP_electronic_structure/publication_figures/figures/V02b_PDOS_frontier_zoom.eps,04_VASP_analysis/electronic_structure_publication_figures/figures/V02b_PDOS_frontier_zoom.eps,79428,c1150eecff3b63b8fe9912f192cce36f3bc77d5274be47cfb5db33a06c1fdebb
03_VASP_electronic_structure/publication_figures/figures/V02b_PDOS_frontier_zoom.pdf,04_VASP_analysis/electronic_structure_publication_figures/figures/V02b_PDOS_frontier_zoom.pdf,23022,5ecbde1422cef4cc93872cc8236dfe3455f361202a728a4b31357f98273bf367
03_VASP_electronic_structure/publication_figures/figures/V02b_PDOS_frontier_zoom.png,04_VASP_analysis/electronic_structure_publication_figures/figures/V02b_PDOS_frontier_zoom.png,801246,2f49d2277308f8621a7d0ab46e0ebe1eb45816963a08c29af787388f3e8aeedb
03_VASP_electronic_structure/publication_figures/figures/V02b_PDOS_frontier_zoom.svg,04_VASP_analysis/electronic_structure_publication_figures/figures/V02b_PDOS_frontier_zoom.svg,82812,5eeaa992e79c58ee2139230854a272011153d0ea08e10b06d273b75acac94719
03_VASP_electronic_structure/publication_figures/figures/V02b_PDOS_frontier_zoom.tif,04_VASP_analysis/electronic_structure_publication_figures/figures/V02b_PDOS_frontier_zoom.tif,1256854,1cf0e805bbf5f988c3baaf861988540acb57826a4c655a37a2b7ea6a83fecc99
03_VASP_electronic_structure/publication_figures/figures/V03a_Coact_d_orbital_resolved.eps,04_VASP_analysis/electronic_structure_publication_figures/figures/V03a_Coact_d_orbital_resolved.eps,150811,991d2bb5999484c7271aae2800b9f8af033a1d6bacbada0a070e5c417772312d
03_VASP_electronic_structure/publication_figures/figures/V03a_Coact_d_orbital_resolved.pdf,04_VASP_analysis/electronic_structure_publication_figures/figures/V03a_Coact_d_orbital_resolved.pdf,46467,5b452291475583b1319da122290dfd2e1478234a900c95fd2b196d197a6a896f
03_VASP_electronic_structure/publication_figures/figures/V03a_Coact_d_orbital_resolved.png,04_VASP_analysis/electronic_structure_publication_figures/figures/V03a_Coact_d_orbital_resolved.png,767258,2100c58d8ec265d33a8ed51b3177e77657aafed52a08320593d46527772f0a4c
03_VASP_electronic_structure/publication_figures/figures/V03a_Coact_d_orbital_resolved.svg,04_VASP_analysis/electronic_structure_publication_figures/figures/V03a_Coact_d_orbital_resolved.svg,146458,83c39e26a175adb5022db8d6cb09a6ae9449766b4aee2c570bffb99575112011
03_VASP_electronic_structure/publication_figures/figures/V03a_Coact_d_orbital_resolved.tif,04_VASP_analysis/electronic_structure_publication_figures/figures/V03a_Coact_d_orbital_resolved.tif,1305082,642d66cf206049f53d0c818b9d620ff4d2f84f427175396c22f6043bf80ff135
03_VASP_electronic_structure/publication_figures/figures/V03b_Oads_p_orbital_resolved.eps,04_VASP_analysis/electronic_structure_publication_figures/figures/V03b_Oads_p_orbital_resolved.eps,117585,b5342bc81826811e9d74181a4e184228849b8c0bad4431bf1c68b39343215e20
03_VASP_electronic_structure/publication_figures/figures/V03b_Oads_p_orbital_resolved.pdf,04_VASP_analysis/electronic_structure_publication_figures/figures/V03b_Oads_p_orbital_resolved.pdf,37668,68d588c63f8a38341969a727b92b1e6d456d752a8d7439ce124f524a7600ccf1
03_VASP_electronic_structure/publication_figures/figures/V03b_Oads_p_orbital_resolved.png,04_VASP_analysis/electronic_structure_publication_figures/figures/V03b_Oads_p_orbital_resolved.png,778521,ca0b85f2c30f5d4915a75b9f0acc4aabcf400c985f3f85a63842acf130af9ad9
03_VASP_electronic_structure/publication_figures/figures/V03b_Oads_p_orbital_resolved.svg,04_VASP_analysis/electronic_structure_publication_figures/figures/V03b_Oads_p_orbital_resolved.svg,109161,c832accc0ad525eec19dd6656b229900e113e612eb3ea664f1a4bb10d6ff7d87
03_VASP_electronic_structure/publication_figures/figures/V03b_Oads_p_orbital_resolved.tif,04_VASP_analysis/electronic_structure_publication_figures/figures/V03b_Oads_p_orbital_resolved.tif,1279586,1ce395bc7ec6361c672bb251cfc449a8111278ea7c7620701af1208d9251b0ee
03_VASP_electronic_structure/publication_figures/figures/V03c_OH_to_O_difference_PDOS.eps,04_VASP_analysis/electronic_structure_publication_figures/figures/V03c_OH_to_O_difference_PDOS.eps,72560,ea37f82166e60f97c0253404d7b96bce09fb36346c15a25378039d47335d607f
03_VASP_electronic_structure/publication_figures/figures/V03c_OH_to_O_difference_PDOS.pdf,04_VASP_analysis/electronic_structure_publication_figures/figures/V03c_OH_to_O_difference_PDOS.pdf,26314,8caed924677f8859c12ac7248d367af9efc2171e4e496af8bf8b084f49c938a8
03_VASP_electronic_structure/publication_figures/figures/V03c_OH_to_O_difference_PDOS.png,04_VASP_analysis/electronic_structure_publication_figures/figures/V03c_OH_to_O_difference_PDOS.png,414869,747a3998f0e114355d4e1e30880b9eb1858469cc761c9a3fc2352e345ff4aa8f
03_VASP_electronic_structure/publication_figures/figures/V03c_OH_to_O_difference_PDOS.svg,04_VASP_analysis/electronic_structure_publication_figures/figures/V03c_OH_to_O_difference_PDOS.svg,58915,5cb4c22f57afff72e88af8e6dcd338764753043632f78e789f520ed39a9b1b35
03_VASP_electronic_structure/publication_figures/figures/V03c_OH_to_O_difference_PDOS.tif,04_VASP_analysis/electronic_structure_publication_figures/figures/V03c_OH_to_O_difference_PDOS.tif,659640,bba9e450c2f24045a5f0467396ba6453259240ebc3186892cc443cd950690db4
03_VASP_electronic_structure/publication_figures/figures/V03d_frontier_integrated_delta_weights.eps,04_VASP_analysis/electronic_structure_publication_figures/figures/V03d_frontier_integrated_delta_weights.eps,58445,fe9cc385e1bfd13587665a2727cd895b0a14f75ae0b834b217b2d5ddb1679712
03_VASP_electronic_structure/publication_figures/figures/V03d_frontier_integrated_delta_weights.pdf,04_VASP_analysis/electronic_structure_publication_figures/figures/V03d_frontier_integrated_delta_weights.pdf,19006,231b05f81406311db1b74f18ec171ff63ac22d844c213e07042217350e467840
03_VASP_electronic_structure/publication_figures/figures/V03d_frontier_integrated_delta_weights.png,04_VASP_analysis/electronic_structure_publication_figures/figures/V03d_frontier_integrated_delta_weights.png,230197,60761c93b4a498565d245c16ff0d64624309d672e6e1d6063d1b0499ed188ebd
03_VASP_electronic_structure/publication_figures/figures/V03d_frontier_integrated_delta_weights.svg,04_VASP_analysis/electronic_structure_publication_figures/figures/V03d_frontier_integrated_delta_weights.svg,58633,1f523615415b5795f94be30bd6130448c45e8c8274eb54929100882664c8d8aa
03_VASP_electronic_structure/publication_figures/figures/V03d_frontier_integrated_delta_weights.tif,04_VASP_analysis/electronic_structure_publication_figures/figures/V03d_frontier_integrated_delta_weights.tif,679794,96b187b46f647b573107d7b782eb85df8ed45739bb6c0c3c9374545e5a01c1af
03_VASP_electronic_structure/publication_figures/figures/V05_bader_charge_response.eps,04_VASP_analysis/electronic_structure_publication_figures/figures/V05_bader_charge_response.eps,31010,c7b92dbc1d40ad0373b22894983f57a7695f30376e09fc1390d91cb607c3a902
03_VASP_electronic_structure/publication_figures/figures/V05_bader_charge_response.pdf,04_VASP_analysis/electronic_structure_publication_figures/figures/V05_bader_charge_response.pdf,18059,abbb78f42f87e4e1663783996d5bad6e1778a651c76381be90976e55f9dc08bc
03_VASP_electronic_structure/publication_figures/figures/V05_bader_charge_response.png,04_VASP_analysis/electronic_structure_publication_figures/figures/V05_bader_charge_response.png,150462,7040f14fbdd1539f4cdd1279a116aa4e4ef9505203f95da91c615e20ca943d09
03_VASP_electronic_structure/publication_figures/figures/V05_bader_charge_response.svg,04_VASP_analysis/electronic_structure_publication_figures/figures/V05_bader_charge_response.svg,39932,26006185d3bea849368f6a3f4370209c8eafcf310e3a87a683c0a3ba6dd39a05
03_VASP_electronic_structure/publication_figures/figures/V05_bader_charge_response.tif,04_VASP_analysis/electronic_structure_publication_figures/figures/V05_bader_charge_response.tif,20185406,b353259d8186ae88ca99d400e9904cb6bef2675a1c85237425b33a4a1ef34df1
03_VASP_electronic_structure/publication_figures/figures/V06a_dband_center_absolute.eps,04_VASP_analysis/electronic_structure_publication_figures/figures/V06a_dband_center_absolute.eps,44139,24246d30197ae1c5a3ec481e1b9ee355fa56d5d2940966a4af83c192e8ce7758
03_VASP_electronic_structure/publication_figures/figures/V06a_dband_center_absolute.pdf,04_VASP_analysis/electronic_structure_publication_figures/figures/V06a_dband_center_absolute.pdf,16633,fef1a4c6ff2a49fa6ff84eb872de68dfb23f41dc4c09be992a44873b12bff979
03_VASP_electronic_structure/publication_figures/figures/V06a_dband_center_absolute.png,04_VASP_analysis/electronic_structure_publication_figures/figures/V06a_dband_center_absolute.png,188640,62238b88b5289e69eb151c22debabecf04e6d211eb02352e4239bb4746f82df9
03_VASP_electronic_structure/publication_figures/figures/V06a_dband_center_absolute.svg,04_VASP_analysis/electronic_structure_publication_figures/figures/V06a_dband_center_absolute.svg,14648,764a6084da585544e836f6832bc00223b4b1e0519839ceb072c694258dd47751
03_VASP_electronic_structure/publication_figures/figures/V06a_dband_center_absolute.tif,04_VASP_analysis/electronic_structure_publication_figures/figures/V06a_dband_center_absolute.tif,188274,299dea9557a9787d62f185158453337991f759ae147c0253ec73842daa006f5d
03_VASP_electronic_structure/publication_figures/figures/V06b_dband_center_shift_summary.eps,04_VASP_analysis/electronic_structure_publication_figures/figures/V06b_dband_center_shift_summary.eps,55872,2f72b41d366b7f84501e0aca54b9794dbff5c0739f88d187b588670134b94ed0
03_VASP_electronic_structure/publication_figures/figures/V06b_dband_center_shift_summary.pdf,04_VASP_analysis/electronic_structure_publication_figures/figures/V06b_dband_center_shift_summary.pdf,19806,cef617a1037c71e497689c83f65f5c5f0eb9bd26fba5cee292a31f77c4dbc5ee
03_VASP_electronic_structure/publication_figures/figures/V06b_dband_center_shift_summary.png,04_VASP_analysis/electronic_structure_publication_figures/figures/V06b_dband_center_shift_summary.png,186321,3a4cb535b945e04f9ee4816360425fc71c8f3afe4f7d5be352026ffa304a0ad6
03_VASP_electronic_structure/publication_figures/figures/V06b_dband_center_shift_summary.svg,04_VASP_analysis/electronic_structure_publication_figures/figures/V06b_dband_center_shift_summary.svg,16517,6edc38e1470c3575eabb39e0500b9ef52b1f3680a2f9a4a08ae41b48b45313f4
03_VASP_electronic_structure/publication_figures/figures/V06b_dband_center_shift_summary.tif,04_VASP_analysis/electronic_structure_publication_figures/figures/V06b_dband_center_shift_summary.tif,189868,58129c48297fdaab15f626266f0c98743f1e843e7141d3a71fae0317bf2f4ec9
03_VASP_electronic_structure/publication_figures/figures/V06c_dband_center_schematic.eps,04_VASP_analysis/electronic_structure_publication_figures/figures/V06c_dband_center_schematic.eps,168534,d1975052cb0bc9bee2f9353dbbbc935002402b92f148fb6ce543215adf4efe19
03_VASP_electronic_structure/publication_figures/figures/V06c_dband_center_schematic.pdf,04_VASP_analysis/electronic_structure_publication_figures/figures/V06c_dband_center_schematic.pdf,42059,3ec6b9247edf801d13db6a1b7fde2d1f52b02911cfe3181fef482bea2865e6b4
03_VASP_electronic_structure/publication_figures/figures/V06c_dband_center_schematic.png,04_VASP_analysis/electronic_structure_publication_figures/figures/V06c_dband_center_schematic.png,306485,740b3f001105afc3e184e613b8b5876312748480e366c7d709629aa3417ce6c5
03_VASP_electronic_structure/publication_figures/figures/V06c_dband_center_schematic.svg,04_VASP_analysis/electronic_structure_publication_figures/figures/V06c_dband_center_schematic.svg,147310,1e29d63e5ea050537eb5d0c626dfcd145939adf3632fe236f68e7d923c8d4ab8
03_VASP_electronic_structure/publication_figures/figures/V06c_dband_center_schematic.tif,04_VASP_analysis/electronic_structure_publication_figures/figures/V06c_dband_center_schematic.tif,338328,6999cba29253a2a273ddb584c3351874a2d9cec545264ad24a3803c615f6c89c
03_VASP_electronic_structure/publication_figures/figures/V07_neighbor_frontier_boundary.eps,04_VASP_analysis/electronic_structure_publication_figures/figures/V07_neighbor_frontier_boundary.eps,30670,dc6d885befdc0ff05e88f0e6c587b12086dbc2fa01bf4520b11c8feca34083d6
03_VASP_electronic_structure/publication_figures/figures/V07_neighbor_frontier_boundary.pdf,04_VASP_analysis/electronic_structure_publication_figures/figures/V07_neighbor_frontier_boundary.pdf,16929,b23b9ae47e3e1a05fd948b73fb784251505f2d25add81225f21ba089b55478ef
03_VASP_electronic_structure/publication_figures/figures/V07_neighbor_frontier_boundary.png,04_VASP_analysis/electronic_structure_publication_figures/figures/V07_neighbor_frontier_boundary.png,154374,f60703c6fd4ce9b761bd31aed437a87409ded87f0f92a35a1c2e8173b6a85e1e
03_VASP_electronic_structure/publication_figures/figures/V07_neighbor_frontier_boundary.svg,04_VASP_analysis/electronic_structure_publication_figures/figures/V07_neighbor_frontier_boundary.svg,41051,2c3921495332e5050137dd70726acbbb7bb77bea2f6d726ed66dfc7abc9da7b5
03_VASP_electronic_structure/publication_figures/figures/V07_neighbor_frontier_boundary.tif,04_VASP_analysis/electronic_structure_publication_figures/figures/V07_neighbor_frontier_boundary.tif,17917406,3050da1e7dad10995233649a67b5c96824a2958aea9758d6cc5b305ea1226950
03_VASP_electronic_structure/publication_figures/figures/V08a_spin_channel_population_crosscheck.eps,04_VASP_analysis/electronic_structure_publication_figures/figures/V08a_spin_channel_population_crosscheck.eps,39244,c477b930840c7114464b9cd446b1f1060d0ae8ad0184e64fe624a74d27a328d0
03_VASP_electronic_structure/publication_figures/figures/V08a_spin_channel_population_crosscheck.pdf,04_VASP_analysis/electronic_structure_publication_figures/figures/V08a_spin_channel_population_crosscheck.pdf,21248,5a90bd29fc4c50d9b8a0e061349d41ff5bb0606b6fb61c5a3a8f046091c6e26f
03_VASP_electronic_structure/publication_figures/figures/V08a_spin_channel_population_crosscheck.png,04_VASP_analysis/electronic_structure_publication_figures/figures/V08a_spin_channel_population_crosscheck.png,298596,d5883c19057e89b3ba2cdf56f77549a0a90ff28fb58f27763a964362461e0b68
03_VASP_electronic_structure/publication_figures/figures/V08a_spin_channel_population_crosscheck.svg,04_VASP_analysis/electronic_structure_publication_figures/figures/V08a_spin_channel_population_crosscheck.svg,48592,946fd482c8241722935bf7493707b8331e8b60ca419f1c77a5176749a7ca0f9e
03_VASP_electronic_structure/publication_figures/figures/V08a_spin_channel_population_crosscheck.tif,04_VASP_analysis/electronic_structure_publication_figures/figures/V08a_spin_channel_population_crosscheck.tif,32205806,4b4dccfd5b581d6ee0de783564c00610dc0c42cc343ccfb01fa917363d24576d
03_VASP_electronic_structure/publication_figures/figures/V08b_orbital_resolved_population.eps,04_VASP_analysis/electronic_structure_publication_figures/figures/V08b_orbital_resolved_population.eps,999883,2f7614049a38d282da4cf3e742d5bcc21fd114a94f7898b48fbe112d0f3003fc
03_VASP_electronic_structure/publication_figures/figures/V08b_orbital_resolved_population.pdf,04_VASP_analysis/electronic_structure_publication_figures/figures/V08b_orbital_resolved_population.pdf,28379,bbe0591fddac84a4a271f08be7bbece5f1a5049c1ff910720b255a53dfc8018f
03_VASP_electronic_structure/publication_figures/figures/V08b_orbital_resolved_population.png,04_VASP_analysis/electronic_structure_publication_figures/figures/V08b_orbital_resolved_population.png,369170,83f84b3dff975c8d51a12e6ab2e7b161bde031303c795f69e2d4b1f7ce1c655b
03_VASP_electronic_structure/publication_figures/figures/V08b_orbital_resolved_population.svg,04_VASP_analysis/electronic_structure_publication_figures/figures/V08b_orbital_resolved_population.svg,81817,443aa69bfd428a5928b59f2bf30cb4fa3eeaa66f75e0da3edfc32f7d80c24c81
03_VASP_electronic_structure/publication_figures/figures/V08b_orbital_resolved_population.tif,04_VASP_analysis/electronic_structure_publication_figures/figures/V08b_orbital_resolved_population.tif,48845006,c1bab7183eeb8956d60c4d96552a3a1f68c5bcdb31e22a1fa5795e52a569fb71
03_VASP_electronic_structure/publication_figures/notes/V03_interpretation_note.md,04_VASP_analysis/electronic_structure_publication_figures/notes/V03_interpretation_note.md,1923,85fc36d35aea2ca727cc49fe619b79ca0a752bdc8b1fda1149835aabf2bd944b
03_VASP_electronic_structure/publication_figures/notes/V05_bader_interpretation_note.md,04_VASP_analysis/electronic_structure_publication_figures/notes/V05_bader_interpretation_note.md,1048,b337d2614f5fb37c8fe17ce594aeda80ee173e311729d6d0610940291d2978b6
03_VASP_electronic_structure/publication_figures/notes/V06_dband_center_interpretation_note.md,04_VASP_analysis/electronic_structure_publication_figures/notes/V06_dband_center_interpretation_note.md,3278,ad1c2722236ddcc18996d7542151e3a70e12a13e060e80ab2cc1bcc6c3c8f795
03_VASP_electronic_structure/publication_figures/notes/V07_neighbor_electronic_boundary_note.md,04_VASP_analysis/electronic_structure_publication_figures/notes/V07_neighbor_electronic_boundary_note.md,1213,82bcd744e412c0caa016ba6843ddbf467770c92b45b548a8a7195d4c47920fae
03_VASP_electronic_structure/publication_figures/notes/V08_lobster_population_interpretation_note.md,04_VASP_analysis/electronic_structure_publication_figures/notes/V08_lobster_population_interpretation_note.md,1364,1d9623d441d71d06abb64ab721c6d87dc2f59fb63448ca5ca23194f10bf2e535
03_VASP_electronic_structure/publication_figures/notes/figure_note.md,04_VASP_analysis/electronic_structure_publication_figures/notes/figure_note.md,1760,bf2140b4bdaabfdd4f2f2a43cf08a46e2c82b7b622f54a84dc556ff0e9ba9c04
03_VASP_electronic_structure/publication_figures/notes/suggested_captions.md,04_VASP_analysis/electronic_structure_publication_figures/notes/suggested_captions.md,886,daca614d5288bfef25bb1edfb8fdc83fd7b4635b26d60c648ae331fda04f8dff
03_VASP_electronic_structure/publication_figures/plotting/compress_tiff_outputs.py,04_VASP_analysis/electronic_structure_publication_figures/plotting/compress_tiff_outputs.py,621,6150b15227e2ed34fd1a7f1f086549fe28c5147a751f3952e135db536f448e6d
03_VASP_electronic_structure/publication_figures/plotting/plot_V05_bader.py,04_VASP_analysis/electronic_structure_publication_figures/plotting/plot_V05_bader.py,1583,426ca11e79cdfafddfda149e5c8e937fef3bf476ff41ab77162f286257452618
03_VASP_electronic_structure/publication_figures/plotting/plot_V07_neighbor_boundary.py,04_VASP_analysis/electronic_structure_publication_figures/plotting/plot_V07_neighbor_boundary.py,1494,53e46ea5763ac0e24b89be07923cb6534b1780c3addf4ac08d000b51876ea0cc
03_VASP_electronic_structure/publication_figures/plotting/plot_V08_lobster_population.py,04_VASP_analysis/electronic_structure_publication_figures/plotting/plot_V08_lobster_population.py,3787,811f34c263deb99425577be55f0bdd16aca6901ed8479c4d3849c19e19e13528
03_VASP_electronic_structure/publication_figures/plotting/plot_cohp_pdos_publication.py,04_VASP_analysis/electronic_structure_publication_figures/plotting/plot_cohp_pdos_publication.py,16642,010b87eab38e7ed60c452bfa5a60ab38ad02d37d01a447dd15d66ab80c97af86
03_VASP_electronic_structure/publication_figures/plotting/plot_dband_center_options.py,04_VASP_analysis/electronic_structure_publication_figures/plotting/plot_dband_center_options.py,9035,104c4487972ab32724891a41a94e6fd7abc76d520f1b003e9281e39ff7814c10
03_VASP_electronic_structure/publication_figures/plotting/plot_orbital_resolved_pdos.py,04_VASP_analysis/electronic_structure_publication_figures/plotting/plot_orbital_resolved_pdos.py,15484,eeb5838305578c1b92083c5918fe2214f425b3e4edae5610d5f17362ffa89302
03_VASP_electronic_structure/publication_figures/source_data/V01_ICOHP_validated_summary.csv,04_VASP_analysis/electronic_structure_publication_figures/source_data/V01_ICOHP_validated_summary.csv,4390,529eca04a69b4198655baa9459c6693545145f6fcfc34f0610a5258e6192e875
03_VASP_electronic_structure/publication_figures/source_data/V01a_COHP_four_state_plot_ready.csv,04_VASP_analysis/electronic_structure_publication_figures/source_data/V01a_COHP_four_state_plot_ready.csv,60187,8b272eb2e01c1c0e261ead793c55beeff0ba525972e408273ef88d1072622ec0
03_VASP_electronic_structure/publication_figures/source_data/V01c_COHP_all_bonds_four_state_plot_ready.csv,04_VASP_analysis/electronic_structure_publication_figures/source_data/V01c_COHP_all_bonds_four_state_plot_ready.csv,93793,3866dd9a20c84d7ba66a915d90fef6a51c1689005eb6eada603e01343a570f2f
03_VASP_electronic_structure/publication_figures/source_data/V02a_PDOS_four_state_plot_ready.csv,04_VASP_analysis/electronic_structure_publication_figures/source_data/V02a_PDOS_four_state_plot_ready.csv,87396,67b2c7e90ec7e753d76e19db9220a8448562a8e1b81fae2948c81465a6df4067
03_VASP_electronic_structure/publication_figures/source_data/V02b_PDOS_frontier_zoom_plot_ready.csv,04_VASP_analysis/electronic_structure_publication_figures/source_data/V02b_PDOS_frontier_zoom_plot_ready.csv,34152,cd46384df3f6325a30eb6bf1e96607fccd80da4dea6c762887b8bc4d86a53c00
03_VASP_electronic_structure/publication_figures/source_data/V03_frontier_component_integrals.csv,04_VASP_analysis/electronic_structure_publication_figures/source_data/V03_frontier_component_integrals.csv,13678,35b92af6403d9dd06da764bd35f33695c2cd7688558a1d5e61878598bb28e1c6
03_VASP_electronic_structure/publication_figures/source_data/V03_frontier_integrated_weights.csv,04_VASP_analysis/electronic_structure_publication_figures/source_data/V03_frontier_integrated_weights.csv,2336,70bc688e257d39589a040e0cd82125dc2731f9a0aef5d01314114c1d68a3e8d4
03_VASP_electronic_structure/publication_figures/source_data/V03_frontier_peak_candidates.csv,04_VASP_analysis/electronic_structure_publication_figures/source_data/V03_frontier_peak_candidates.csv,11330,2ef22b266af5106e696df244a02bd2b257fe3724c7a9c5c1ee72db081a413be5
03_VASP_electronic_structure/publication_figures/source_data/V05_bader_OH_to_O.csv,04_VASP_analysis/electronic_structure_publication_figures/source_data/V05_bader_OH_to_O.csv,602,9ccb8b46dc54ecfc006e5b71b3d5d57eaa59c7a9bfd732f3fa241bdfa13fc872
03_VASP_electronic_structure/publication_figures/source_data/V06_activeCo_dcenter_values.csv,04_VASP_analysis/electronic_structure_publication_figures/source_data/V06_activeCo_dcenter_values.csv,1099,77261e282f021f24e0a7c496b248a75e4c4408afdee592811e3e47272c05303d
03_VASP_electronic_structure/publication_figures/source_data/V06_framework_dcenter_values.csv,04_VASP_analysis/electronic_structure_publication_figures/source_data/V06_framework_dcenter_values.csv,662,bcfae1da59d6573ff7893b1d95ffe968950161a51fb002526cf392b81a53a10a
03_VASP_electronic_structure/publication_figures/source_data/V06_shift_summary.csv,04_VASP_analysis/electronic_structure_publication_figures/source_data/V06_shift_summary.csv,483,5b9e4269cbc6e87a65c504f981a45fc9ccf2ac59a5c94156e28120f777eb9cf1
03_VASP_electronic_structure/publication_figures/source_data/V07_framework_COHP_context.csv,04_VASP_analysis/electronic_structure_publication_figures/source_data/V07_framework_COHP_context.csv,210,1fa12d4179e9a8081bb638878cc3a7bf43867fa991c0c472022e3e10bada7750
03_VASP_electronic_structure/publication_figures/source_data/V07_neighbor_frontier_pdos_integrals.csv,04_VASP_analysis/electronic_structure_publication_figures/source_data/V07_neighbor_frontier_pdos_integrals.csv,265,a0b70d47c14023e38fa758f79e9e0c909c352d83d7ff01dc6ee34799f93af381
03_VASP_electronic_structure/publication_figures/source_data/V08_orbital_population_OH_to_O.csv,04_VASP_analysis/electronic_structure_publication_figures/source_data/V08_orbital_population_OH_to_O.csv,2897,4ea2b5245e1c1ff5692b3cd5388da87090c7718a62a2800205a1db0ae354e720
03_VASP_electronic_structure/publication_figures/source_data/V08_spin_channel_summary.csv,04_VASP_analysis/electronic_structure_publication_figures/source_data/V08_spin_channel_summary.csv,594,ae4a249b4e18ac1df25f65aaecefb5c9855d38a2bd394a32bd94f29b366d4265
04_reaction_density/diff_density_publication_data/PROVENANCE.md,04_VASP_analysis/diff_density_publication_data/PROVENANCE.md,1594,2f5464f7c276dbac23f41b937d8a693ea8e9b6d3df84658c2733eacb06bd465f
04_reaction_density/diff_density_publication_data/README.md,04_VASP_analysis/diff_density_publication_data/README.md,1266,aee1f236607904892e1aee89b099f2526bffad74d18962e66e046101a16dcffa
04_reaction_density/diff_density_publication_data/charge_density/source_data/Al16_adjacent.tsv,04_VASP_analysis/diff_density_publication_data/charge_density/source_data/Al16_adjacent.tsv,1048606,40fe8b753d8bb94ab5da2143c94f5103a9a76cbcc184ed7915e8c06062e3cf1f
04_reaction_density/diff_density_publication_data/charge_density/source_data/undoped_control.tsv,04_VASP_analysis/diff_density_publication_data/charge_density/source_data/undoped_control.tsv,1048606,0608324e97e6c09b37803269d11070c210bf3331c037ff52ae6a723cb3c44952
04_reaction_density/diff_density_publication_data/figures/diff_density_publication.pdf,04_VASP_analysis/diff_density_publication_data/figures/diff_density_publication.pdf,316917,1b00cc3f31126f7866d337fb4f0a11b4c6993b47c12463289f76ee9d3375093a
04_reaction_density/diff_density_publication_data/figures/diff_density_publication.png,04_VASP_analysis/diff_density_publication_data/figures/diff_density_publication.png,786442,233182718e7a408c3506501f0ac6b1bedd7b2d06857500f0615598effbd40fd0
04_reaction_density/diff_density_publication_data/figures/diff_density_publication.svg,04_VASP_analysis/diff_density_publication_data/figures/diff_density_publication.svg,786444,218a148d07d0230285f1d9365f70426e763df8382e0d7ed0cf55d0b345a03446
04_reaction_density/diff_density_publication_data/figures/diff_density_publication.tiff,04_VASP_analysis/diff_density_publication_data/figures/diff_density_publication.tiff,786444,95f323ff3292abdf13cd884a79e08ee875db0fff27e7f9340586e6981f7f52b0
04_reaction_density/diff_density_publication_data/figures/subfigures/paired/charge_density_difference.pdf,04_VASP_analysis/diff_density_publication_data/figures/subfigures/paired/charge_density_difference.pdf,244976,750ff9448e6a10331ff7ca1e8f02f1ad529aaeb151ee81c5e54644496ba0d0ca
04_reaction_density/diff_density_publication_data/figures/subfigures/paired/charge_density_difference.png,04_VASP_analysis/diff_density_publication_data/figures/subfigures/paired/charge_density_difference.png,407256,513c0b64200d374e8be035f96a3c594a31500c17a3847d4223f54fc7405dd0a1
04_reaction_density/diff_density_publication_data/figures/subfigures/paired/charge_density_difference.svg,04_VASP_analysis/diff_density_publication_data/figures/subfigures/paired/charge_density_difference.svg,1154438,3f02fcd5f3a1b5e77f5fc71144e0a1d0450c4788dd2fed8367c9554981e6faa2
04_reaction_density/diff_density_publication_data/figures/subfigures/paired/charge_density_difference.tiff,04_VASP_analysis/diff_density_publication_data/figures/subfigures/paired/charge_density_difference.tiff,447440,d24fffe9fa53b3e62eede14456afc5ae4e529a81b672493bb20d7a966209396f
04_reaction_density/diff_density_publication_data/figures/subfigures/paired/magnetization_difference.pdf,04_VASP_analysis/diff_density_publication_data/figures/subfigures/paired/magnetization_difference.pdf,175174,ffea39e7080bb2b76202b366a37dc7e043032a954cef8d5a3006b8cde70ad8ca
04_reaction_density/diff_density_publication_data/figures/subfigures/paired/magnetization_difference.png,04_VASP_analysis/diff_density_publication_data/figures/subfigures/paired/magnetization_difference.png,334997,316823d3a6e1b028854db6556cef7b45fa37665ad98c23c655d6da1cb036dc11
04_reaction_density/diff_density_publication_data/figures/subfigures/paired/magnetization_difference.svg,04_VASP_analysis/diff_density_publication_data/figures/subfigures/paired/magnetization_difference.svg,783147,9a13291b8955aae8fc82b046891820f698f610e293a02e92034048871ea16a98
04_reaction_density/diff_density_publication_data/figures/subfigures/paired/magnetization_difference.tiff,04_VASP_analysis/diff_density_publication_data/figures/subfigures/paired/magnetization_difference.tiff,383972,073bd552f4151358b91da71b5b7c7b42059685b02392b3d180b48bfbdfa073dc
04_reaction_density/diff_density_publication_data/figures/subfigures/paired/spin_down_difference.pdf,04_VASP_analysis/diff_density_publication_data/figures/subfigures/paired/spin_down_difference.pdf,205820,821d6d1f8a94f91456bed988ba8176b58b47f4dee8cdfc04faeeac01c2582368
04_reaction_density/diff_density_publication_data/figures/subfigures/paired/spin_down_difference.png,04_VASP_analysis/diff_density_publication_data/figures/subfigures/paired/spin_down_difference.png,378445,dca26fefd792e9b915742b26ecd9df67a0c3a6a6597a84dc2605f535d667aeeb
04_reaction_density/diff_density_publication_data/figures/subfigures/paired/spin_down_difference.svg,04_VASP_analysis/diff_density_publication_data/figures/subfigures/paired/spin_down_difference.svg,961645,76b8ced4c03aa1142cc6b73504206e7d98307099daabf2bf54313eaac2f71b02
04_reaction_density/diff_density_publication_data/figures/subfigures/paired/spin_down_difference.tiff,04_VASP_analysis/diff_density_publication_data/figures/subfigures/paired/spin_down_difference.tiff,425270,2287cc6fdf7c9929fde66d21b80fd56753b6355c64515cbf6661d6ee63438ac2
04_reaction_density/diff_density_publication_data/figures/subfigures/paired/spin_up_difference.pdf,04_VASP_analysis/diff_density_publication_data/figures/subfigures/paired/spin_up_difference.pdf,151255,95561a03834aaaab68362d9b73ab971365c2bb74ba3d221e0f04f295a812fecf
04_reaction_density/diff_density_publication_data/figures/subfigures/paired/spin_up_difference.png,04_VASP_analysis/diff_density_publication_data/figures/subfigures/paired/spin_up_difference.png,302795,42f6622602c59ba9b511090636b63a78f76fd51eb9e7879a53ae7f56668d5f66
04_reaction_density/diff_density_publication_data/figures/subfigures/paired/spin_up_difference.svg,04_VASP_analysis/diff_density_publication_data/figures/subfigures/paired/spin_up_difference.svg,692011,4d4c8ee0b73452999919876ec185b2f1e014cae021d011486e11f8c5f326aee6
04_reaction_density/diff_density_publication_data/figures/subfigures/paired/spin_up_difference.tiff,04_VASP_analysis/diff_density_publication_data/figures/subfigures/paired/spin_up_difference.tiff,358922,0fed81eaad72504ccf6b8f3759dcb70b5eb02d45520f17fc7ed0ebf88c07fb1e
04_reaction_density/diff_density_publication_data/figures/subfigures/single_panel/charge_density_Al16_adjacent.pdf,04_VASP_analysis/diff_density_publication_data/figures/subfigures/single_panel/charge_density_Al16_adjacent.pdf,123487,a37b97586e933788300da026f753d9193bb8ad98db09bb2d60c57f37fc390e93
04_reaction_density/diff_density_publication_data/figures/subfigures/single_panel/charge_density_Al16_adjacent.png,04_VASP_analysis/diff_density_publication_data/figures/subfigures/single_panel/charge_density_Al16_adjacent.png,181821,563f59cd5a662858597dc22678e28bbb587da6ca178b8b666e3c6f81e2eb5f48
04_reaction_density/diff_density_publication_data/figures/subfigures/single_panel/charge_density_Al16_adjacent.svg,04_VASP_analysis/diff_density_publication_data/figures/subfigures/single_panel/charge_density_Al16_adjacent.svg,550122,271e30d85e9ec62d5c59b4eb46e770aee7b511ab81fe65eb1de20b3f8c31d7c1
04_reaction_density/diff_density_publication_data/figures/subfigures/single_panel/charge_density_Al16_adjacent.tiff,04_VASP_analysis/diff_density_publication_data/figures/subfigures/single_panel/charge_density_Al16_adjacent.tiff,185024,fdf46ec440e8449e756e0ce4e8d57bb7e63ad72549503a90e5742ea38a5b326b
04_reaction_density/diff_density_publication_data/figures/subfigures/single_panel/charge_density_undoped_control.pdf,04_VASP_analysis/diff_density_publication_data/figures/subfigures/single_panel/charge_density_undoped_control.pdf,132371,da4f7359ce63dd28aa36940b46b831ae1cc2e7b7722a7d6647bf87afef8f46a5
04_reaction_density/diff_density_publication_data/figures/subfigures/single_panel/charge_density_undoped_control.png,04_VASP_analysis/diff_density_publication_data/figures/subfigures/single_panel/charge_density_undoped_control.png,190513,4e83fe0d60431523f6a7a5e00509b3435ed4dc32360b76c31ad729dfcf49f735
04_reaction_density/diff_density_publication_data/figures/subfigures/single_panel/charge_density_undoped_control.svg,04_VASP_analysis/diff_density_publication_data/figures/subfigures/single_panel/charge_density_undoped_control.svg,596672,5aa0b9515a44db959c2a8ace301d632e0f4dd0923ffd526d5e06d05c333415f1
04_reaction_density/diff_density_publication_data/figures/subfigures/single_panel/charge_density_undoped_control.tiff,04_VASP_analysis/diff_density_publication_data/figures/subfigures/single_panel/charge_density_undoped_control.tiff,190550,9a3e94244c6301ef649f910755f7601069aec51abd2adee7ee6b523860e32985
04_reaction_density/diff_density_publication_data/figures/subfigures/single_panel/magnetization_Al16_adjacent.pdf,04_VASP_analysis/diff_density_publication_data/figures/subfigures/single_panel/magnetization_Al16_adjacent.pdf,93922,4d823a535f78d0c5aa3e87926c09d2a3a25f4ba859532d117cb9979f5a2c4277
04_reaction_density/diff_density_publication_data/figures/subfigures/single_panel/magnetization_Al16_adjacent.png,04_VASP_analysis/diff_density_publication_data/figures/subfigures/single_panel/magnetization_Al16_adjacent.png,163576,51a50f74be6f0e877a3c323fcddef52f8ad0a20758bb7cafc1089dad9ded46f9
04_reaction_density/diff_density_publication_data/figures/subfigures/single_panel/magnetization_Al16_adjacent.svg,04_VASP_analysis/diff_density_publication_data/figures/subfigures/single_panel/magnetization_Al16_adjacent.svg,387872,1fffc0b95a7fb56acf16f1c1511ad5b96b2eb04d8f184aa36bda177138a51baa
04_reaction_density/diff_density_publication_data/figures/subfigures/single_panel/magnetization_Al16_adjacent.tiff,04_VASP_analysis/diff_density_publication_data/figures/subfigures/single_panel/magnetization_Al16_adjacent.tiff,168202,04d7a7442edf05b73011aa9e6aa91a8b4ed0c90bec9ab9b9d545c0af43d1cae1
04_reaction_density/diff_density_publication_data/figures/subfigures/single_panel/magnetization_undoped_control.pdf,04_VASP_analysis/diff_density_publication_data/figures/subfigures/single_panel/magnetization_undoped_control.pdf,93858,00a2ea48e15c55552e8dd9392c4ed9afb81812196f7d1c422b03c360f2ea4b63
04_reaction_density/diff_density_publication_data/figures/subfigures/single_panel/magnetization_undoped_control.png,04_VASP_analysis/diff_density_publication_data/figures/subfigures/single_panel/magnetization_undoped_control.png,161344,2d199193075883eacb642cf26315b67d4e5c5188783313123a27fa21134ba561
04_reaction_density/diff_density_publication_data/figures/subfigures/single_panel/magnetization_undoped_control.svg,04_VASP_analysis/diff_density_publication_data/figures/subfigures/single_panel/magnetization_undoped_control.svg,394714,be42a6b3d61ab5aaebbd91a259e92b42cfdd9c2020f52b7fbcccabaa940e6e34
04_reaction_density/diff_density_publication_data/figures/subfigures/single_panel/magnetization_undoped_control.tiff,04_VASP_analysis/diff_density_publication_data/figures/subfigures/single_panel/magnetization_undoped_control.tiff,165166,dbaf23ed4be29bc20b1bc25c2853bcd1fd4644f38a8beebe548e2ee15da199a3
04_reaction_density/diff_density_publication_data/figures/subfigures/single_panel/spin_down_Al16_adjacent.pdf,04_VASP_analysis/diff_density_publication_data/figures/subfigures/single_panel/spin_down_Al16_adjacent.pdf,109513,d58d3a6778da73ed6afebf24cf4d7c39716734df5dda4ecbb92c63b2e156730a
04_reaction_density/diff_density_publication_data/figures/subfigures/single_panel/spin_down_Al16_adjacent.png,04_VASP_analysis/diff_density_publication_data/figures/subfigures/single_panel/spin_down_Al16_adjacent.png,179484,780775a7b77686139bb16d8b94b49f4be1e306b7056a15ccbd070b810b5e7f68
04_reaction_density/diff_density_publication_data/figures/subfigures/single_panel/spin_down_Al16_adjacent.svg,04_VASP_analysis/diff_density_publication_data/figures/subfigures/single_panel/spin_down_Al16_adjacent.svg,480925,96973e479fb01e263ed0211fdd7371d8aa08d7543e516de8ae590872f251e280
04_reaction_density/diff_density_publication_data/figures/subfigures/single_panel/spin_down_Al16_adjacent.tiff,04_VASP_analysis/diff_density_publication_data/figures/subfigures/single_panel/spin_down_Al16_adjacent.tiff,182076,c81704595d149b93b5029dcde50e31f3ccf180b179a8a2ed44e5291b00e3b5f2
04_reaction_density/diff_density_publication_data/figures/subfigures/single_panel/spin_down_undoped_control.pdf,04_VASP_analysis/diff_density_publication_data/figures/subfigures/single_panel/spin_down_undoped_control.pdf,107020,710420090bf693550a78e4e7dcb573a8c6a52b67b41961bff3208a9805fb96ee
04_reaction_density/diff_density_publication_data/figures/subfigures/single_panel/spin_down_undoped_control.png,04_VASP_analysis/diff_density_publication_data/figures/subfigures/single_panel/spin_down_undoped_control.png,175515,33f19b7d7dca58f042ea33b7c57abf0ffb57d21f82599fe4c8f1fe1839aea57a
04_reaction_density/diff_density_publication_data/figures/subfigures/single_panel/spin_down_undoped_control.svg,04_VASP_analysis/diff_density_publication_data/figures/subfigures/single_panel/spin_down_undoped_control.svg,477035,7b8dcca7fe1f49930ce98a75de0140a9fff160a0d05f4584cc87e108a1866abc
04_reaction_density/diff_density_publication_data/figures/subfigures/single_panel/spin_down_undoped_control.tiff,04_VASP_analysis/diff_density_publication_data/figures/subfigures/single_panel/spin_down_undoped_control.tiff,179994,51540ff7098955586466db8c7d0652bd42efb2ff750eaa8428b39c41c041e87a
04_reaction_density/diff_density_publication_data/figures/subfigures/single_panel/spin_up_Al16_adjacent.pdf,04_VASP_analysis/diff_density_publication_data/figures/subfigures/single_panel/spin_up_Al16_adjacent.pdf,68988,16988a00463c99811e7464a823872f7564f4b606d7656907df8fddc542bf2453
04_reaction_density/diff_density_publication_data/figures/subfigures/single_panel/spin_up_Al16_adjacent.png,04_VASP_analysis/diff_density_publication_data/figures/subfigures/single_panel/spin_up_Al16_adjacent.png,133184,b5423bed4aa9c280902288ccd0a9ea1965c41216ace20882ad5853f9556145ac
04_reaction_density/diff_density_publication_data/figures/subfigures/single_panel/spin_up_Al16_adjacent.svg,04_VASP_analysis/diff_density_publication_data/figures/subfigures/single_panel/spin_up_Al16_adjacent.svg,281884,8e4bc85cf56bec9fac97a7e5135292f1f52b328587a69f056961b0f36eacb961
04_reaction_density/diff_density_publication_data/figures/subfigures/single_panel/spin_up_Al16_adjacent.tiff,04_VASP_analysis/diff_density_publication_data/figures/subfigures/single_panel/spin_up_Al16_adjacent.tiff,144586,eacc212b9e6d095bd690c2e09da78e784eb4521c00e216d571c9f3a0358b8a28
04_reaction_density/diff_density_publication_data/figures/subfigures/single_panel/spin_up_undoped_control.pdf,04_VASP_analysis/diff_density_publication_data/figures/subfigures/single_panel/spin_up_undoped_control.pdf,94077,a3fc9c2130d60d31732806e615c6f7187276b61d18591829aeffadb113c587e9
04_reaction_density/diff_density_publication_data/figures/subfigures/single_panel/spin_up_undoped_control.png,04_VASP_analysis/diff_density_publication_data/figures/subfigures/single_panel/spin_up_undoped_control.png,162568,a5c44f3e9ef00a092f9d78f8dd5059948c7c7cce85f860675d1880bd8cf0aef2
04_reaction_density/diff_density_publication_data/figures/subfigures/single_panel/spin_up_undoped_control.svg,04_VASP_analysis/diff_density_publication_data/figures/subfigures/single_panel/spin_up_undoped_control.svg,409563,17a996b84fa55667781d512b4269478d2b47f67c33f54c6c78ee8f83edb01ff3
04_reaction_density/diff_density_publication_data/figures/subfigures/single_panel/spin_up_undoped_control.tiff,04_VASP_analysis/diff_density_publication_data/figures/subfigures/single_panel/spin_up_undoped_control.tiff,167414,3106890d3c4669d98bed608d73e3de1bf1be387c2f2a3a7536927bc5947ea02e
04_reaction_density/diff_density_publication_data/local_sphere_annotations/DELIVERY.md,04_VASP_analysis/diff_density_publication_data/local_sphere_annotations/DELIVERY.md,1649,9e5c1716a136b4fa80656f393a630ec0ca25a7bfa910b4d95408159e2cb8400e
04_reaction_density/diff_density_publication_data/local_sphere_annotations/README.md,04_VASP_analysis/diff_density_publication_data/local_sphere_annotations/README.md,489,ac5c1ebf43ae088b5b83be21b37696a6cbaf3469583187f8908a90c816282bdb
04_reaction_density/diff_density_publication_data/local_sphere_annotations/four_map_same_source.png,04_VASP_analysis/diff_density_publication_data/local_sphere_annotations/four_map_same_source.png,850694,bfca324ac232b9048cf9732f61515abdd151ecaee4a5cfb021e1951ec3f86cf8
04_reaction_density/diff_density_publication_data/local_sphere_annotations/single_panel/charge_density_Al16_adjacent.pdf,04_VASP_analysis/diff_density_publication_data/local_sphere_annotations/single_panel/charge_density_Al16_adjacent.pdf,134012,736b8b559ebf2dfc8fe962a6efa3bf7ecdfb288b430e7c8dc00bc1d8145e6c7c
04_reaction_density/diff_density_publication_data/local_sphere_annotations/single_panel/charge_density_Al16_adjacent.png,04_VASP_analysis/diff_density_publication_data/local_sphere_annotations/single_panel/charge_density_Al16_adjacent.png,251522,f388dc5b03d7f01db615c0bc94b4018c3f458c163229b86014e2c87caaaafb64
04_reaction_density/diff_density_publication_data/local_sphere_annotations/single_panel/charge_density_Al16_adjacent.svg,04_VASP_analysis/diff_density_publication_data/local_sphere_annotations/single_panel/charge_density_Al16_adjacent.svg,584310,1c82f6577e9a1b4a186dfede49d30ddceb12684e62fbc607f9b8feb79e9d30b9
04_reaction_density/diff_density_publication_data/local_sphere_annotations/single_panel/charge_density_Al16_adjacent.tiff,04_VASP_analysis/diff_density_publication_data/local_sphere_annotations/single_panel/charge_density_Al16_adjacent.tiff,259330,a684a377dfb6f3943abc5c30874f5dddba0f010e010adc08b0050dd2b18aba02
04_reaction_density/diff_density_publication_data/local_sphere_annotations/single_panel/charge_density_undoped_control.pdf,04_VASP_analysis/diff_density_publication_data/local_sphere_annotations/single_panel/charge_density_undoped_control.pdf,146206,035ea8fa52369dbd603f46e7ef237cb2365b878f5ae3713e7b71c1ed83e81276
04_reaction_density/diff_density_publication_data/local_sphere_annotations/single_panel/charge_density_undoped_control.png,04_VASP_analysis/diff_density_publication_data/local_sphere_annotations/single_panel/charge_density_undoped_control.png,272609,9b76005fa7e6129738e45933072ad9e5224489724d0d49d56ffe14aa73799f04
04_reaction_density/diff_density_publication_data/local_sphere_annotations/single_panel/charge_density_undoped_control.svg,04_VASP_analysis/diff_density_publication_data/local_sphere_annotations/single_panel/charge_density_undoped_control.svg,640969,e74ba033e3d3e221167b0ad4bbdedf441f448817cd55f87195ea511493fef542
04_reaction_density/diff_density_publication_data/local_sphere_annotations/single_panel/charge_density_undoped_control.tiff,04_VASP_analysis/diff_density_publication_data/local_sphere_annotations/single_panel/charge_density_undoped_control.tiff,273266,13c0640e8d48848c8d43d8f919e8e762b1aa2f965e07b6f6c2d3dcfec47e2696
04_reaction_density/diff_density_publication_data/local_sphere_annotations/single_panel/magnetization_Al16_adjacent.pdf,04_VASP_analysis/diff_density_publication_data/local_sphere_annotations/single_panel/magnetization_Al16_adjacent.pdf,106575,56fab21af7c334b8b0c4a77cd04b62e8279fce67f5556ade620810dffeaef085
04_reaction_density/diff_density_publication_data/local_sphere_annotations/single_panel/magnetization_Al16_adjacent.png,04_VASP_analysis/diff_density_publication_data/local_sphere_annotations/single_panel/magnetization_Al16_adjacent.png,231589,8029c9e7ba19e8a81a8b4706f0ffc1f2202fdfd2b73e9e88d82cc396beb70108
04_reaction_density/diff_density_publication_data/local_sphere_annotations/single_panel/magnetization_Al16_adjacent.svg,04_VASP_analysis/diff_density_publication_data/local_sphere_annotations/single_panel/magnetization_Al16_adjacent.svg,438205,2eafe721a55423189677f70e5defb5e5fb0313c9849f37d58b2263f706f137c9
04_reaction_density/diff_density_publication_data/local_sphere_annotations/single_panel/magnetization_Al16_adjacent.tiff,04_VASP_analysis/diff_density_publication_data/local_sphere_annotations/single_panel/magnetization_Al16_adjacent.tiff,240704,0b330de1d618e90721eacdcff1ae074d0beb80ccef1c66e406a86ef507434700
04_reaction_density/diff_density_publication_data/local_sphere_annotations/single_panel/magnetization_undoped_control.pdf,04_VASP_analysis/diff_density_publication_data/local_sphere_annotations/single_panel/magnetization_undoped_control.pdf,109846,d53d642e756f05f0e99354ac88cffb2391607f99970cacdb35a716da818c642c
04_reaction_density/diff_density_publication_data/local_sphere_annotations/single_panel/magnetization_undoped_control.png,04_VASP_analysis/diff_density_publication_data/local_sphere_annotations/single_panel/magnetization_undoped_control.png,233998,6f20c31abcd96e385291acd53de7605be54557e5fdf738f6c5ef5959d4b7b858
04_reaction_density/diff_density_publication_data/local_sphere_annotations/single_panel/magnetization_undoped_control.svg,04_VASP_analysis/diff_density_publication_data/local_sphere_annotations/single_panel/magnetization_undoped_control.svg,457118,7cb4e51d6d71f92b18b92c82eea4275424d6d4b7ecbc52a8c186d38b748f71a8
04_reaction_density/diff_density_publication_data/local_sphere_annotations/single_panel/magnetization_undoped_control.tiff,04_VASP_analysis/diff_density_publication_data/local_sphere_annotations/single_panel/magnetization_undoped_control.tiff,242416,b5388f04c1a77270f2eb21aeb3c7c008c7b99d1d2375fb76adfdbfb448f77a7f
04_reaction_density/diff_density_publication_data/local_sphere_annotations/single_panel/spin_down_Al16_adjacent.pdf,04_VASP_analysis/diff_density_publication_data/local_sphere_annotations/single_panel/spin_down_Al16_adjacent.pdf,120671,5ed730677c1baee2ec9ed58a91aef89be2a1e5768604fee424bdfba62afc0d65
04_reaction_density/diff_density_publication_data/local_sphere_annotations/single_panel/spin_down_Al16_adjacent.png,04_VASP_analysis/diff_density_publication_data/local_sphere_annotations/single_panel/spin_down_Al16_adjacent.png,249974,65a149d52265a2d21a97e981c2325450b067a514f0721549f5809978f88a82bb
04_reaction_density/diff_density_publication_data/local_sphere_annotations/single_panel/spin_down_Al16_adjacent.svg,04_VASP_analysis/diff_density_publication_data/local_sphere_annotations/single_panel/spin_down_Al16_adjacent.svg,521881,62e789d70fdc7810c35875b95b2ed891730dec8ae0f1fb82e0dc6421954886b1
04_reaction_density/diff_density_publication_data/local_sphere_annotations/single_panel/spin_down_Al16_adjacent.tiff,04_VASP_analysis/diff_density_publication_data/local_sphere_annotations/single_panel/spin_down_Al16_adjacent.tiff,256966,1793ea3880ce4a105038236227b925017b255818e48a249a4bf36ead2df25939
04_reaction_density/diff_density_publication_data/local_sphere_annotations/single_panel/spin_down_undoped_control.pdf,04_VASP_analysis/diff_density_publication_data/local_sphere_annotations/single_panel/spin_down_undoped_control.pdf,120650,aa9cfe62a2533ef537c898154f72066865808c56d6c50a7366ff1702ce6655c0
04_reaction_density/diff_density_publication_data/local_sphere_annotations/single_panel/spin_down_undoped_control.png,04_VASP_analysis/diff_density_publication_data/local_sphere_annotations/single_panel/spin_down_undoped_control.png,250588,c25ce1bfac95b5b93ae6d9cdd6d565d283c590bde66143daf936f818be64346f
04_reaction_density/diff_density_publication_data/local_sphere_annotations/single_panel/spin_down_undoped_control.svg,04_VASP_analysis/diff_density_publication_data/local_sphere_annotations/single_panel/spin_down_undoped_control.svg,523612,a30f3c96b7d713e304cd10222f09577fd8acbf526449d67958866ec52142007c
04_reaction_density/diff_density_publication_data/local_sphere_annotations/single_panel/spin_down_undoped_control.tiff,04_VASP_analysis/diff_density_publication_data/local_sphere_annotations/single_panel/spin_down_undoped_control.tiff,257952,a135d7d1e28112d9fcb4c43c8d6bd67d010f24c37585cc7c515c342b7ad70976
04_reaction_density/diff_density_publication_data/local_sphere_annotations/single_panel/spin_up_Al16_adjacent.pdf,04_VASP_analysis/diff_density_publication_data/local_sphere_annotations/single_panel/spin_up_Al16_adjacent.pdf,79090,11b6a8fe48fb39a1320c337ad8b9b85bba6954fd6cc65b9e1305ccb64915ae9c
04_reaction_density/diff_density_publication_data/local_sphere_annotations/single_panel/spin_up_Al16_adjacent.png,04_VASP_analysis/diff_density_publication_data/local_sphere_annotations/single_panel/spin_up_Al16_adjacent.png,196672,74060e66f1b73cbd6280acb0b9fc554e7754f4a40608273853c6f44062e71dbb
04_reaction_density/diff_density_publication_data/local_sphere_annotations/single_panel/spin_up_Al16_adjacent.svg,04_VASP_analysis/diff_density_publication_data/local_sphere_annotations/single_panel/spin_up_Al16_adjacent.svg,326658,409f05d4e7dcb987662fb6b05cd8133d1b38367f519d593ba6bc49bfc34b848a
04_reaction_density/diff_density_publication_data/local_sphere_annotations/single_panel/spin_up_Al16_adjacent.tiff,04_VASP_analysis/diff_density_publication_data/local_sphere_annotations/single_panel/spin_up_Al16_adjacent.tiff,213136,2181016f5cb81e5f32ddfbf3bcdad3a6c1b94858ae857cb8fc3efe23964ce9a5
04_reaction_density/diff_density_publication_data/local_sphere_annotations/single_panel/spin_up_undoped_control.pdf,04_VASP_analysis/diff_density_publication_data/local_sphere_annotations/single_panel/spin_up_undoped_control.pdf,108486,1d0fe0f0181a2323068f02fafcc74fe78de68da0d96863c28e6b33e95037df99
04_reaction_density/diff_density_publication_data/local_sphere_annotations/single_panel/spin_up_undoped_control.png,04_VASP_analysis/diff_density_publication_data/local_sphere_annotations/single_panel/spin_up_undoped_control.png,234384,529d607c398950370a14297aeabf7566239e7a10c0f1f6f3822216c64cf48020
04_reaction_density/diff_density_publication_data/local_sphere_annotations/single_panel/spin_up_undoped_control.svg,04_VASP_analysis/diff_density_publication_data/local_sphere_annotations/single_panel/spin_up_undoped_control.svg,464044,53cd0f3aa9b32a954896bd19ce0097fc437a3aab0b1692e3b10b8b5b242b7e52
04_reaction_density/diff_density_publication_data/local_sphere_annotations/single_panel/spin_up_undoped_control.tiff,04_VASP_analysis/diff_density_publication_data/local_sphere_annotations/single_panel/spin_up_undoped_control.tiff,242492,b64b3b160414bfdba6b043f1a2a4159ccaf2eb1cc2b1f4783bb8943eea509de7
04_reaction_density/diff_density_publication_data/local_sphere_annotations/source_hashes.tsv,04_VASP_analysis/diff_density_publication_data/local_sphere_annotations/source_hashes.tsv,707,2fde620bb773a263b903b7fb2e259621105ae632888c9a27d4b1e7aab413f7c4
04_reaction_density/diff_density_publication_data/local_sphere_annotations/sphere_integrals.tsv,04_VASP_analysis/diff_density_publication_data/local_sphere_annotations/sphere_integrals.tsv,3071,b1c71d219ba6480172265c66b7b745d0e44b38381726cf23495d01e4ad85bd97
04_reaction_density/diff_density_publication_data/magnetization/source_data/Al16_adjacent.tsv,04_VASP_analysis/diff_density_publication_data/magnetization/source_data/Al16_adjacent.tsv,1048606,efb295955b3e1cc7ba73c00686a928a3785cc8c470f5ded632450b110006a43d
04_reaction_density/diff_density_publication_data/magnetization/source_data/undoped_control.tsv,04_VASP_analysis/diff_density_publication_data/magnetization/source_data/undoped_control.tsv,1048606,cfe353df1f77ef34c28b20312c4dc5aea8d99004c50001f2f7b3236a54e18e13
04_reaction_density/diff_density_publication_data/mapping/atom_overlay.tsv,04_VASP_analysis/diff_density_publication_data/mapping/atom_overlay.tsv,312,8ff7b434e488e801fe805abab4fe54f56ffcc5a19a6fa8980066f6cd5df100e5
04_reaction_density/diff_density_publication_data/mapping/slice_definition.tsv,04_VASP_analysis/diff_density_publication_data/mapping/slice_definition.tsv,473,64a82c13fb04dc83cf4120b434fd0d360eacacc951b94e9c25fffaab1b986441
04_reaction_density/diff_density_publication_data/mapping/state_mapping.tsv,04_VASP_analysis/diff_density_publication_data/mapping/state_mapping.tsv,356,30721737a5c70de030dc633874741a404deb7976ec3fc070e26e4bc53428a80d
04_reaction_density/diff_density_publication_data/source_manifest.tsv,04_VASP_analysis/diff_density_publication_data/source_manifest.tsv,2819,8b279bb0170a124a5ebd391e6618918c6f9584270b7f4c1f1223a49aa6c020cf
04_reaction_density/diff_density_publication_data/spin_down/source_data/Al16_adjacent.tsv,04_VASP_analysis/diff_density_publication_data/spin_down/source_data/Al16_adjacent.tsv,1048606,61ffcfd8c18e3ceb1aa0dc8d835c467d7ea41be743403a0c4993aa18cbd05d45
04_reaction_density/diff_density_publication_data/spin_down/source_data/undoped_control.tsv,04_VASP_analysis/diff_density_publication_data/spin_down/source_data/undoped_control.tsv,1048606,0128c8af17f6725b873f6e7c3457e06c20d37a93f8de04fd4a8ee579a9bed42d
04_reaction_density/diff_density_publication_data/spin_up/source_data/Al16_adjacent.tsv,04_VASP_analysis/diff_density_publication_data/spin_up/source_data/Al16_adjacent.tsv,1048606,a75d2289421e08e77a8106ffaa361d1f90afd62315b30ae336d560fa85002b97
04_reaction_density/diff_density_publication_data/spin_up/source_data/undoped_control.tsv,04_VASP_analysis/diff_density_publication_data/spin_up/source_data/undoped_control.tsv,1048606,cbef45dcb17a91f857dae5ae0d5c94327b96c461867313510b15a969a7673be2
05_structures/cp2k_baseline_inputs/cp2k_Al16_OH_baseline.inp,archive_20260910/02_DFT_CP2K/validated_sources/cp2k_Al16_OH_baseline.inp,19862,11904ad7dda13c66a4d025fff3c316ae7ac45a6058ae5d462c6cb90ee3311cbe
05_structures/cp2k_baseline_inputs/cp2k_Al16_O_baseline.inp,archive_20260910/02_DFT_CP2K/validated_sources/cp2k_Al16_O_baseline.inp,19793,d907487aadef529f9e457c9c56f61bae0d93a567727376ee96c8e8a8cb376179
05_structures/cp2k_baseline_inputs/cp2k_undoped_OH_baseline.inp,archive_20260910/02_DFT_CP2K/validated_sources/cp2k_undoped_OH_baseline.inp,22385,744d6be0ba46e539a340380f093840356f3d9a3e7b7358e4ce171e60643f9d76
05_structures/cp2k_baseline_inputs/cp2k_undoped_O_baseline.inp,archive_20260910/02_DFT_CP2K/validated_sources/cp2k_undoped_O_baseline.inp,22299,1131e9ef1aa1cd32a8a844191a54259dea0a9a81641f92412a4e600d70531930
05_structures/key_structures/Al16_O.cif,structures/key_structures/Al16_O.cif,13622,1d72fbe098478aca45ebbd19708bb18c7cde5635200c255ebc0f6f658805d1ba
05_structures/key_structures/Al16_OH.cif,structures/key_structures/Al16_OH.cif,13683,047e7b8b298a44676ccb1aceaec0c1add65effa83d8cd6c87d80ebf1f448a799
05_structures/key_structures/README.md,structures/key_structures/README.md,1520,45d7b52e853c6dcb90a4a13800200e310fae5f6d3b5cb158844ec05116063af2
05_structures/key_structures/pristine_O.cif,structures/key_structures/pristine_O.cif,13629,5b9c0b37244d03e8d287e2294d81d29f3a6d1b4c46c0b33751e23f3bd2eaf0ea
05_structures/key_structures/pristine_OH.cif,structures/key_structures/pristine_OH.cif,13690,06c2dbc4d6bbdf821cf714b4ddc0e89d6c9a4d46ae806856eafb1b665e3ff3b4
98_project_context/FIGURE_DELIVERY_MANIFEST.csv,manuscript/theory_figure_package/FIGURE_DELIVERY_MANIFEST.csv,3453,66325629b762fd3a958f5e290266784972bf441fcf5270adeb6bacc2eed5e36d
98_project_context/FINAL_THEORY_AUDIT_20260917.md,00_project_management/FINAL_THEORY_AUDIT_20260917.md,13365,b2fd5baff9bbcf298dfeda72894a93214b2645878efe57d911f7adfebd01180d
98_project_context/THEORY_CLAIM_EVIDENCE_MAP.md,manuscript/THEORY_CLAIM_EVIDENCE_MAP.md,2079,dd78127dbd9160bbbf47d6ec5707e3e211af0a1198e9b9e04ec3366263e3b134
98_project_context/THEORY_RESULT_INVENTORY.md,00_project_management/THEORY_RESULT_INVENTORY.md,9614,0a887f95fa0a2fbef90b64ced74a66fee3c7becf200c3bef7704f5b44445fd99
98_project_context/unresolved_questions.md,00_project_management/unresolved_questions.md,3283,f2bde5e18c12360d415ec6573ea672b36e76503cb4b4fc34355fd996d86d7916
