system	state	spin	E_EF_eV	minusCOHP	minusICOHP
pristine_OH	*OH	up	-15.03759000	-0.00000000	3.01129000
pristine_OH	*OH	up	-14.98747000	-0.00000000	3.01129000
pristine_OH	*OH	up	-14.93734000	-0.00000000	3.01129000
pristine_OH	*OH	up	-14.88722000	-0.00000000	3.01129000
pristine_OH	*OH	up	-14.83709000	-0.00000000	3.01129000
pristine_OH	*OH	up	-14.78697000	-0.00000000	3.01129000
pristine_OH	*OH	up	-14.73684000	-0.00000000	3.01129000
pristine_OH	*OH	up	-14.68672000	-0.00000000	3.01129000
pristine_OH	*OH	up	-14.63659000	-0.00000000	3.01129000
pristine_OH	*OH	up	-14.58647000	-0.00000000	3.01129000
pristine_OH	*OH	up	-14.53634000	-0.00000000	3.01129000
pristine_OH	*OH	up	-14.48622000	-0.00000000	3.01129000
pristine_OH	*OH	up	-14.43609000	-0.00000000	3.01129000
pristine_OH	*OH	up	-14.38596000	-0.00000000	3.01129000
pristine_OH	*OH	up	-14.33584000	-0.00000000	3.01129000
pristine_OH	*OH	up	-14.28571000	-0.00000000	3.01129000
pristine_OH	*OH	up	-14.23559000	-0.00000000	3.01129000
pristine_OH	*OH	up	-14.18546000	-0.00000000	3.01129000
pristine_OH	*OH	up	-14.13534000	-0.00000000	3.01129000
pristine_OH	*OH	up	-14.08521000	-0.00000000	3.01129000
pristine_OH	*OH	up	-14.03509000	-0.00000000	3.01129000
pristine_OH	*OH	up	-13.98496000	-0.00000000	3.01129000
pristine_OH	*OH	up	-13.93484000	-0.00000000	3.01129000
pristine_OH	*OH	up	-13.88471000	-0.00000000	3.01129000
pristine_OH	*OH	up	-13.83459000	-0.00000000	3.01129000
pristine_OH	*OH	up	-13.78446000	-0.00000000	3.01129000
pristine_OH	*OH	up	-13.73434000	-0.00000000	3.01129000
pristine_OH	*OH	up	-13.68421000	-0.00000000	3.01129000
pristine_OH	*OH	up	-13.63409000	-0.00000000	3.01129000
pristine_OH	*OH	up	-13.58396000	-0.00000000	3.01129000
pristine_OH	*OH	up	-13.53383000	-0.00000000	3.01129000
pristine_OH	*OH	up	-13.48371000	-0.00000000	3.01129000
pristine_OH	*OH	up	-13.43358000	-0.00000000	3.01129000
pristine_OH	*OH	up	-13.38346000	-0.00000000	3.01129000
pristine_OH	*OH	up	-13.33333000	-0.00000000	3.01129000
pristine_OH	*OH	up	-13.28321000	-0.00000000	3.01129000
pristine_OH	*OH	up	-13.23308000	-0.00000000	3.01129000
pristine_OH	*OH	up	-13.18296000	-0.00000000	3.01129000
pristine_OH	*OH	up	-13.13283000	-0.00000000	3.01129000
pristine_OH	*OH	up	-13.08271000	-0.00000000	3.01129000
pristine_OH	*OH	up	-13.03258000	-0.00000000	3.01129000
pristine_OH	*OH	up	-12.98246000	-0.00000000	3.01129000
pristine_OH	*OH	up	-12.93233000	-0.00000000	3.01129000
pristine_OH	*OH	up	-12.88221000	-0.00000000	3.01129000
pristine_OH	*OH	up	-12.83208000	-0.00000000	3.01129000
pristine_OH	*OH	up	-12.78195000	-0.00000000	3.01129000
pristine_OH	*OH	up	-12.73183000	-0.00000000	3.01129000
pristine_OH	*OH	up	-12.68170000	-0.00000000	3.01129000
pristine_OH	*OH	up	-12.63158000	-0.00000000	3.01129000
pristine_OH	*OH	up	-12.58145000	-0.00000000	3.01129000
pristine_OH	*OH	up	-12.53133000	-0.00000000	3.01129000
pristine_OH	*OH	up	-12.48120000	-0.00000000	3.01129000
pristine_OH	*OH	up	-12.43108000	-0.00000000	3.01129000
pristine_OH	*OH	up	-12.38095000	-0.00000000	3.01129000
pristine_OH	*OH	up	-12.33083000	-0.00000000	3.01129000
pristine_OH	*OH	up	-12.28070000	-0.00000000	3.01129000
pristine_OH	*OH	up	-12.23058000	-0.00000000	3.01129000
pristine_OH	*OH	up	-12.18045000	-0.00000000	3.01129000
pristine_OH	*OH	up	-12.13033000	-0.00000000	3.01129000
pristine_OH	*OH	up	-12.08020000	-0.00000000	3.01129000
pristine_OH	*OH	up	-12.03008000	-0.00000000	3.01129000
pristine_OH	*OH	up	-11.97995000	-0.00000000	3.01129000
pristine_OH	*OH	up	-11.92982000	-0.00000000	3.01129000
pristine_OH	*OH	up	-11.87970000	-0.00000000	3.01129000
pristine_OH	*OH	up	-11.82957000	-0.00000000	3.01129000
pristine_OH	*OH	up	-11.77945000	-0.00000000	3.01129000
pristine_OH	*OH	up	-11.72932000	-0.00000000	3.01129000
pristine_OH	*OH	up	-11.67920000	-0.00000000	3.01129000
pristine_OH	*OH	up	-11.62907000	-0.00000000	3.01129000
pristine_OH	*OH	up	-11.57895000	-0.00000000	3.01129000
pristine_OH	*OH	up	-11.52882000	-0.00000000	3.01129000
pristine_OH	*OH	up	-11.47870000	-0.00000000	3.01129000
pristine_OH	*OH	up	-11.42857000	-0.00000000	3.01129000
pristine_OH	*OH	up	-11.37845000	-0.00000000	3.01129000
pristine_OH	*OH	up	-11.32832000	-0.00000000	3.01129000
pristine_OH	*OH	up	-11.27820000	-0.00000000	3.01129000
pristine_OH	*OH	up	-11.22807000	-0.00000000	3.01129000
pristine_OH	*OH	up	-11.17794000	-0.00000000	3.01129000
pristine_OH	*OH	up	-11.12782000	-0.00000000	3.01129000
pristine_OH	*OH	up	-11.07769000	-0.00000000	3.01129000
pristine_OH	*OH	up	-11.02757000	-0.00000000	3.01129000
pristine_OH	*OH	up	-10.97744000	-0.00000000	3.01129000
pristine_OH	*OH	up	-10.92732000	-0.00000000	3.01129000
pristine_OH	*OH	up	-10.87719000	-0.00000000	3.01129000
pristine_OH	*OH	up	-10.82707000	-0.00000000	3.01129000
pristine_OH	*OH	up	-10.77694000	-0.00000000	3.01129000
pristine_OH	*OH	up	-10.72682000	-0.00000000	3.01129000
pristine_OH	*OH	up	-10.67669000	-0.00000000	3.01129000
pristine_OH	*OH	up	-10.62657000	-0.00000000	3.01129000
pristine_OH	*OH	up	-10.57644000	-0.00000000	3.01129000
pristine_OH	*OH	up	-10.52632000	-0.00000000	3.01129000
pristine_OH	*OH	up	-10.47619000	-0.00000000	3.01129000
pristine_OH	*OH	up	-10.42607000	-0.00000000	3.01129000
pristine_OH	*OH	up	-10.37594000	-0.00000000	3.01129000
pristine_OH	*OH	up	-10.32581000	-0.00000000	3.01129000
pristine_OH	*OH	up	-10.27569000	-0.00000000	3.01129000
pristine_OH	*OH	up	-10.22556000	-0.00000000	3.01129000
pristine_OH	*OH	up	-10.17544000	-0.00000000	3.01129000
pristine_OH	*OH	up	-10.12531000	-0.00000000	3.01129000
pristine_OH	*OH	up	-10.07519000	-0.00000000	3.01129000
pristine_OH	*OH	up	-10.02506000	-0.00000000	3.01129000
pristine_OH	*OH	up	-9.97494000	-0.00000000	3.01129000
pristine_OH	*OH	up	-9.92481000	-0.00000000	3.01129000
pristine_OH	*OH	up	-9.87469000	-0.00000000	3.01129000
pristine_OH	*OH	up	-9.82456000	-0.00000000	3.01129000
pristine_OH	*OH	up	-9.77444000	-0.00000000	3.01129000
pristine_OH	*OH	up	-9.72431000	-0.00000000	3.01129000
pristine_OH	*OH	up	-9.67419000	-0.00000000	3.01129000
pristine_OH	*OH	up	-9.62406000	-0.00000000	3.01129000
pristine_OH	*OH	up	-9.57393000	-0.00000000	3.01129000
pristine_OH	*OH	up	-9.52381000	-0.00000000	3.01129000
pristine_OH	*OH	up	-9.47368000	-0.00000000	3.01129000
pristine_OH	*OH	up	-9.42356000	-0.00000000	3.01129000
pristine_OH	*OH	up	-9.37343000	-0.00000000	3.01129000
pristine_OH	*OH	up	-9.32331000	-0.00000000	3.01129000
pristine_OH	*OH	up	-9.27318000	-0.00000000	3.01129000
pristine_OH	*OH	up	-9.22306000	-0.00000000	3.01129000
pristine_OH	*OH	up	-9.17293000	-0.00000000	3.01129000
pristine_OH	*OH	up	-9.12281000	-0.00000000	3.01129000
pristine_OH	*OH	up	-9.07268000	-0.00000000	3.01129000
pristine_OH	*OH	up	-9.02256000	-0.00000000	3.01129000
pristine_OH	*OH	up	-8.97243000	-0.00000000	3.01129000
pristine_OH	*OH	up	-8.92231000	-0.00000000	3.01129000
pristine_OH	*OH	up	-8.87218000	-0.00000000	3.01129000
pristine_OH	*OH	up	-8.82206000	-0.00000000	3.01129000
pristine_OH	*OH	up	-8.77193000	-0.00000000	3.01129000
pristine_OH	*OH	up	-8.72180000	-0.00000000	3.01129000
pristine_OH	*OH	up	-8.67168000	-0.00000000	3.01129000
pristine_OH	*OH	up	-8.62155000	-0.00000000	3.01129000
pristine_OH	*OH	up	-8.57143000	-0.00000000	3.01129000
pristine_OH	*OH	up	-8.52130000	-0.00000000	3.01129000
pristine_OH	*OH	up	-8.47118000	-0.00000000	3.01129000
pristine_OH	*OH	up	-8.42105000	-0.00000000	3.01129000
pristine_OH	*OH	up	-8.37093000	-0.00000000	3.01129000
pristine_OH	*OH	up	-8.32080000	-0.00000000	3.01129000
pristine_OH	*OH	up	-8.27068000	-0.00000000	3.01129000
pristine_OH	*OH	up	-8.22055000	-0.00000000	3.01129000
pristine_OH	*OH	up	-8.17043000	-0.00000000	3.01129000
pristine_OH	*OH	up	-8.12030000	0.00000000	3.01129000
pristine_OH	*OH	up	-8.07018000	0.00000000	3.01129000
pristine_OH	*OH	up	-8.02005000	0.00001000	3.01129000
pristine_OH	*OH	up	-7.96992000	0.00029000	3.01130000
pristine_OH	*OH	up	-7.91980000	0.00167000	3.01139000
pristine_OH	*OH	up	-7.86967000	0.00268000	3.01152000
pristine_OH	*OH	up	-7.81955000	0.00328000	3.01169000
pristine_OH	*OH	up	-7.76942000	0.00662000	3.01202000
pristine_OH	*OH	up	-7.71930000	0.05095000	3.01457000
pristine_OH	*OH	up	-7.66917000	0.47268000	3.03827000
pristine_OH	*OH	up	-7.61905000	1.25897000	3.10137000
pristine_OH	*OH	up	-7.56892000	0.85466000	3.14421000
pristine_OH	*OH	up	-7.51880000	0.23593000	3.15604000
pristine_OH	*OH	up	-7.46867000	0.16676000	3.16440000
pristine_OH	*OH	up	-7.41855000	0.26416000	3.17764000
pristine_OH	*OH	up	-7.36842000	0.33280000	3.19432000
pristine_OH	*OH	up	-7.31830000	0.20663000	3.20468000
pristine_OH	*OH	up	-7.26817000	0.13082000	3.21123000
pristine_OH	*OH	up	-7.21805000	0.20224000	3.22137000
pristine_OH	*OH	up	-7.16792000	0.35866000	3.23935000
pristine_OH	*OH	up	-7.11779000	0.29273000	3.25402000
pristine_OH	*OH	up	-7.06767000	0.12521000	3.26030000
pristine_OH	*OH	up	-7.01754000	0.10682000	3.26565000
pristine_OH	*OH	up	-6.96742000	0.14399000	3.27287000
pristine_OH	*OH	up	-6.91729000	0.13784000	3.27978000
pristine_OH	*OH	up	-6.86717000	0.18379000	3.28899000
pristine_OH	*OH	up	-6.81704000	0.21846000	3.29994000
pristine_OH	*OH	up	-6.76692000	0.13991000	3.30696000
pristine_OH	*OH	up	-6.71679000	0.11216000	3.31258000
pristine_OH	*OH	up	-6.66667000	0.12498000	3.31884000
pristine_OH	*OH	up	-6.61654000	0.12582000	3.32515000
pristine_OH	*OH	up	-6.56642000	0.05788000	3.32805000
pristine_OH	*OH	up	-6.51629000	0.01709000	3.32891000
pristine_OH	*OH	up	-6.46617000	0.01241000	3.32953000
pristine_OH	*OH	up	-6.41604000	0.05161000	3.33212000
pristine_OH	*OH	up	-6.36591000	0.17961000	3.34112000
pristine_OH	*OH	up	-6.31579000	0.14644000	3.34846000
pristine_OH	*OH	up	-6.26566000	0.03003000	3.34996000
pristine_OH	*OH	up	-6.21554000	0.02125000	3.35103000
pristine_OH	*OH	up	-6.16541000	0.06248000	3.35416000
pristine_OH	*OH	up	-6.11529000	0.09212000	3.35878000
pristine_OH	*OH	up	-6.06516000	0.06396000	3.36199000
pristine_OH	*OH	up	-6.01504000	0.02763000	3.36337000
pristine_OH	*OH	up	-5.96491000	0.03987000	3.36537000
pristine_OH	*OH	up	-5.91479000	0.22511000	3.37665000
pristine_OH	*OH	up	-5.86466000	0.38470000	3.39594000
pristine_OH	*OH	up	-5.81454000	0.28895000	3.41042000
pristine_OH	*OH	up	-5.76441000	0.08151000	3.41451000
pristine_OH	*OH	up	-5.71429000	0.02224000	3.41562000
pristine_OH	*OH	up	-5.66416000	0.02844000	3.41705000
pristine_OH	*OH	up	-5.61404000	0.01992000	3.41804000
pristine_OH	*OH	up	-5.56391000	0.02975000	3.41954000
pristine_OH	*OH	up	-5.51378000	0.04421000	3.42175000
pristine_OH	*OH	up	-5.46366000	0.08886000	3.42621000
pristine_OH	*OH	up	-5.41353000	0.13925000	3.43318000
pristine_OH	*OH	up	-5.36341000	0.14584000	3.44050000
pristine_OH	*OH	up	-5.31328000	0.14004000	3.44751000
pristine_OH	*OH	up	-5.26316000	0.21363000	3.45822000
pristine_OH	*OH	up	-5.21303000	0.43863000	3.48021000
pristine_OH	*OH	up	-5.16291000	0.42330000	3.50143000
pristine_OH	*OH	up	-5.11278000	0.22100000	3.51251000
pristine_OH	*OH	up	-5.06266000	0.12474000	3.51876000
pristine_OH	*OH	up	-5.01253000	0.09703000	3.52362000
pristine_OH	*OH	up	-4.96241000	0.15060000	3.53117000
pristine_OH	*OH	up	-4.91228000	0.27277000	3.54484000
pristine_OH	*OH	up	-4.86216000	0.49062000	3.56944000
pristine_OH	*OH	up	-4.81203000	0.50946000	3.59497000
pristine_OH	*OH	up	-4.76190000	0.30398000	3.61021000
pristine_OH	*OH	up	-4.71178000	0.09394000	3.61492000
pristine_OH	*OH	up	-4.66165000	0.09388000	3.61962000
pristine_OH	*OH	up	-4.61153000	0.19083000	3.62919000
pristine_OH	*OH	up	-4.56140000	0.30056000	3.64426000
pristine_OH	*OH	up	-4.51128000	0.32892000	3.66074000
pristine_OH	*OH	up	-4.46115000	0.29003000	3.67528000
pristine_OH	*OH	up	-4.41103000	0.27758000	3.68919000
pristine_OH	*OH	up	-4.36090000	0.30526000	3.70450000
pristine_OH	*OH	up	-4.31078000	0.33878000	3.72148000
pristine_OH	*OH	up	-4.26065000	0.29442000	3.73624000
pristine_OH	*OH	up	-4.21053000	0.25550000	3.74904000
pristine_OH	*OH	up	-4.16040000	0.23863000	3.76100000
pristine_OH	*OH	up	-4.11028000	0.19124000	3.77059000
pristine_OH	*OH	up	-4.06015000	0.09643000	3.77542000
pristine_OH	*OH	up	-4.01003000	0.05601000	3.77823000
pristine_OH	*OH	up	-3.95990000	0.06679000	3.78158000
pristine_OH	*OH	up	-3.90977000	0.06142000	3.78466000
pristine_OH	*OH	up	-3.85965000	0.04301000	3.78681000
pristine_OH	*OH	up	-3.80952000	0.03165000	3.78840000
pristine_OH	*OH	up	-3.75940000	0.01992000	3.78940000
pristine_OH	*OH	up	-3.70927000	0.00695000	3.78975000
pristine_OH	*OH	up	-3.65915000	0.00401000	3.78995000
pristine_OH	*OH	up	-3.60902000	0.00754000	3.79032000
pristine_OH	*OH	up	-3.55890000	0.00217000	3.79043000
pristine_OH	*OH	up	-3.50877000	-0.02027000	3.78942000
pristine_OH	*OH	up	-3.45865000	-0.06295000	3.78626000
pristine_OH	*OH	up	-3.40852000	-0.05871000	3.78332000
pristine_OH	*OH	up	-3.35840000	-0.03347000	3.78164000
pristine_OH	*OH	up	-3.30827000	-0.01940000	3.78067000
pristine_OH	*OH	up	-3.25815000	-0.01540000	3.77990000
pristine_OH	*OH	up	-3.20802000	-0.00974000	3.77941000
pristine_OH	*OH	up	-3.15789000	-0.00278000	3.77927000
pristine_OH	*OH	up	-3.10777000	-0.00460000	3.77904000
pristine_OH	*OH	up	-3.05764000	-0.01096000	3.77849000
pristine_OH	*OH	up	-3.00752000	-0.00347000	3.77832000
pristine_OH	*OH	up	-2.95739000	0.00719000	3.77868000
pristine_OH	*OH	up	-2.90727000	-0.00419000	3.77847000
pristine_OH	*OH	up	-2.85714000	-0.01960000	3.77748000
pristine_OH	*OH	up	-2.80702000	-0.01749000	3.77661000
pristine_OH	*OH	up	-2.75689000	-0.00917000	3.77615000
pristine_OH	*OH	up	-2.70677000	-0.00437000	3.77593000
pristine_OH	*OH	up	-2.65664000	-0.00239000	3.77581000
pristine_OH	*OH	up	-2.60652000	-0.00095000	3.77576000
pristine_OH	*OH	up	-2.55639000	-0.00016000	3.77575000
pristine_OH	*OH	up	-2.50627000	0.00372000	3.77594000
pristine_OH	*OH	up	-2.45614000	0.00572000	3.77623000
pristine_OH	*OH	up	-2.40602000	0.00657000	3.77656000
pristine_OH	*OH	up	-2.35589000	0.00157000	3.77663000
pristine_OH	*OH	up	-2.30576000	-0.01094000	3.77609000
pristine_OH	*OH	up	-2.25564000	-0.01462000	3.77535000
pristine_OH	*OH	up	-2.20551000	-0.01449000	3.77463000
pristine_OH	*OH	up	-2.15539000	-0.01657000	3.77380000
pristine_OH	*OH	up	-2.10526000	-0.01914000	3.77284000
pristine_OH	*OH	up	-2.05514000	-0.01729000	3.77197000
pristine_OH	*OH	up	-2.00501000	-0.01644000	3.77115000
pristine_OH	*OH	up	-1.95489000	-0.01992000	3.77015000
pristine_OH	*OH	up	-1.90476000	-0.03127000	3.76858000
pristine_OH	*OH	up	-1.85464000	-0.03319000	3.76692000
pristine_OH	*OH	up	-1.80451000	-0.01442000	3.76619000
pristine_OH	*OH	up	-1.75439000	-0.01503000	3.76544000
pristine_OH	*OH	up	-1.70426000	-0.01615000	3.76463000
pristine_OH	*OH	up	-1.65414000	-0.00857000	3.76420000
pristine_OH	*OH	up	-1.60401000	-0.01060000	3.76367000
pristine_OH	*OH	up	-1.55388000	-0.01612000	3.76286000
pristine_OH	*OH	up	-1.50376000	-0.01068000	3.76233000
pristine_OH	*OH	up	-1.45363000	-0.00869000	3.76189000
pristine_OH	*OH	up	-1.40351000	-0.01680000	3.76105000
pristine_OH	*OH	up	-1.35338000	-0.02690000	3.75970000
pristine_OH	*OH	up	-1.30326000	-0.02512000	3.75844000
pristine_OH	*OH	up	-1.25313000	-0.02119000	3.75738000
pristine_OH	*OH	up	-1.20301000	-0.01289000	3.75673000
pristine_OH	*OH	up	-1.15288000	-0.00071000	3.75670000
pristine_OH	*OH	up	-1.10276000	-0.00713000	3.75634000
pristine_OH	*OH	up	-1.05263000	-0.01806000	3.75544000
pristine_OH	*OH	up	-1.00251000	-0.01346000	3.75476000
pristine_OH	*OH	up	-0.95238000	-0.01524000	3.75400000
pristine_OH	*OH	up	-0.90226000	-0.02184000	3.75290000
pristine_OH	*OH	up	-0.85213000	-0.02206000	3.75180000
pristine_OH	*OH	up	-0.80201000	-0.03320000	3.75013000
pristine_OH	*OH	up	-0.75188000	-0.05120000	3.74757000
pristine_OH	*OH	up	-0.70175000	-0.04852000	3.74513000
pristine_OH	*OH	up	-0.65163000	-0.02599000	3.74383000
pristine_OH	*OH	up	-0.60150000	-0.00655000	3.74350000
pristine_OH	*OH	up	-0.55138000	-0.00591000	3.74321000
pristine_OH	*OH	up	-0.50125000	-0.01122000	3.74264000
pristine_OH	*OH	up	-0.45113000	-0.01060000	3.74211000
pristine_OH	*OH	up	-0.40100000	-0.00755000	3.74173000
pristine_OH	*OH	up	-0.35088000	-0.01216000	3.74112000
pristine_OH	*OH	up	-0.30075000	-0.02561000	3.73984000
pristine_OH	*OH	up	-0.25063000	-0.04706000	3.73748000
pristine_OH	*OH	up	-0.20050000	-0.05769000	3.73459000
pristine_OH	*OH	up	-0.15038000	-0.06325000	3.73142000
pristine_OH	*OH	up	-0.10025000	-0.13347000	3.72473000
pristine_OH	*OH	up	-0.05013000	-0.21591000	3.71391000
pristine_OH	*OH	up	0.00000000	-0.13688000	3.70705000
pristine_OH	*OH	up	0.05013000	-0.03877000	3.70510000
pristine_OH	*OH	up	0.10025000	-0.00561000	3.70482000
pristine_OH	*OH	up	0.15038000	-0.00028000	3.70481000
pristine_OH	*OH	up	0.20050000	-0.00000000	3.70481000
pristine_OH	*OH	up	0.25063000	-0.00000000	3.70481000
pristine_OH	*OH	up	0.30075000	-0.00000000	3.70481000
pristine_OH	*OH	up	0.35088000	-0.00002000	3.70481000
pristine_OH	*OH	up	0.40100000	-0.00018000	3.70480000
pristine_OH	*OH	up	0.45113000	-0.00041000	3.70478000
pristine_OH	*OH	up	0.50125000	-0.00030000	3.70476000
pristine_OH	*OH	up	0.55138000	-0.00016000	3.70475000
pristine_OH	*OH	up	0.60150000	-0.00004000	3.70475000
pristine_OH	*OH	up	0.65163000	-0.00000000	3.70475000
pristine_OH	*OH	up	0.70175000	-0.00000000	3.70475000
pristine_OH	*OH	up	0.75188000	-0.00000000	3.70475000
pristine_OH	*OH	up	0.80201000	-0.00000000	3.70475000
pristine_OH	*OH	up	0.85213000	-0.00000000	3.70475000
pristine_OH	*OH	up	0.90226000	-0.00000000	3.70475000
pristine_OH	*OH	up	0.95238000	-0.00000000	3.70475000
pristine_OH	*OH	up	1.00251000	-0.00000000	3.70475000
pristine_OH	*OH	up	1.05263000	-0.00000000	3.70475000
pristine_OH	*OH	up	1.10276000	-0.00000000	3.70475000
pristine_OH	*OH	up	1.15288000	-0.00000000	3.70475000
pristine_OH	*OH	up	1.20301000	-0.00000000	3.70475000
pristine_OH	*OH	up	1.25313000	-0.00000000	3.70475000
pristine_OH	*OH	up	1.30326000	-0.00000000	3.70475000
pristine_OH	*OH	up	1.35338000	-0.00000000	3.70475000
pristine_OH	*OH	up	1.40351000	-0.00000000	3.70475000
pristine_OH	*OH	up	1.45363000	-0.00000000	3.70475000
pristine_OH	*OH	up	1.50376000	-0.00000000	3.70475000
pristine_OH	*OH	up	1.55388000	-0.00000000	3.70475000
pristine_OH	*OH	up	1.60401000	-0.00000000	3.70475000
pristine_OH	*OH	up	1.65414000	-0.00000000	3.70475000
pristine_OH	*OH	up	1.70426000	-0.00000000	3.70475000
pristine_OH	*OH	up	1.75439000	-0.00000000	3.70475000
pristine_OH	*OH	up	1.80451000	-0.00000000	3.70475000
pristine_OH	*OH	up	1.85464000	-0.00000000	3.70475000
pristine_OH	*OH	up	1.90476000	-0.00000000	3.70475000
pristine_OH	*OH	up	1.95489000	-0.00000000	3.70475000
pristine_OH	*OH	up	2.00501000	-0.00000000	3.70475000
pristine_OH	*OH	up	2.05514000	-0.00000000	3.70475000
pristine_OH	*OH	up	2.10526000	-0.00000000	3.70475000
pristine_OH	*OH	up	2.15539000	-0.00000000	3.70475000
pristine_OH	*OH	up	2.20551000	-0.00000000	3.70475000
pristine_OH	*OH	up	2.25564000	-0.00000000	3.70475000
pristine_OH	*OH	up	2.30576000	-0.00000000	3.70475000
pristine_OH	*OH	up	2.35589000	-0.00000000	3.70475000
pristine_OH	*OH	up	2.40602000	-0.00000000	3.70475000
pristine_OH	*OH	up	2.45614000	-0.00000000	3.70475000
pristine_OH	*OH	up	2.50627000	-0.00000000	3.70475000
pristine_OH	*OH	up	2.55639000	-0.00000000	3.70475000
pristine_OH	*OH	up	2.60652000	-0.00000000	3.70475000
pristine_OH	*OH	up	2.65664000	-0.00000000	3.70475000
pristine_OH	*OH	up	2.70677000	-0.00000000	3.70475000
pristine_OH	*OH	up	2.75689000	-0.00003000	3.70475000
pristine_OH	*OH	up	2.80702000	-0.00201000	3.70465000
pristine_OH	*OH	up	2.85714000	-0.02605000	3.70334000
pristine_OH	*OH	up	2.90727000	-0.06999000	3.69984000
pristine_OH	*OH	up	2.95739000	-0.09521000	3.69506000
pristine_OH	*OH	up	3.00752000	-0.10983000	3.68956000
pristine_OH	*OH	up	3.05764000	-0.05509000	3.68680000
pristine_OH	*OH	up	3.10777000	-0.00866000	3.68636000
pristine_OH	*OH	up	3.15789000	-0.03942000	3.68439000
pristine_OH	*OH	up	3.20802000	-0.18934000	3.67490000
pristine_OH	*OH	up	3.25815000	-0.19687000	3.66503000
pristine_OH	*OH	up	3.30827000	-0.11937000	3.65904000
pristine_OH	*OH	up	3.35840000	-0.23077000	3.64748000
pristine_OH	*OH	up	3.40852000	-0.34227000	3.63032000
pristine_OH	*OH	up	3.45865000	-0.23958000	3.61831000
pristine_OH	*OH	up	3.50877000	-0.11346000	3.61262000
pristine_OH	*OH	up	3.55890000	-0.31117000	3.59703000
pristine_OH	*OH	up	3.60902000	-0.56015000	3.56895000
pristine_OH	*OH	up	3.65915000	-0.46912000	3.54543000
pristine_OH	*OH	up	3.70927000	-0.29711000	3.53054000
pristine_OH	*OH	up	3.75940000	-0.36649000	3.51217000
pristine_OH	*OH	up	3.80952000	-0.34125000	3.49506000
pristine_OH	*OH	up	3.85965000	-0.15555000	3.48727000
pristine_OH	*OH	up	3.90977000	-0.33563000	3.47044000
pristine_OH	*OH	up	3.95990000	-0.51243000	3.44476000
pristine_OH	*OH	up	4.01003000	-0.67251000	3.41105000
pristine_OH	*OH	up	4.06015000	-0.89750000	3.36606000
pristine_OH	*OH	up	4.11028000	-0.54897000	3.33854000
pristine_OH	*OH	up	4.16040000	-0.73220000	3.30184000
pristine_OH	*OH	up	4.21053000	-0.71683000	3.26591000
pristine_OH	*OH	up	4.26065000	-0.52409000	3.23964000
pristine_OH	*OH	up	4.31078000	-0.70129000	3.20449000
pristine_OH	*OH	up	4.36090000	-0.55824000	3.17651000
pristine_OH	*OH	up	4.41103000	-0.54270000	3.14930000
pristine_OH	*OH	up	4.46115000	-0.43745000	3.12738000
pristine_OH	*OH	up	4.51128000	-0.26191000	3.11425000
pristine_OH	*OH	up	4.56140000	-0.49531000	3.08942000
pristine_OH	*OH	up	4.61153000	-0.71675000	3.05349000
pristine_OH	*OH	up	4.66165000	-0.67820000	3.01950000
pristine_OH	*OH	up	4.71178000	-0.59001000	2.98992000
pristine_OH	*OH	up	4.76190000	-0.51799000	2.96396000
pristine_OH	*OH	up	4.81203000	-0.50494000	2.93865000
pristine_OH	*OH	up	4.86216000	-0.84251000	2.89642000
pristine_OH	*OH	up	4.91228000	-0.69710000	2.86148000
pristine_OH	*OH	up	4.96241000	-0.39895000	2.84148000
pristine_OH	*OH	up	5.01253000	-0.45645000	2.81860000
pristine_OH	*OH	down	-15.03759000	-0.00000000	3.05837000
pristine_OH	*OH	down	-14.98747000	-0.00000000	3.05837000
pristine_OH	*OH	down	-14.93734000	-0.00000000	3.05837000
pristine_OH	*OH	down	-14.88722000	-0.00000000	3.05837000
pristine_OH	*OH	down	-14.83709000	-0.00000000	3.05837000
pristine_OH	*OH	down	-14.78697000	-0.00000000	3.05837000
pristine_OH	*OH	down	-14.73684000	-0.00000000	3.05837000
pristine_OH	*OH	down	-14.68672000	-0.00000000	3.05837000
pristine_OH	*OH	down	-14.63659000	-0.00000000	3.05837000
pristine_OH	*OH	down	-14.58647000	-0.00000000	3.05837000
pristine_OH	*OH	down	-14.53634000	-0.00000000	3.05837000
pristine_OH	*OH	down	-14.48622000	-0.00000000	3.05837000
pristine_OH	*OH	down	-14.43609000	-0.00000000	3.05837000
pristine_OH	*OH	down	-14.38596000	-0.00000000	3.05837000
pristine_OH	*OH	down	-14.33584000	-0.00000000	3.05837000
pristine_OH	*OH	down	-14.28571000	-0.00000000	3.05837000
pristine_OH	*OH	down	-14.23559000	-0.00000000	3.05837000
pristine_OH	*OH	down	-14.18546000	-0.00000000	3.05837000
pristine_OH	*OH	down	-14.13534000	-0.00000000	3.05837000
pristine_OH	*OH	down	-14.08521000	-0.00000000	3.05837000
pristine_OH	*OH	down	-14.03509000	-0.00000000	3.05837000
pristine_OH	*OH	down	-13.98496000	-0.00000000	3.05837000
pristine_OH	*OH	down	-13.93484000	-0.00000000	3.05837000
pristine_OH	*OH	down	-13.88471000	-0.00000000	3.05837000
pristine_OH	*OH	down	-13.83459000	-0.00000000	3.05837000
pristine_OH	*OH	down	-13.78446000	-0.00000000	3.05837000
pristine_OH	*OH	down	-13.73434000	-0.00000000	3.05837000
pristine_OH	*OH	down	-13.68421000	-0.00000000	3.05837000
pristine_OH	*OH	down	-13.63409000	-0.00000000	3.05837000
pristine_OH	*OH	down	-13.58396000	-0.00000000	3.05837000
pristine_OH	*OH	down	-13.53383000	-0.00000000	3.05837000
pristine_OH	*OH	down	-13.48371000	-0.00000000	3.05837000
pristine_OH	*OH	down	-13.43358000	-0.00000000	3.05837000
pristine_OH	*OH	down	-13.38346000	-0.00000000	3.05837000
pristine_OH	*OH	down	-13.33333000	-0.00000000	3.05837000
pristine_OH	*OH	down	-13.28321000	-0.00000000	3.05837000
pristine_OH	*OH	down	-13.23308000	-0.00000000	3.05837000
pristine_OH	*OH	down	-13.18296000	-0.00000000	3.05837000
pristine_OH	*OH	down	-13.13283000	-0.00000000	3.05837000
pristine_OH	*OH	down	-13.08271000	-0.00000000	3.05837000
pristine_OH	*OH	down	-13.03258000	-0.00000000	3.05837000
pristine_OH	*OH	down	-12.98246000	-0.00000000	3.05837000
pristine_OH	*OH	down	-12.93233000	-0.00000000	3.05837000
pristine_OH	*OH	down	-12.88221000	-0.00000000	3.05837000
pristine_OH	*OH	down	-12.83208000	-0.00000000	3.05837000
pristine_OH	*OH	down	-12.78195000	-0.00000000	3.05837000
pristine_OH	*OH	down	-12.73183000	-0.00000000	3.05837000
pristine_OH	*OH	down	-12.68170000	-0.00000000	3.05837000
pristine_OH	*OH	down	-12.63158000	-0.00000000	3.05837000
pristine_OH	*OH	down	-12.58145000	-0.00000000	3.05837000
pristine_OH	*OH	down	-12.53133000	-0.00000000	3.05837000
pristine_OH	*OH	down	-12.48120000	-0.00000000	3.05837000
pristine_OH	*OH	down	-12.43108000	-0.00000000	3.05837000
pristine_OH	*OH	down	-12.38095000	-0.00000000	3.05837000
pristine_OH	*OH	down	-12.33083000	-0.00000000	3.05837000
pristine_OH	*OH	down	-12.28070000	-0.00000000	3.05837000
pristine_OH	*OH	down	-12.23058000	-0.00000000	3.05837000
pristine_OH	*OH	down	-12.18045000	-0.00000000	3.05837000
pristine_OH	*OH	down	-12.13033000	-0.00000000	3.05837000
pristine_OH	*OH	down	-12.08020000	-0.00000000	3.05837000
pristine_OH	*OH	down	-12.03008000	-0.00000000	3.05837000
pristine_OH	*OH	down	-11.97995000	-0.00000000	3.05837000
pristine_OH	*OH	down	-11.92982000	-0.00000000	3.05837000
pristine_OH	*OH	down	-11.87970000	-0.00000000	3.05837000
pristine_OH	*OH	down	-11.82957000	-0.00000000	3.05837000
pristine_OH	*OH	down	-11.77945000	-0.00000000	3.05837000
pristine_OH	*OH	down	-11.72932000	-0.00000000	3.05837000
pristine_OH	*OH	down	-11.67920000	-0.00000000	3.05837000
pristine_OH	*OH	down	-11.62907000	-0.00000000	3.05837000
pristine_OH	*OH	down	-11.57895000	-0.00000000	3.05837000
pristine_OH	*OH	down	-11.52882000	-0.00000000	3.05837000
pristine_OH	*OH	down	-11.47870000	-0.00000000	3.05837000
pristine_OH	*OH	down	-11.42857000	-0.00000000	3.05837000
pristine_OH	*OH	down	-11.37845000	-0.00000000	3.05837000
pristine_OH	*OH	down	-11.32832000	-0.00000000	3.05837000
pristine_OH	*OH	down	-11.27820000	-0.00000000	3.05837000
pristine_OH	*OH	down	-11.22807000	-0.00000000	3.05837000
pristine_OH	*OH	down	-11.17794000	-0.00000000	3.05837000
pristine_OH	*OH	down	-11.12782000	-0.00000000	3.05837000
pristine_OH	*OH	down	-11.07769000	-0.00000000	3.05837000
pristine_OH	*OH	down	-11.02757000	-0.00000000	3.05837000
pristine_OH	*OH	down	-10.97744000	-0.00000000	3.05837000
pristine_OH	*OH	down	-10.92732000	-0.00000000	3.05837000
pristine_OH	*OH	down	-10.87719000	-0.00000000	3.05837000
pristine_OH	*OH	down	-10.82707000	-0.00000000	3.05837000
pristine_OH	*OH	down	-10.77694000	-0.00000000	3.05837000
pristine_OH	*OH	down	-10.72682000	-0.00000000	3.05837000
pristine_OH	*OH	down	-10.67669000	-0.00000000	3.05837000
pristine_OH	*OH	down	-10.62657000	-0.00000000	3.05837000
pristine_OH	*OH	down	-10.57644000	-0.00000000	3.05837000
pristine_OH	*OH	down	-10.52632000	-0.00000000	3.05837000
pristine_OH	*OH	down	-10.47619000	-0.00000000	3.05837000
pristine_OH	*OH	down	-10.42607000	-0.00000000	3.05837000
pristine_OH	*OH	down	-10.37594000	-0.00000000	3.05837000
pristine_OH	*OH	down	-10.32581000	-0.00000000	3.05837000
pristine_OH	*OH	down	-10.27569000	-0.00000000	3.05837000
pristine_OH	*OH	down	-10.22556000	-0.00000000	3.05837000
pristine_OH	*OH	down	-10.17544000	-0.00000000	3.05837000
pristine_OH	*OH	down	-10.12531000	-0.00000000	3.05837000
pristine_OH	*OH	down	-10.07519000	-0.00000000	3.05837000
pristine_OH	*OH	down	-10.02506000	-0.00000000	3.05837000
pristine_OH	*OH	down	-9.97494000	-0.00000000	3.05837000
pristine_OH	*OH	down	-9.92481000	-0.00000000	3.05837000
pristine_OH	*OH	down	-9.87469000	-0.00000000	3.05837000
pristine_OH	*OH	down	-9.82456000	-0.00000000	3.05837000
pristine_OH	*OH	down	-9.77444000	-0.00000000	3.05837000
pristine_OH	*OH	down	-9.72431000	-0.00000000	3.05837000
pristine_OH	*OH	down	-9.67419000	-0.00000000	3.05837000
pristine_OH	*OH	down	-9.62406000	-0.00000000	3.05837000
pristine_OH	*OH	down	-9.57393000	-0.00000000	3.05837000
pristine_OH	*OH	down	-9.52381000	-0.00000000	3.05837000
pristine_OH	*OH	down	-9.47368000	-0.00000000	3.05837000
pristine_OH	*OH	down	-9.42356000	-0.00000000	3.05837000
pristine_OH	*OH	down	-9.37343000	-0.00000000	3.05837000
pristine_OH	*OH	down	-9.32331000	-0.00000000	3.05837000
pristine_OH	*OH	down	-9.27318000	-0.00000000	3.05837000
pristine_OH	*OH	down	-9.22306000	-0.00000000	3.05837000
pristine_OH	*OH	down	-9.17293000	-0.00000000	3.05837000
pristine_OH	*OH	down	-9.12281000	-0.00000000	3.05837000
pristine_OH	*OH	down	-9.07268000	-0.00000000	3.05837000
pristine_OH	*OH	down	-9.02256000	-0.00000000	3.05837000
pristine_OH	*OH	down	-8.97243000	-0.00000000	3.05837000
pristine_OH	*OH	down	-8.92231000	-0.00000000	3.05837000
pristine_OH	*OH	down	-8.87218000	-0.00000000	3.05837000
pristine_OH	*OH	down	-8.82206000	-0.00000000	3.05837000
pristine_OH	*OH	down	-8.77193000	-0.00000000	3.05837000
pristine_OH	*OH	down	-8.72180000	-0.00000000	3.05837000
pristine_OH	*OH	down	-8.67168000	-0.00000000	3.05837000
pristine_OH	*OH	down	-8.62155000	-0.00000000	3.05837000
pristine_OH	*OH	down	-8.57143000	-0.00000000	3.05837000
pristine_OH	*OH	down	-8.52130000	-0.00000000	3.05837000
pristine_OH	*OH	down	-8.47118000	-0.00000000	3.05837000
pristine_OH	*OH	down	-8.42105000	-0.00000000	3.05837000
pristine_OH	*OH	down	-8.37093000	-0.00000000	3.05837000
pristine_OH	*OH	down	-8.32080000	-0.00000000	3.05837000
pristine_OH	*OH	down	-8.27068000	-0.00000000	3.05837000
pristine_OH	*OH	down	-8.22055000	-0.00000000	3.05837000
pristine_OH	*OH	down	-8.17043000	-0.00000000	3.05837000
pristine_OH	*OH	down	-8.12030000	-0.00000000	3.05837000
pristine_OH	*OH	down	-8.07018000	-0.00000000	3.05837000
pristine_OH	*OH	down	-8.02005000	-0.00000000	3.05837000
pristine_OH	*OH	down	-7.96992000	0.00000000	3.05837000
pristine_OH	*OH	down	-7.91980000	0.00000000	3.05837000
pristine_OH	*OH	down	-7.86967000	0.00000000	3.05837000
pristine_OH	*OH	down	-7.81955000	0.00000000	3.05837000
pristine_OH	*OH	down	-7.76942000	0.00030000	3.05838000
pristine_OH	*OH	down	-7.71930000	0.00334000	3.05855000
pristine_OH	*OH	down	-7.66917000	0.00887000	3.05899000
pristine_OH	*OH	down	-7.61905000	0.01090000	3.05954000
pristine_OH	*OH	down	-7.56892000	0.01152000	3.06012000
pristine_OH	*OH	down	-7.51880000	0.00636000	3.06044000
pristine_OH	*OH	down	-7.46867000	0.00560000	3.06072000
pristine_OH	*OH	down	-7.41855000	0.01015000	3.06123000
pristine_OH	*OH	down	-7.36842000	0.00967000	3.06171000
pristine_OH	*OH	down	-7.31830000	0.01142000	3.06228000
pristine_OH	*OH	down	-7.26817000	0.01700000	3.06313000
pristine_OH	*OH	down	-7.21805000	0.01750000	3.06401000
pristine_OH	*OH	down	-7.16792000	0.03139000	3.06559000
pristine_OH	*OH	down	-7.11779000	0.03374000	3.06728000
pristine_OH	*OH	down	-7.06767000	0.02030000	3.06829000
pristine_OH	*OH	down	-7.01754000	0.01667000	3.06913000
pristine_OH	*OH	down	-6.96742000	0.01889000	3.07008000
pristine_OH	*OH	down	-6.91729000	0.01946000	3.07105000
pristine_OH	*OH	down	-6.86717000	0.03112000	3.07261000
pristine_OH	*OH	down	-6.81704000	0.10248000	3.07775000
pristine_OH	*OH	down	-6.76692000	0.21690000	3.08862000
pristine_OH	*OH	down	-6.71679000	0.22255000	3.09978000
pristine_OH	*OH	down	-6.66667000	0.19228000	3.10941000
pristine_OH	*OH	down	-6.61654000	0.12638000	3.11575000
pristine_OH	*OH	down	-6.56642000	0.08441000	3.11998000
pristine_OH	*OH	down	-6.51629000	0.09110000	3.12455000
pristine_OH	*OH	down	-6.46617000	0.09159000	3.12914000
pristine_OH	*OH	down	-6.41604000	0.13758000	3.13603000
pristine_OH	*OH	down	-6.36591000	0.18699000	3.14541000
pristine_OH	*OH	down	-6.31579000	0.17226000	3.15404000
pristine_OH	*OH	down	-6.26566000	0.19034000	3.16358000
pristine_OH	*OH	down	-6.21554000	0.17908000	3.17256000
pristine_OH	*OH	down	-6.16541000	0.12867000	3.17901000
pristine_OH	*OH	down	-6.11529000	0.04800000	3.18142000
pristine_OH	*OH	down	-6.06516000	0.01487000	3.18216000
pristine_OH	*OH	down	-6.01504000	0.01725000	3.18303000
pristine_OH	*OH	down	-5.96491000	0.09771000	3.18792000
pristine_OH	*OH	down	-5.91479000	0.23942000	3.19992000
pristine_OH	*OH	down	-5.86466000	0.30405000	3.21517000
pristine_OH	*OH	down	-5.81454000	0.30776000	3.23059000
pristine_OH	*OH	down	-5.76441000	0.24680000	3.24296000
pristine_OH	*OH	down	-5.71429000	0.16351000	3.25116000
pristine_OH	*OH	down	-5.66416000	0.11726000	3.25704000
pristine_OH	*OH	down	-5.61404000	0.09307000	3.26170000
pristine_OH	*OH	down	-5.56391000	0.14061000	3.26875000
pristine_OH	*OH	down	-5.51378000	0.18007000	3.27778000
pristine_OH	*OH	down	-5.46366000	0.23377000	3.28949000
pristine_OH	*OH	down	-5.41353000	1.57727000	3.36855000
pristine_OH	*OH	down	-5.36341000	4.38570000	3.58839000
pristine_OH	*OH	down	-5.31328000	2.29705000	3.70353000
pristine_OH	*OH	down	-5.26316000	0.21272000	3.71419000
pristine_OH	*OH	down	-5.21303000	0.00432000	3.71441000
pristine_OH	*OH	down	-5.16291000	0.04531000	3.71668000
pristine_OH	*OH	down	-5.11278000	0.30731000	3.73208000
pristine_OH	*OH	down	-5.06266000	0.38119000	3.75119000
pristine_OH	*OH	down	-5.01253000	0.08825000	3.75561000
pristine_OH	*OH	down	-4.96241000	0.00363000	3.75580000
pristine_OH	*OH	down	-4.91228000	0.00003000	3.75580000
pristine_OH	*OH	down	-4.86216000	0.00000000	3.75580000
pristine_OH	*OH	down	-4.81203000	0.00000000	3.75580000
pristine_OH	*OH	down	-4.76190000	0.00000000	3.75580000
pristine_OH	*OH	down	-4.71178000	0.00000000	3.75580000
pristine_OH	*OH	down	-4.66165000	0.00001000	3.75580000
pristine_OH	*OH	down	-4.61153000	0.00023000	3.75581000
pristine_OH	*OH	down	-4.56140000	0.00116000	3.75587000
pristine_OH	*OH	down	-4.51128000	0.00687000	3.75621000
pristine_OH	*OH	down	-4.46115000	0.02423000	3.75743000
pristine_OH	*OH	down	-4.41103000	0.02897000	3.75888000
pristine_OH	*OH	down	-4.36090000	0.01732000	3.75975000
pristine_OH	*OH	down	-4.31078000	0.00810000	3.76015000
pristine_OH	*OH	down	-4.26065000	0.00236000	3.76027000
pristine_OH	*OH	down	-4.21053000	0.00372000	3.76046000
pristine_OH	*OH	down	-4.16040000	0.00858000	3.76089000
pristine_OH	*OH	down	-4.11028000	0.00322000	3.76105000
pristine_OH	*OH	down	-4.06015000	-0.01810000	3.76014000
pristine_OH	*OH	down	-4.01003000	-0.04628000	3.75782000
pristine_OH	*OH	down	-3.95990000	-0.03632000	3.75600000
pristine_OH	*OH	down	-3.90977000	-0.00279000	3.75586000
pristine_OH	*OH	down	-3.85965000	0.01862000	3.75679000
pristine_OH	*OH	down	-3.80952000	0.00120000	3.75685000
pristine_OH	*OH	down	-3.75940000	-0.00793000	3.75646000
pristine_OH	*OH	down	-3.70927000	0.00880000	3.75690000
pristine_OH	*OH	down	-3.65915000	0.01892000	3.75785000
pristine_OH	*OH	down	-3.60902000	0.01625000	3.75866000
pristine_OH	*OH	down	-3.55890000	0.02102000	3.75972000
pristine_OH	*OH	down	-3.50877000	0.06868000	3.76316000
pristine_OH	*OH	down	-3.45865000	0.09817000	3.76808000
pristine_OH	*OH	down	-3.40852000	0.04734000	3.77045000
pristine_OH	*OH	down	-3.35840000	0.02248000	3.77158000
pristine_OH	*OH	down	-3.30827000	0.01302000	3.77223000
pristine_OH	*OH	down	-3.25815000	0.00857000	3.77266000
pristine_OH	*OH	down	-3.20802000	0.00699000	3.77301000
pristine_OH	*OH	down	-3.15789000	0.00326000	3.77317000
pristine_OH	*OH	down	-3.10777000	-0.00278000	3.77304000
pristine_OH	*OH	down	-3.05764000	-0.01494000	3.77229000
pristine_OH	*OH	down	-3.00752000	-0.03652000	3.77046000
pristine_OH	*OH	down	-2.95739000	-0.07014000	3.76694000
pristine_OH	*OH	down	-2.90727000	-0.12868000	3.76049000
pristine_OH	*OH	down	-2.85714000	-0.12121000	3.75441000
pristine_OH	*OH	down	-2.80702000	-0.05445000	3.75168000
pristine_OH	*OH	down	-2.75689000	-0.01384000	3.75099000
pristine_OH	*OH	down	-2.70677000	-0.01132000	3.75042000
pristine_OH	*OH	down	-2.65664000	-0.02012000	3.74942000
pristine_OH	*OH	down	-2.60652000	-0.01495000	3.74867000
pristine_OH	*OH	down	-2.55639000	-0.00509000	3.74841000
pristine_OH	*OH	down	-2.50627000	0.00990000	3.74891000
pristine_OH	*OH	down	-2.45614000	0.01499000	3.74966000
pristine_OH	*OH	down	-2.40602000	0.00427000	3.74987000
pristine_OH	*OH	down	-2.35589000	-0.00053000	3.74985000
pristine_OH	*OH	down	-2.30576000	0.00761000	3.75023000
pristine_OH	*OH	down	-2.25564000	0.01383000	3.75092000
pristine_OH	*OH	down	-2.20551000	0.01359000	3.75160000
pristine_OH	*OH	down	-2.15539000	0.01356000	3.75228000
pristine_OH	*OH	down	-2.10526000	0.02979000	3.75377000
pristine_OH	*OH	down	-2.05514000	0.06626000	3.75710000
pristine_OH	*OH	down	-2.00501000	0.09807000	3.76201000
pristine_OH	*OH	down	-1.95489000	0.07422000	3.76573000
pristine_OH	*OH	down	-1.90476000	0.04093000	3.76778000
pristine_OH	*OH	down	-1.85464000	0.02206000	3.76889000
pristine_OH	*OH	down	-1.80451000	0.00854000	3.76932000
pristine_OH	*OH	down	-1.75439000	0.00763000	3.76970000
pristine_OH	*OH	down	-1.70426000	0.00995000	3.77020000
pristine_OH	*OH	down	-1.65414000	0.00624000	3.77051000
pristine_OH	*OH	down	-1.60401000	0.00491000	3.77076000
pristine_OH	*OH	down	-1.55388000	0.00484000	3.77100000
pristine_OH	*OH	down	-1.50376000	0.00411000	3.77121000
pristine_OH	*OH	down	-1.45363000	0.00055000	3.77123000
pristine_OH	*OH	down	-1.40351000	-0.00070000	3.77120000
pristine_OH	*OH	down	-1.35338000	-0.00089000	3.77115000
pristine_OH	*OH	down	-1.30326000	-0.00319000	3.77099000
pristine_OH	*OH	down	-1.25313000	-0.02023000	3.76998000
pristine_OH	*OH	down	-1.20301000	-0.03538000	3.76821000
pristine_OH	*OH	down	-1.15288000	-0.02409000	3.76700000
pristine_OH	*OH	down	-1.10276000	-0.02611000	3.76569000
pristine_OH	*OH	down	-1.05263000	-0.05727000	3.76282000
pristine_OH	*OH	down	-1.00251000	-0.07405000	3.75911000
pristine_OH	*OH	down	-0.95238000	-0.05729000	3.75624000
pristine_OH	*OH	down	-0.90226000	-0.05260000	3.75360000
pristine_OH	*OH	down	-0.85213000	-0.04808000	3.75119000
pristine_OH	*OH	down	-0.80201000	-0.01904000	3.75023000
pristine_OH	*OH	down	-0.75188000	-0.01109000	3.74968000
pristine_OH	*OH	down	-0.70175000	-0.00561000	3.74940000
pristine_OH	*OH	down	-0.65163000	-0.00100000	3.74935000
pristine_OH	*OH	down	-0.60150000	-0.00006000	3.74934000
pristine_OH	*OH	down	-0.55138000	0.00034000	3.74936000
pristine_OH	*OH	down	-0.50125000	0.00014000	3.74937000
pristine_OH	*OH	down	-0.45113000	-0.00001000	3.74937000
pristine_OH	*OH	down	-0.40100000	-0.00003000	3.74937000
pristine_OH	*OH	down	-0.35088000	-0.00001000	3.74937000
pristine_OH	*OH	down	-0.30075000	-0.00000000	3.74937000
pristine_OH	*OH	down	-0.25063000	-0.00000000	3.74937000
pristine_OH	*OH	down	-0.20050000	-0.00028000	3.74935000
pristine_OH	*OH	down	-0.15038000	-0.00438000	3.74913000
pristine_OH	*OH	down	-0.10025000	-0.01177000	3.74854000
pristine_OH	*OH	down	-0.05013000	-0.00575000	3.74825000
pristine_OH	*OH	down	0.00000000	-0.00050000	3.74823000
pristine_OH	*OH	down	0.05013000	-0.00001000	3.74823000
pristine_OH	*OH	down	0.10025000	-0.00000000	3.74823000
pristine_OH	*OH	down	0.15038000	-0.00000000	3.74823000
pristine_OH	*OH	down	0.20050000	-0.00000000	3.74823000
pristine_OH	*OH	down	0.25063000	-0.00000000	3.74823000
pristine_OH	*OH	down	0.30075000	-0.00000000	3.74823000
pristine_OH	*OH	down	0.35088000	-0.00000000	3.74823000
pristine_OH	*OH	down	0.40100000	-0.00000000	3.74823000
pristine_OH	*OH	down	0.45113000	-0.00000000	3.74823000
pristine_OH	*OH	down	0.50125000	-0.00000000	3.74823000
pristine_OH	*OH	down	0.55138000	-0.00000000	3.74823000
pristine_OH	*OH	down	0.60150000	-0.00000000	3.74823000
pristine_OH	*OH	down	0.65163000	-0.00000000	3.74823000
pristine_OH	*OH	down	0.70175000	-0.00000000	3.74823000
pristine_OH	*OH	down	0.75188000	-0.00000000	3.74823000
pristine_OH	*OH	down	0.80201000	-0.00000000	3.74823000
pristine_OH	*OH	down	0.85213000	-0.00000000	3.74823000
pristine_OH	*OH	down	0.90226000	-0.00000000	3.74823000
pristine_OH	*OH	down	0.95238000	-0.00000000	3.74823000
pristine_OH	*OH	down	1.00251000	-0.00000000	3.74823000
pristine_OH	*OH	down	1.05263000	-0.00000000	3.74823000
pristine_OH	*OH	down	1.10276000	-0.00000000	3.74823000
pristine_OH	*OH	down	1.15288000	-0.00000000	3.74823000
pristine_OH	*OH	down	1.20301000	0.00000000	3.74823000
pristine_OH	*OH	down	1.25313000	-0.00000000	3.74823000
pristine_OH	*OH	down	1.30326000	-0.00000000	3.74823000
pristine_OH	*OH	down	1.35338000	-0.00000000	3.74823000
pristine_OH	*OH	down	1.40351000	-0.00009000	3.74822000
pristine_OH	*OH	down	1.45363000	-0.00120000	3.74816000
pristine_OH	*OH	down	1.50376000	-0.03161000	3.74658000
pristine_OH	*OH	down	1.55388000	-0.24284000	3.73441000
pristine_OH	*OH	down	1.60401000	-0.44963000	3.71187000
pristine_OH	*OH	down	1.65414000	-0.26962000	3.69835000
pristine_OH	*OH	down	1.70426000	-0.04670000	3.69601000
pristine_OH	*OH	down	1.75439000	-0.00192000	3.69592000
pristine_OH	*OH	down	1.80451000	-0.00012000	3.69591000
pristine_OH	*OH	down	1.85464000	-0.00018000	3.69590000
pristine_OH	*OH	down	1.90476000	-0.00828000	3.69549000
pristine_OH	*OH	down	1.95489000	-0.08316000	3.69132000
pristine_OH	*OH	down	2.00501000	-0.22000000	3.68029000
pristine_OH	*OH	down	2.05514000	-0.15853000	3.67234000
pristine_OH	*OH	down	2.10526000	-0.03288000	3.67070000
pristine_OH	*OH	down	2.15539000	-0.00381000	3.67051000
pristine_OH	*OH	down	2.20551000	-0.00081000	3.67046000
pristine_OH	*OH	down	2.25564000	-0.00035000	3.67045000
pristine_OH	*OH	down	2.30576000	-0.00003000	3.67045000
pristine_OH	*OH	down	2.35589000	-0.00000000	3.67045000
pristine_OH	*OH	down	2.40602000	-0.00000000	3.67045000
pristine_OH	*OH	down	2.45614000	-0.00000000	3.67045000
pristine_OH	*OH	down	2.50627000	-0.00000000	3.67045000
pristine_OH	*OH	down	2.55639000	-0.00000000	3.67045000
pristine_OH	*OH	down	2.60652000	-0.00000000	3.67045000
pristine_OH	*OH	down	2.65664000	-0.00000000	3.67045000
pristine_OH	*OH	down	2.70677000	-0.00000000	3.67045000
pristine_OH	*OH	down	2.75689000	-0.00000000	3.67045000
pristine_OH	*OH	down	2.80702000	-0.00002000	3.67044000
pristine_OH	*OH	down	2.85714000	-0.00081000	3.67040000
pristine_OH	*OH	down	2.90727000	-0.01334000	3.66974000
pristine_OH	*OH	down	2.95739000	-0.06034000	3.66671000
pristine_OH	*OH	down	3.00752000	-0.09077000	3.66216000
pristine_OH	*OH	down	3.05764000	-0.10985000	3.65665000
pristine_OH	*OH	down	3.10777000	-0.07626000	3.65283000
pristine_OH	*OH	down	3.15789000	-0.01841000	3.65191000
pristine_OH	*OH	down	3.20802000	-0.04444000	3.64968000
pristine_OH	*OH	down	3.25815000	-0.17324000	3.64100000
pristine_OH	*OH	down	3.30827000	-0.17156000	3.63240000
pristine_OH	*OH	down	3.35840000	-0.16781000	3.62399000
pristine_OH	*OH	down	3.40852000	-0.31656000	3.60812000
pristine_OH	*OH	down	3.45865000	-0.31827000	3.59217000
pristine_OH	*OH	down	3.50877000	-0.33507000	3.57537000
pristine_OH	*OH	down	3.55890000	-0.42725000	3.55395000
pristine_OH	*OH	down	3.60902000	-0.36446000	3.53569000
pristine_OH	*OH	down	3.65915000	-0.20711000	3.52530000
pristine_OH	*OH	down	3.70927000	-0.12635000	3.51897000
pristine_OH	*OH	down	3.75940000	-0.18394000	3.50975000
pristine_OH	*OH	down	3.80952000	-0.39102000	3.49015000
pristine_OH	*OH	down	3.85965000	-0.47172000	3.46651000
pristine_OH	*OH	down	3.90977000	-0.50170000	3.44136000
pristine_OH	*OH	down	3.95990000	-0.76316000	3.40310000
pristine_OH	*OH	down	4.01003000	-0.58102000	3.37398000
pristine_OH	*OH	down	4.06015000	-0.47204000	3.35032000
pristine_OH	*OH	down	4.11028000	-0.51228000	3.32464000
pristine_OH	*OH	down	4.16040000	-0.54796000	3.29717000
pristine_OH	*OH	down	4.21053000	-0.57891000	3.26816000
pristine_OH	*OH	down	4.26065000	-0.40171000	3.24802000
pristine_OH	*OH	down	4.31078000	-0.37144000	3.22940000
pristine_OH	*OH	down	4.36090000	-0.55904000	3.20138000
pristine_OH	*OH	down	4.41103000	-0.67058000	3.16777000
pristine_OH	*OH	down	4.46115000	-0.56769000	3.13931000
pristine_OH	*OH	down	4.51128000	-0.40364000	3.11908000
pristine_OH	*OH	down	4.56140000	-0.29786000	3.10415000
pristine_OH	*OH	down	4.61153000	-0.29030000	3.08960000
pristine_OH	*OH	down	4.66165000	-0.43551000	3.06777000
pristine_OH	*OH	down	4.71178000	-0.61521000	3.03693000
pristine_OH	*OH	down	4.76190000	-0.71540000	3.00107000
pristine_OH	*OH	down	4.81203000	-0.57584000	2.97221000
pristine_OH	*OH	down	4.86216000	-0.67491000	2.93837000
pristine_OH	*OH	down	4.91228000	-0.57388000	2.90961000
pristine_OH	*OH	down	4.96241000	-0.46454000	2.88632000
pristine_OH	*OH	down	5.01253000	-0.62087000	2.85520000
Al16_OH	*OH	up	-15.03759000	-0.00000000	3.00503000
Al16_OH	*OH	up	-14.98747000	-0.00000000	3.00503000
Al16_OH	*OH	up	-14.93734000	-0.00000000	3.00503000
Al16_OH	*OH	up	-14.88722000	-0.00000000	3.00503000
Al16_OH	*OH	up	-14.83709000	-0.00000000	3.00503000
Al16_OH	*OH	up	-14.78697000	-0.00000000	3.00503000
Al16_OH	*OH	up	-14.73684000	-0.00000000	3.00503000
Al16_OH	*OH	up	-14.68672000	-0.00000000	3.00503000
Al16_OH	*OH	up	-14.63659000	-0.00000000	3.00503000
Al16_OH	*OH	up	-14.58647000	-0.00000000	3.00503000
Al16_OH	*OH	up	-14.53634000	-0.00000000	3.00503000
Al16_OH	*OH	up	-14.48622000	-0.00000000	3.00503000
Al16_OH	*OH	up	-14.43609000	-0.00000000	3.00503000
Al16_OH	*OH	up	-14.38596000	-0.00000000	3.00503000
Al16_OH	*OH	up	-14.33584000	-0.00000000	3.00503000
Al16_OH	*OH	up	-14.28571000	-0.00000000	3.00503000
Al16_OH	*OH	up	-14.23559000	-0.00000000	3.00503000
Al16_OH	*OH	up	-14.18546000	-0.00000000	3.00503000
Al16_OH	*OH	up	-14.13534000	-0.00000000	3.00503000
Al16_OH	*OH	up	-14.08521000	-0.00000000	3.00503000
Al16_OH	*OH	up	-14.03509000	-0.00000000	3.00503000
Al16_OH	*OH	up	-13.98496000	-0.00000000	3.00503000
Al16_OH	*OH	up	-13.93484000	-0.00000000	3.00503000
Al16_OH	*OH	up	-13.88471000	-0.00000000	3.00503000
Al16_OH	*OH	up	-13.83459000	-0.00000000	3.00503000
Al16_OH	*OH	up	-13.78446000	-0.00000000	3.00503000
Al16_OH	*OH	up	-13.73434000	-0.00000000	3.00503000
Al16_OH	*OH	up	-13.68421000	-0.00000000	3.00503000
Al16_OH	*OH	up	-13.63409000	-0.00000000	3.00503000
Al16_OH	*OH	up	-13.58396000	-0.00000000	3.00503000
Al16_OH	*OH	up	-13.53383000	-0.00000000	3.00503000
Al16_OH	*OH	up	-13.48371000	-0.00000000	3.00503000
Al16_OH	*OH	up	-13.43358000	-0.00000000	3.00503000
Al16_OH	*OH	up	-13.38346000	-0.00000000	3.00503000
Al16_OH	*OH	up	-13.33333000	-0.00000000	3.00503000
Al16_OH	*OH	up	-13.28321000	-0.00000000	3.00503000
Al16_OH	*OH	up	-13.23308000	-0.00000000	3.00503000
Al16_OH	*OH	up	-13.18296000	-0.00000000	3.00503000
Al16_OH	*OH	up	-13.13283000	-0.00000000	3.00503000
Al16_OH	*OH	up	-13.08271000	-0.00000000	3.00503000
Al16_OH	*OH	up	-13.03258000	-0.00000000	3.00503000
Al16_OH	*OH	up	-12.98246000	-0.00000000	3.00503000
Al16_OH	*OH	up	-12.93233000	-0.00000000	3.00503000
Al16_OH	*OH	up	-12.88221000	-0.00000000	3.00503000
Al16_OH	*OH	up	-12.83208000	-0.00000000	3.00503000
Al16_OH	*OH	up	-12.78195000	-0.00000000	3.00503000
Al16_OH	*OH	up	-12.73183000	-0.00000000	3.00503000
Al16_OH	*OH	up	-12.68170000	-0.00000000	3.00503000
Al16_OH	*OH	up	-12.63158000	-0.00000000	3.00503000
Al16_OH	*OH	up	-12.58145000	-0.00000000	3.00503000
Al16_OH	*OH	up	-12.53133000	-0.00000000	3.00503000
Al16_OH	*OH	up	-12.48120000	-0.00000000	3.00503000
Al16_OH	*OH	up	-12.43108000	-0.00000000	3.00503000
Al16_OH	*OH	up	-12.38095000	-0.00000000	3.00503000
Al16_OH	*OH	up	-12.33083000	-0.00000000	3.00503000
Al16_OH	*OH	up	-12.28070000	-0.00000000	3.00503000
Al16_OH	*OH	up	-12.23058000	-0.00000000	3.00503000
Al16_OH	*OH	up	-12.18045000	-0.00000000	3.00503000
Al16_OH	*OH	up	-12.13033000	-0.00000000	3.00503000
Al16_OH	*OH	up	-12.08020000	-0.00000000	3.00503000
Al16_OH	*OH	up	-12.03008000	-0.00000000	3.00503000
Al16_OH	*OH	up	-11.97995000	-0.00000000	3.00503000
Al16_OH	*OH	up	-11.92982000	-0.00000000	3.00503000
Al16_OH	*OH	up	-11.87970000	-0.00000000	3.00503000
Al16_OH	*OH	up	-11.82957000	-0.00000000	3.00503000
Al16_OH	*OH	up	-11.77945000	-0.00000000	3.00503000
Al16_OH	*OH	up	-11.72932000	-0.00000000	3.00503000
Al16_OH	*OH	up	-11.67920000	-0.00000000	3.00503000
Al16_OH	*OH	up	-11.62907000	-0.00000000	3.00503000
Al16_OH	*OH	up	-11.57895000	-0.00000000	3.00503000
Al16_OH	*OH	up	-11.52882000	-0.00000000	3.00503000
Al16_OH	*OH	up	-11.47870000	-0.00000000	3.00503000
Al16_OH	*OH	up	-11.42857000	-0.00000000	3.00503000
Al16_OH	*OH	up	-11.37845000	-0.00000000	3.00503000
Al16_OH	*OH	up	-11.32832000	-0.00000000	3.00503000
Al16_OH	*OH	up	-11.27820000	-0.00000000	3.00503000
Al16_OH	*OH	up	-11.22807000	-0.00000000	3.00503000
Al16_OH	*OH	up	-11.17794000	-0.00000000	3.00503000
Al16_OH	*OH	up	-11.12782000	-0.00000000	3.00503000
Al16_OH	*OH	up	-11.07769000	-0.00000000	3.00503000
Al16_OH	*OH	up	-11.02757000	-0.00000000	3.00503000
Al16_OH	*OH	up	-10.97744000	-0.00000000	3.00503000
Al16_OH	*OH	up	-10.92732000	-0.00000000	3.00503000
Al16_OH	*OH	up	-10.87719000	-0.00000000	3.00503000
Al16_OH	*OH	up	-10.82707000	-0.00000000	3.00503000
Al16_OH	*OH	up	-10.77694000	-0.00000000	3.00503000
Al16_OH	*OH	up	-10.72682000	-0.00000000	3.00503000
Al16_OH	*OH	up	-10.67669000	-0.00000000	3.00503000
Al16_OH	*OH	up	-10.62657000	-0.00000000	3.00503000
Al16_OH	*OH	up	-10.57644000	-0.00000000	3.00503000
Al16_OH	*OH	up	-10.52632000	-0.00000000	3.00503000
Al16_OH	*OH	up	-10.47619000	-0.00000000	3.00503000
Al16_OH	*OH	up	-10.42607000	-0.00000000	3.00503000
Al16_OH	*OH	up	-10.37594000	-0.00000000	3.00503000
Al16_OH	*OH	up	-10.32581000	-0.00000000	3.00503000
Al16_OH	*OH	up	-10.27569000	-0.00000000	3.00503000
Al16_OH	*OH	up	-10.22556000	-0.00000000	3.00503000
Al16_OH	*OH	up	-10.17544000	-0.00000000	3.00503000
Al16_OH	*OH	up	-10.12531000	-0.00000000	3.00503000
Al16_OH	*OH	up	-10.07519000	-0.00000000	3.00503000
Al16_OH	*OH	up	-10.02506000	-0.00000000	3.00503000
Al16_OH	*OH	up	-9.97494000	-0.00000000	3.00503000
Al16_OH	*OH	up	-9.92481000	-0.00000000	3.00503000
Al16_OH	*OH	up	-9.87469000	-0.00000000	3.00503000
Al16_OH	*OH	up	-9.82456000	-0.00000000	3.00503000
Al16_OH	*OH	up	-9.77444000	-0.00000000	3.00503000
Al16_OH	*OH	up	-9.72431000	-0.00000000	3.00503000
Al16_OH	*OH	up	-9.67419000	-0.00000000	3.00503000
Al16_OH	*OH	up	-9.62406000	-0.00000000	3.00503000
Al16_OH	*OH	up	-9.57393000	0.00000000	3.00503000
Al16_OH	*OH	up	-9.52381000	0.00000000	3.00503000
Al16_OH	*OH	up	-9.47368000	0.00000000	3.00503000
Al16_OH	*OH	up	-9.42356000	0.00013000	3.00503000
Al16_OH	*OH	up	-9.37343000	0.00096000	3.00508000
Al16_OH	*OH	up	-9.32331000	0.00157000	3.00516000
Al16_OH	*OH	up	-9.27318000	0.00061000	3.00519000
Al16_OH	*OH	up	-9.22306000	0.00006000	3.00519000
Al16_OH	*OH	up	-9.17293000	0.00000000	3.00519000
Al16_OH	*OH	up	-9.12281000	0.00002000	3.00520000
Al16_OH	*OH	up	-9.07268000	0.00029000	3.00521000
Al16_OH	*OH	up	-9.02256000	0.00053000	3.00524000
Al16_OH	*OH	up	-8.97243000	0.00033000	3.00525000
Al16_OH	*OH	up	-8.92231000	0.00201000	3.00535000
Al16_OH	*OH	up	-8.87218000	0.00442000	3.00557000
Al16_OH	*OH	up	-8.82206000	0.00267000	3.00571000
Al16_OH	*OH	up	-8.77193000	0.00121000	3.00577000
Al16_OH	*OH	up	-8.72180000	0.00020000	3.00578000
Al16_OH	*OH	up	-8.67168000	0.00053000	3.00581000
Al16_OH	*OH	up	-8.62155000	0.00321000	3.00597000
Al16_OH	*OH	up	-8.57143000	0.00317000	3.00613000
Al16_OH	*OH	up	-8.52130000	0.00126000	3.00619000
Al16_OH	*OH	up	-8.47118000	0.00576000	3.00648000
Al16_OH	*OH	up	-8.42105000	0.01815000	3.00739000
Al16_OH	*OH	up	-8.37093000	0.01412000	3.00810000
Al16_OH	*OH	up	-8.32080000	0.00260000	3.00823000
Al16_OH	*OH	up	-8.27068000	0.00616000	3.00853000
Al16_OH	*OH	up	-8.22055000	0.03352000	3.01021000
Al16_OH	*OH	up	-8.17043000	0.08087000	3.01427000
Al16_OH	*OH	up	-8.12030000	0.17066000	3.02282000
Al16_OH	*OH	up	-8.07018000	0.23840000	3.03477000
Al16_OH	*OH	up	-8.02005000	0.17557000	3.04357000
Al16_OH	*OH	up	-7.96992000	0.16389000	3.05179000
Al16_OH	*OH	up	-7.91980000	0.53925000	3.07882000
Al16_OH	*OH	up	-7.86967000	0.90806000	3.12433000
Al16_OH	*OH	up	-7.81955000	0.55681000	3.15224000
Al16_OH	*OH	up	-7.76942000	0.21239000	3.16289000
Al16_OH	*OH	up	-7.71930000	0.15734000	3.17078000
Al16_OH	*OH	up	-7.66917000	0.19870000	3.18074000
Al16_OH	*OH	up	-7.61905000	0.12510000	3.18701000
Al16_OH	*OH	up	-7.56892000	0.05430000	3.18973000
Al16_OH	*OH	up	-7.51880000	0.04529000	3.19200000
Al16_OH	*OH	up	-7.46867000	0.08641000	3.19633000
Al16_OH	*OH	up	-7.41855000	0.28925000	3.21083000
Al16_OH	*OH	up	-7.36842000	0.34322000	3.22803000
Al16_OH	*OH	up	-7.31830000	0.16114000	3.23611000
Al16_OH	*OH	up	-7.26817000	0.30080000	3.25119000
Al16_OH	*OH	up	-7.21805000	0.50827000	3.27667000
Al16_OH	*OH	up	-7.16792000	0.29916000	3.29166000
Al16_OH	*OH	up	-7.11779000	0.09957000	3.29665000
Al16_OH	*OH	up	-7.06767000	0.03502000	3.29841000
Al16_OH	*OH	up	-7.01754000	0.01805000	3.29931000
Al16_OH	*OH	up	-6.96742000	0.04242000	3.30144000
Al16_OH	*OH	up	-6.91729000	0.18411000	3.31067000
Al16_OH	*OH	up	-6.86717000	0.27617000	3.32451000
Al16_OH	*OH	up	-6.81704000	0.16426000	3.33275000
Al16_OH	*OH	up	-6.76692000	0.07041000	3.33627000
Al16_OH	*OH	up	-6.71679000	0.02286000	3.33742000
Al16_OH	*OH	up	-6.66667000	0.01586000	3.33822000
Al16_OH	*OH	up	-6.61654000	0.01869000	3.33915000
Al16_OH	*OH	up	-6.56642000	0.02496000	3.34040000
Al16_OH	*OH	up	-6.51629000	0.03011000	3.34191000
Al16_OH	*OH	up	-6.46617000	0.03776000	3.34381000
Al16_OH	*OH	up	-6.41604000	0.10730000	3.34918000
Al16_OH	*OH	up	-6.36591000	0.26834000	3.36264000
Al16_OH	*OH	up	-6.31579000	0.18248000	3.37178000
Al16_OH	*OH	up	-6.26566000	0.06141000	3.37486000
Al16_OH	*OH	up	-6.21554000	0.08525000	3.37913000
Al16_OH	*OH	up	-6.16541000	0.10701000	3.38450000
Al16_OH	*OH	up	-6.11529000	0.08534000	3.38877000
Al16_OH	*OH	up	-6.06516000	0.08662000	3.39312000
Al16_OH	*OH	up	-6.01504000	0.14492000	3.40038000
Al16_OH	*OH	up	-5.96491000	0.19567000	3.41019000
Al16_OH	*OH	up	-5.91479000	0.20575000	3.42050000
Al16_OH	*OH	up	-5.86466000	0.22812000	3.43194000
Al16_OH	*OH	up	-5.81454000	0.17169000	3.44054000
Al16_OH	*OH	up	-5.76441000	0.10332000	3.44572000
Al16_OH	*OH	up	-5.71429000	0.09864000	3.45067000
Al16_OH	*OH	up	-5.66416000	0.10954000	3.45616000
Al16_OH	*OH	up	-5.61404000	0.09780000	3.46106000
Al16_OH	*OH	up	-5.56391000	0.07863000	3.46500000
Al16_OH	*OH	up	-5.51378000	0.08940000	3.46948000
Al16_OH	*OH	up	-5.46366000	0.12188000	3.47559000
Al16_OH	*OH	up	-5.41353000	0.26976000	3.48911000
Al16_OH	*OH	up	-5.36341000	0.44188000	3.51126000
Al16_OH	*OH	up	-5.31328000	0.35666000	3.52914000
Al16_OH	*OH	up	-5.26316000	0.24734000	3.54154000
Al16_OH	*OH	up	-5.21303000	0.19976000	3.55155000
Al16_OH	*OH	up	-5.16291000	0.25645000	3.56440000
Al16_OH	*OH	up	-5.11278000	0.37892000	3.58340000
Al16_OH	*OH	up	-5.06266000	0.46810000	3.60686000
Al16_OH	*OH	up	-5.01253000	0.37594000	3.62571000
Al16_OH	*OH	up	-4.96241000	0.40269000	3.64589000
Al16_OH	*OH	up	-4.91228000	0.51674000	3.67179000
Al16_OH	*OH	up	-4.86216000	0.37698000	3.69069000
Al16_OH	*OH	up	-4.81203000	0.22953000	3.70219000
Al16_OH	*OH	up	-4.76190000	0.19675000	3.71206000
Al16_OH	*OH	up	-4.71178000	0.19948000	3.72205000
Al16_OH	*OH	up	-4.66165000	0.15562000	3.72986000
Al16_OH	*OH	up	-4.61153000	0.11578000	3.73566000
Al16_OH	*OH	up	-4.56140000	0.08255000	3.73980000
Al16_OH	*OH	up	-4.51128000	0.07837000	3.74373000
Al16_OH	*OH	up	-4.46115000	0.07184000	3.74733000
Al16_OH	*OH	up	-4.41103000	0.06206000	3.75044000
Al16_OH	*OH	up	-4.36090000	0.04863000	3.75287000
Al16_OH	*OH	up	-4.31078000	0.07223000	3.75649000
Al16_OH	*OH	up	-4.26065000	0.11606000	3.76231000
Al16_OH	*OH	up	-4.21053000	0.08473000	3.76656000
Al16_OH	*OH	up	-4.16040000	0.10576000	3.77186000
Al16_OH	*OH	up	-4.11028000	0.16370000	3.78007000
Al16_OH	*OH	up	-4.06015000	0.20947000	3.79057000
Al16_OH	*OH	up	-4.01003000	0.17023000	3.79910000
Al16_OH	*OH	up	-3.95990000	0.10042000	3.80413000
Al16_OH	*OH	up	-3.90977000	0.05019000	3.80665000
Al16_OH	*OH	up	-3.85965000	0.03730000	3.80852000
Al16_OH	*OH	up	-3.80952000	0.02564000	3.80980000
Al16_OH	*OH	up	-3.75940000	0.00815000	3.81021000
Al16_OH	*OH	up	-3.70927000	0.00245000	3.81033000
Al16_OH	*OH	up	-3.65915000	0.00306000	3.81049000
Al16_OH	*OH	up	-3.60902000	-0.00928000	3.81002000
Al16_OH	*OH	up	-3.55890000	-0.01560000	3.80924000
Al16_OH	*OH	up	-3.50877000	-0.01091000	3.80869000
Al16_OH	*OH	up	-3.45865000	-0.02147000	3.80762000
Al16_OH	*OH	up	-3.40852000	-0.02780000	3.80622000
Al16_OH	*OH	up	-3.35840000	-0.01783000	3.80533000
Al16_OH	*OH	up	-3.30827000	-0.01362000	3.80465000
Al16_OH	*OH	up	-3.25815000	-0.01398000	3.80395000
Al16_OH	*OH	up	-3.20802000	-0.01098000	3.80340000
Al16_OH	*OH	up	-3.15789000	-0.00888000	3.80295000
Al16_OH	*OH	up	-3.10777000	-0.00353000	3.80278000
Al16_OH	*OH	up	-3.05764000	0.00312000	3.80293000
Al16_OH	*OH	up	-3.00752000	0.00483000	3.80317000
Al16_OH	*OH	up	-2.95739000	0.00325000	3.80334000
Al16_OH	*OH	up	-2.90727000	0.00271000	3.80347000
Al16_OH	*OH	up	-2.85714000	0.00457000	3.80370000
Al16_OH	*OH	up	-2.80702000	0.00175000	3.80379000
Al16_OH	*OH	up	-2.75689000	-0.00384000	3.80360000
Al16_OH	*OH	up	-2.70677000	-0.00293000	3.80345000
Al16_OH	*OH	up	-2.65664000	0.00039000	3.80347000
Al16_OH	*OH	up	-2.60652000	-0.00222000	3.80336000
Al16_OH	*OH	up	-2.55639000	-0.00697000	3.80301000
Al16_OH	*OH	up	-2.50627000	-0.01052000	3.80248000
Al16_OH	*OH	up	-2.45614000	-0.01672000	3.80164000
Al16_OH	*OH	up	-2.40602000	-0.03058000	3.80011000
Al16_OH	*OH	up	-2.35589000	-0.04135000	3.79804000
Al16_OH	*OH	up	-2.30576000	-0.03739000	3.79616000
Al16_OH	*OH	up	-2.25564000	-0.02635000	3.79484000
Al16_OH	*OH	up	-2.20551000	-0.01464000	3.79411000
Al16_OH	*OH	up	-2.15539000	-0.02018000	3.79310000
Al16_OH	*OH	up	-2.10526000	-0.02583000	3.79180000
Al16_OH	*OH	up	-2.05514000	-0.01841000	3.79088000
Al16_OH	*OH	up	-2.00501000	-0.01517000	3.79012000
Al16_OH	*OH	up	-1.95489000	-0.01924000	3.78916000
Al16_OH	*OH	up	-1.90476000	-0.02199000	3.78805000
Al16_OH	*OH	up	-1.85464000	-0.02433000	3.78683000
Al16_OH	*OH	up	-1.80451000	-0.03293000	3.78518000
Al16_OH	*OH	up	-1.75439000	-0.03857000	3.78325000
Al16_OH	*OH	up	-1.70426000	-0.03205000	3.78164000
Al16_OH	*OH	up	-1.65414000	-0.02527000	3.78038000
Al16_OH	*OH	up	-1.60401000	-0.02911000	3.77892000
Al16_OH	*OH	up	-1.55388000	-0.01323000	3.77825000
Al16_OH	*OH	up	-1.50376000	0.01217000	3.77886000
Al16_OH	*OH	up	-1.45363000	0.00980000	3.77936000
Al16_OH	*OH	up	-1.40351000	0.02694000	3.78071000
Al16_OH	*OH	up	-1.35338000	0.03246000	3.78233000
Al16_OH	*OH	up	-1.30326000	0.00840000	3.78275000
Al16_OH	*OH	up	-1.25313000	-0.00113000	3.78270000
Al16_OH	*OH	up	-1.20301000	-0.00204000	3.78259000
Al16_OH	*OH	up	-1.15288000	-0.00290000	3.78245000
Al16_OH	*OH	up	-1.10276000	-0.00461000	3.78222000
Al16_OH	*OH	up	-1.05263000	-0.00290000	3.78207000
Al16_OH	*OH	up	-1.00251000	-0.00136000	3.78200000
Al16_OH	*OH	up	-0.95238000	-0.00155000	3.78193000
Al16_OH	*OH	up	-0.90226000	-0.00307000	3.78177000
Al16_OH	*OH	up	-0.85213000	-0.00537000	3.78150000
Al16_OH	*OH	up	-0.80201000	-0.00512000	3.78125000
Al16_OH	*OH	up	-0.75188000	-0.02183000	3.78015000
Al16_OH	*OH	up	-0.70175000	-0.06855000	3.77672000
Al16_OH	*OH	up	-0.65163000	-0.04339000	3.77454000
Al16_OH	*OH	up	-0.60150000	-0.00913000	3.77408000
Al16_OH	*OH	up	-0.55138000	-0.05854000	3.77115000
Al16_OH	*OH	up	-0.50125000	-0.31041000	3.75559000
Al16_OH	*OH	up	-0.45113000	-0.37159000	3.73696000
Al16_OH	*OH	up	-0.40100000	-0.10936000	3.73148000
Al16_OH	*OH	up	-0.35088000	-0.01222000	3.73087000
Al16_OH	*OH	up	-0.30075000	-0.00179000	3.73078000
Al16_OH	*OH	up	-0.25063000	-0.00048000	3.73076000
Al16_OH	*OH	up	-0.20050000	-0.00114000	3.73070000
Al16_OH	*OH	up	-0.15038000	-0.00116000	3.73064000
Al16_OH	*OH	up	-0.10025000	-0.00032000	3.73063000
Al16_OH	*OH	up	-0.05013000	-0.00014000	3.73062000
Al16_OH	*OH	up	0.00000000	-0.00021000	3.73061000
Al16_OH	*OH	up	0.05013000	-0.00017000	3.73060000
Al16_OH	*OH	up	0.10025000	-0.00003000	3.73060000
Al16_OH	*OH	up	0.15038000	-0.00000000	3.73060000
Al16_OH	*OH	up	0.20050000	-0.00000000	3.73060000
Al16_OH	*OH	up	0.25063000	-0.00000000	3.73060000
Al16_OH	*OH	up	0.30075000	0.00000000	3.73060000
Al16_OH	*OH	up	0.35088000	-0.00000000	3.73060000
Al16_OH	*OH	up	0.40100000	-0.00000000	3.73060000
Al16_OH	*OH	up	0.45113000	-0.00000000	3.73060000
Al16_OH	*OH	up	0.50125000	-0.00000000	3.73060000
Al16_OH	*OH	up	0.55138000	-0.00000000	3.73060000
Al16_OH	*OH	up	0.60150000	-0.00000000	3.73060000
Al16_OH	*OH	up	0.65163000	-0.00000000	3.73060000
Al16_OH	*OH	up	0.70175000	-0.00000000	3.73060000
Al16_OH	*OH	up	0.75188000	-0.00000000	3.73060000
Al16_OH	*OH	up	0.80201000	-0.00000000	3.73060000
Al16_OH	*OH	up	0.85213000	-0.00000000	3.73060000
Al16_OH	*OH	up	0.90226000	-0.00000000	3.73060000
Al16_OH	*OH	up	0.95238000	-0.00000000	3.73060000
Al16_OH	*OH	up	1.00251000	-0.00000000	3.73060000
Al16_OH	*OH	up	1.05263000	-0.00000000	3.73060000
Al16_OH	*OH	up	1.10276000	-0.00000000	3.73060000
Al16_OH	*OH	up	1.15288000	-0.00000000	3.73060000
Al16_OH	*OH	up	1.20301000	-0.00000000	3.73060000
Al16_OH	*OH	up	1.25313000	-0.00000000	3.73060000
Al16_OH	*OH	up	1.30326000	-0.00000000	3.73060000
Al16_OH	*OH	up	1.35338000	-0.00000000	3.73060000
Al16_OH	*OH	up	1.40351000	-0.00000000	3.73060000
Al16_OH	*OH	up	1.45363000	-0.00000000	3.73060000
Al16_OH	*OH	up	1.50376000	-0.00000000	3.73060000
Al16_OH	*OH	up	1.55388000	-0.00000000	3.73060000
Al16_OH	*OH	up	1.60401000	-0.00000000	3.73060000
Al16_OH	*OH	up	1.65414000	-0.00000000	3.73060000
Al16_OH	*OH	up	1.70426000	-0.00000000	3.73060000
Al16_OH	*OH	up	1.75439000	-0.00000000	3.73060000
Al16_OH	*OH	up	1.80451000	-0.00000000	3.73060000
Al16_OH	*OH	up	1.85464000	-0.00000000	3.73060000
Al16_OH	*OH	up	1.90476000	-0.00000000	3.73060000
Al16_OH	*OH	up	1.95489000	-0.00000000	3.73060000
Al16_OH	*OH	up	2.00501000	-0.00000000	3.73060000
Al16_OH	*OH	up	2.05514000	-0.00000000	3.73060000
Al16_OH	*OH	up	2.10526000	-0.00021000	3.73059000
Al16_OH	*OH	up	2.15539000	-0.01187000	3.72999000
Al16_OH	*OH	up	2.20551000	-0.12571000	3.72369000
Al16_OH	*OH	up	2.25564000	-0.27980000	3.70967000
Al16_OH	*OH	up	2.30576000	-0.13844000	3.70273000
Al16_OH	*OH	up	2.35589000	-0.01467000	3.70199000
Al16_OH	*OH	up	2.40602000	-0.00714000	3.70163000
Al16_OH	*OH	up	2.45614000	-0.02172000	3.70055000
Al16_OH	*OH	up	2.50627000	-0.02397000	3.69934000
Al16_OH	*OH	up	2.55639000	-0.01461000	3.69861000
Al16_OH	*OH	up	2.60652000	-0.00497000	3.69836000
Al16_OH	*OH	up	2.65664000	-0.03890000	3.69641000
Al16_OH	*OH	up	2.70677000	-0.10368000	3.69122000
Al16_OH	*OH	up	2.75689000	-0.05745000	3.68834000
Al16_OH	*OH	up	2.80702000	-0.05066000	3.68580000
Al16_OH	*OH	up	2.85714000	-0.10341000	3.68061000
Al16_OH	*OH	up	2.90727000	-0.14006000	3.67359000
Al16_OH	*OH	up	2.95739000	-0.10415000	3.66837000
Al16_OH	*OH	up	3.00752000	-0.05625000	3.66555000
Al16_OH	*OH	up	3.05764000	-0.16972000	3.65704000
Al16_OH	*OH	up	3.10777000	-0.22681000	3.64568000
Al16_OH	*OH	up	3.15789000	-0.14158000	3.63858000
Al16_OH	*OH	up	3.20802000	-0.07442000	3.63485000
Al16_OH	*OH	up	3.25815000	-0.06037000	3.63182000
Al16_OH	*OH	up	3.30827000	-0.15702000	3.62395000
Al16_OH	*OH	up	3.35840000	-0.18427000	3.61472000
Al16_OH	*OH	up	3.40852000	-0.10951000	3.60923000
Al16_OH	*OH	up	3.45865000	-0.13816000	3.60230000
Al16_OH	*OH	up	3.50877000	-0.27780000	3.58838000
Al16_OH	*OH	up	3.55890000	-0.30005000	3.57334000
Al16_OH	*OH	up	3.60902000	-0.29327000	3.55864000
Al16_OH	*OH	up	3.65915000	-0.45813000	3.53567000
Al16_OH	*OH	up	3.70927000	-0.54720000	3.50824000
Al16_OH	*OH	up	3.75940000	-0.82715000	3.46678000
Al16_OH	*OH	up	3.80952000	-0.84997000	3.42418000
Al16_OH	*OH	up	3.85965000	-0.88382000	3.37988000
Al16_OH	*OH	up	3.90977000	-1.03366000	3.32806000
Al16_OH	*OH	up	3.95990000	-0.65982000	3.29499000
Al16_OH	*OH	up	4.01003000	-0.48438000	3.27071000
Al16_OH	*OH	up	4.06015000	-0.74609000	3.23331000
Al16_OH	*OH	up	4.11028000	-0.69592000	3.19843000
Al16_OH	*OH	up	4.16040000	-0.35423000	3.18067000
Al16_OH	*OH	up	4.21053000	-0.19673000	3.17081000
Al16_OH	*OH	up	4.26065000	-0.11221000	3.16519000
Al16_OH	*OH	up	4.31078000	-0.09910000	3.16022000
Al16_OH	*OH	up	4.36090000	-0.17631000	3.15138000
Al16_OH	*OH	up	4.41103000	-0.31288000	3.13570000
Al16_OH	*OH	up	4.46115000	-0.25559000	3.12289000
Al16_OH	*OH	up	4.51128000	-0.22041000	3.11184000
Al16_OH	*OH	up	4.56140000	-0.32104000	3.09575000
Al16_OH	*OH	up	4.61153000	-0.61076000	3.06513000
Al16_OH	*OH	up	4.66165000	-1.17551000	3.00621000
Al16_OH	*OH	up	4.71178000	-1.39385000	2.93634000
Al16_OH	*OH	up	4.76190000	-0.99978000	2.88623000
Al16_OH	*OH	up	4.81203000	-0.76580000	2.84784000
Al16_OH	*OH	up	4.86216000	-0.48633000	2.82346000
Al16_OH	*OH	up	4.91228000	-0.37418000	2.80471000
Al16_OH	*OH	up	4.96241000	-0.70232000	2.76950000
Al16_OH	*OH	up	5.01253000	-1.25425000	2.70663000
Al16_OH	*OH	down	-15.03759000	-0.00000000	3.07002000
Al16_OH	*OH	down	-14.98747000	-0.00000000	3.07002000
Al16_OH	*OH	down	-14.93734000	-0.00000000	3.07002000
Al16_OH	*OH	down	-14.88722000	-0.00000000	3.07002000
Al16_OH	*OH	down	-14.83709000	-0.00000000	3.07002000
Al16_OH	*OH	down	-14.78697000	-0.00000000	3.07002000
Al16_OH	*OH	down	-14.73684000	-0.00000000	3.07002000
Al16_OH	*OH	down	-14.68672000	-0.00000000	3.07002000
Al16_OH	*OH	down	-14.63659000	-0.00000000	3.07002000
Al16_OH	*OH	down	-14.58647000	-0.00000000	3.07002000
Al16_OH	*OH	down	-14.53634000	-0.00000000	3.07002000
Al16_OH	*OH	down	-14.48622000	-0.00000000	3.07002000
Al16_OH	*OH	down	-14.43609000	-0.00000000	3.07002000
Al16_OH	*OH	down	-14.38596000	-0.00000000	3.07002000
Al16_OH	*OH	down	-14.33584000	-0.00000000	3.07002000
Al16_OH	*OH	down	-14.28571000	-0.00000000	3.07002000
Al16_OH	*OH	down	-14.23559000	-0.00000000	3.07002000
Al16_OH	*OH	down	-14.18546000	-0.00000000	3.07002000
Al16_OH	*OH	down	-14.13534000	-0.00000000	3.07002000
Al16_OH	*OH	down	-14.08521000	-0.00000000	3.07002000
Al16_OH	*OH	down	-14.03509000	-0.00000000	3.07002000
Al16_OH	*OH	down	-13.98496000	-0.00000000	3.07002000
Al16_OH	*OH	down	-13.93484000	-0.00000000	3.07002000
Al16_OH	*OH	down	-13.88471000	-0.00000000	3.07002000
Al16_OH	*OH	down	-13.83459000	-0.00000000	3.07002000
Al16_OH	*OH	down	-13.78446000	-0.00000000	3.07002000
Al16_OH	*OH	down	-13.73434000	-0.00000000	3.07002000
Al16_OH	*OH	down	-13.68421000	-0.00000000	3.07002000
Al16_OH	*OH	down	-13.63409000	-0.00000000	3.07002000
Al16_OH	*OH	down	-13.58396000	-0.00000000	3.07002000
Al16_OH	*OH	down	-13.53383000	-0.00000000	3.07002000
Al16_OH	*OH	down	-13.48371000	-0.00000000	3.07002000
Al16_OH	*OH	down	-13.43358000	-0.00000000	3.07002000
Al16_OH	*OH	down	-13.38346000	-0.00000000	3.07002000
Al16_OH	*OH	down	-13.33333000	-0.00000000	3.07002000
Al16_OH	*OH	down	-13.28321000	-0.00000000	3.07002000
Al16_OH	*OH	down	-13.23308000	-0.00000000	3.07002000
Al16_OH	*OH	down	-13.18296000	-0.00000000	3.07002000
Al16_OH	*OH	down	-13.13283000	-0.00000000	3.07002000
Al16_OH	*OH	down	-13.08271000	-0.00000000	3.07002000
Al16_OH	*OH	down	-13.03258000	-0.00000000	3.07002000
Al16_OH	*OH	down	-12.98246000	-0.00000000	3.07002000
Al16_OH	*OH	down	-12.93233000	-0.00000000	3.07002000
Al16_OH	*OH	down	-12.88221000	-0.00000000	3.07002000
Al16_OH	*OH	down	-12.83208000	-0.00000000	3.07002000
Al16_OH	*OH	down	-12.78195000	-0.00000000	3.07002000
Al16_OH	*OH	down	-12.73183000	-0.00000000	3.07002000
Al16_OH	*OH	down	-12.68170000	-0.00000000	3.07002000
Al16_OH	*OH	down	-12.63158000	-0.00000000	3.07002000
Al16_OH	*OH	down	-12.58145000	-0.00000000	3.07002000
Al16_OH	*OH	down	-12.53133000	-0.00000000	3.07002000
Al16_OH	*OH	down	-12.48120000	-0.00000000	3.07002000
Al16_OH	*OH	down	-12.43108000	-0.00000000	3.07002000
Al16_OH	*OH	down	-12.38095000	-0.00000000	3.07002000
Al16_OH	*OH	down	-12.33083000	-0.00000000	3.07002000
Al16_OH	*OH	down	-12.28070000	-0.00000000	3.07002000
Al16_OH	*OH	down	-12.23058000	-0.00000000	3.07002000
Al16_OH	*OH	down	-12.18045000	-0.00000000	3.07002000
Al16_OH	*OH	down	-12.13033000	-0.00000000	3.07002000
Al16_OH	*OH	down	-12.08020000	-0.00000000	3.07002000
Al16_OH	*OH	down	-12.03008000	-0.00000000	3.07002000
Al16_OH	*OH	down	-11.97995000	-0.00000000	3.07002000
Al16_OH	*OH	down	-11.92982000	-0.00000000	3.07002000
Al16_OH	*OH	down	-11.87970000	-0.00000000	3.07002000
Al16_OH	*OH	down	-11.82957000	-0.00000000	3.07002000
Al16_OH	*OH	down	-11.77945000	-0.00000000	3.07002000
Al16_OH	*OH	down	-11.72932000	-0.00000000	3.07002000
Al16_OH	*OH	down	-11.67920000	-0.00000000	3.07002000
Al16_OH	*OH	down	-11.62907000	-0.00000000	3.07002000
Al16_OH	*OH	down	-11.57895000	-0.00000000	3.07002000
Al16_OH	*OH	down	-11.52882000	-0.00000000	3.07002000
Al16_OH	*OH	down	-11.47870000	-0.00000000	3.07002000
Al16_OH	*OH	down	-11.42857000	-0.00000000	3.07002000
Al16_OH	*OH	down	-11.37845000	-0.00000000	3.07002000
Al16_OH	*OH	down	-11.32832000	-0.00000000	3.07002000
Al16_OH	*OH	down	-11.27820000	-0.00000000	3.07002000
Al16_OH	*OH	down	-11.22807000	-0.00000000	3.07002000
Al16_OH	*OH	down	-11.17794000	-0.00000000	3.07002000
Al16_OH	*OH	down	-11.12782000	-0.00000000	3.07002000
Al16_OH	*OH	down	-11.07769000	-0.00000000	3.07002000
Al16_OH	*OH	down	-11.02757000	-0.00000000	3.07002000
Al16_OH	*OH	down	-10.97744000	-0.00000000	3.07002000
Al16_OH	*OH	down	-10.92732000	-0.00000000	3.07002000
Al16_OH	*OH	down	-10.87719000	-0.00000000	3.07002000
Al16_OH	*OH	down	-10.82707000	-0.00000000	3.07002000
Al16_OH	*OH	down	-10.77694000	-0.00000000	3.07002000
Al16_OH	*OH	down	-10.72682000	-0.00000000	3.07002000
Al16_OH	*OH	down	-10.67669000	-0.00000000	3.07002000
Al16_OH	*OH	down	-10.62657000	-0.00000000	3.07002000
Al16_OH	*OH	down	-10.57644000	-0.00000000	3.07002000
Al16_OH	*OH	down	-10.52632000	-0.00000000	3.07002000
Al16_OH	*OH	down	-10.47619000	-0.00000000	3.07002000
Al16_OH	*OH	down	-10.42607000	-0.00000000	3.07002000
Al16_OH	*OH	down	-10.37594000	-0.00000000	3.07002000
Al16_OH	*OH	down	-10.32581000	-0.00000000	3.07002000
Al16_OH	*OH	down	-10.27569000	-0.00000000	3.07002000
Al16_OH	*OH	down	-10.22556000	-0.00000000	3.07002000
Al16_OH	*OH	down	-10.17544000	-0.00000000	3.07002000
Al16_OH	*OH	down	-10.12531000	-0.00000000	3.07002000
Al16_OH	*OH	down	-10.07519000	-0.00000000	3.07002000
Al16_OH	*OH	down	-10.02506000	-0.00000000	3.07002000
Al16_OH	*OH	down	-9.97494000	-0.00000000	3.07002000
Al16_OH	*OH	down	-9.92481000	-0.00000000	3.07002000
Al16_OH	*OH	down	-9.87469000	-0.00000000	3.07002000
Al16_OH	*OH	down	-9.82456000	-0.00000000	3.07002000
Al16_OH	*OH	down	-9.77444000	-0.00000000	3.07002000
Al16_OH	*OH	down	-9.72431000	-0.00000000	3.07002000
Al16_OH	*OH	down	-9.67419000	-0.00000000	3.07002000
Al16_OH	*OH	down	-9.62406000	-0.00000000	3.07002000
Al16_OH	*OH	down	-9.57393000	-0.00000000	3.07002000
Al16_OH	*OH	down	-9.52381000	-0.00000000	3.07002000
Al16_OH	*OH	down	-9.47368000	0.00000000	3.07002000
Al16_OH	*OH	down	-9.42356000	0.00000000	3.07002000
Al16_OH	*OH	down	-9.37343000	0.00000000	3.07002000
Al16_OH	*OH	down	-9.32331000	0.00002000	3.07003000
Al16_OH	*OH	down	-9.27318000	0.00040000	3.07005000
Al16_OH	*OH	down	-9.22306000	0.00141000	3.07012000
Al16_OH	*OH	down	-9.17293000	0.00127000	3.07018000
Al16_OH	*OH	down	-9.12281000	0.00027000	3.07019000
Al16_OH	*OH	down	-9.07268000	0.00001000	3.07019000
Al16_OH	*OH	down	-9.02256000	0.00001000	3.07019000
Al16_OH	*OH	down	-8.97243000	0.00031000	3.07021000
Al16_OH	*OH	down	-8.92231000	0.00226000	3.07032000
Al16_OH	*OH	down	-8.87218000	0.00312000	3.07048000
Al16_OH	*OH	down	-8.82206000	0.00102000	3.07053000
Al16_OH	*OH	down	-8.77193000	0.00117000	3.07059000
Al16_OH	*OH	down	-8.72180000	0.00295000	3.07074000
Al16_OH	*OH	down	-8.67168000	0.00417000	3.07095000
Al16_OH	*OH	down	-8.62155000	0.00131000	3.07101000
Al16_OH	*OH	down	-8.57143000	0.00010000	3.07102000
Al16_OH	*OH	down	-8.52130000	0.00043000	3.07104000
Al16_OH	*OH	down	-8.47118000	0.00192000	3.07113000
Al16_OH	*OH	down	-8.42105000	0.00241000	3.07125000
Al16_OH	*OH	down	-8.37093000	0.00353000	3.07143000
Al16_OH	*OH	down	-8.32080000	0.00292000	3.07158000
Al16_OH	*OH	down	-8.27068000	0.00076000	3.07162000
Al16_OH	*OH	down	-8.22055000	0.00305000	3.07177000
Al16_OH	*OH	down	-8.17043000	0.00625000	3.07208000
Al16_OH	*OH	down	-8.12030000	0.00266000	3.07222000
Al16_OH	*OH	down	-8.07018000	0.00111000	3.07227000
Al16_OH	*OH	down	-8.02005000	0.00301000	3.07242000
Al16_OH	*OH	down	-7.96992000	0.00328000	3.07259000
Al16_OH	*OH	down	-7.91980000	0.00651000	3.07291000
Al16_OH	*OH	down	-7.86967000	0.01075000	3.07345000
Al16_OH	*OH	down	-7.81955000	0.00664000	3.07378000
Al16_OH	*OH	down	-7.76942000	0.00644000	3.07411000
Al16_OH	*OH	down	-7.71930000	0.01327000	3.07477000
Al16_OH	*OH	down	-7.66917000	0.01899000	3.07572000
Al16_OH	*OH	down	-7.61905000	0.01784000	3.07662000
Al16_OH	*OH	down	-7.56892000	0.00690000	3.07696000
Al16_OH	*OH	down	-7.51880000	0.00376000	3.07715000
Al16_OH	*OH	down	-7.46867000	0.00237000	3.07727000
Al16_OH	*OH	down	-7.41855000	0.00348000	3.07745000
Al16_OH	*OH	down	-7.36842000	0.00521000	3.07771000
Al16_OH	*OH	down	-7.31830000	0.00596000	3.07801000
Al16_OH	*OH	down	-7.26817000	0.00638000	3.07833000
Al16_OH	*OH	down	-7.21805000	0.00609000	3.07863000
Al16_OH	*OH	down	-7.16792000	0.00559000	3.07891000
Al16_OH	*OH	down	-7.11779000	0.01844000	3.07984000
Al16_OH	*OH	down	-7.06767000	0.06935000	3.08331000
Al16_OH	*OH	down	-7.01754000	0.08774000	3.08771000
Al16_OH	*OH	down	-6.96742000	0.02833000	3.08913000
Al16_OH	*OH	down	-6.91729000	0.00596000	3.08943000
Al16_OH	*OH	down	-6.86717000	0.04946000	3.09191000
Al16_OH	*OH	down	-6.81704000	0.37111000	3.11051000
Al16_OH	*OH	down	-6.76692000	0.66342000	3.14376000
Al16_OH	*OH	down	-6.71679000	0.27451000	3.15752000
Al16_OH	*OH	down	-6.66667000	0.05201000	3.16013000
Al16_OH	*OH	down	-6.61654000	0.01541000	3.16090000
Al16_OH	*OH	down	-6.56642000	0.06332000	3.16408000
Al16_OH	*OH	down	-6.51629000	0.21847000	3.17503000
Al16_OH	*OH	down	-6.46617000	0.21593000	3.18585000
Al16_OH	*OH	down	-6.41604000	0.11887000	3.19181000
Al16_OH	*OH	down	-6.36591000	0.19330000	3.20150000
Al16_OH	*OH	down	-6.31579000	0.44347000	3.22373000
Al16_OH	*OH	down	-6.26566000	0.24583000	3.23605000
Al16_OH	*OH	down	-6.21554000	0.02724000	3.23742000
Al16_OH	*OH	down	-6.16541000	0.00274000	3.23755000
Al16_OH	*OH	down	-6.11529000	0.00277000	3.23769000
Al16_OH	*OH	down	-6.06516000	0.00253000	3.23782000
Al16_OH	*OH	down	-6.01504000	0.00338000	3.23799000
Al16_OH	*OH	down	-5.96491000	0.00721000	3.23835000
Al16_OH	*OH	down	-5.91479000	0.01028000	3.23887000
Al16_OH	*OH	down	-5.86466000	0.05767000	3.24176000
Al16_OH	*OH	down	-5.81454000	0.21924000	3.25275000
Al16_OH	*OH	down	-5.76441000	0.21872000	3.26371000
Al16_OH	*OH	down	-5.71429000	0.23800000	3.27564000
Al16_OH	*OH	down	-5.66416000	1.14717000	3.33314000
Al16_OH	*OH	down	-5.61404000	2.36716000	3.45180000
Al16_OH	*OH	down	-5.56391000	2.58749000	3.58149000
Al16_OH	*OH	down	-5.51378000	0.97855000	3.63054000
Al16_OH	*OH	down	-5.46366000	0.24634000	3.64289000
Al16_OH	*OH	down	-5.41353000	0.24554000	3.65520000
Al16_OH	*OH	down	-5.36341000	0.17657000	3.66405000
Al16_OH	*OH	down	-5.31328000	0.25743000	3.67695000
Al16_OH	*OH	down	-5.26316000	0.15129000	3.68454000
Al16_OH	*OH	down	-5.21303000	0.07213000	3.68815000
Al16_OH	*OH	down	-5.16291000	0.13784000	3.69506000
Al16_OH	*OH	down	-5.11278000	0.33779000	3.71199000
Al16_OH	*OH	down	-5.06266000	0.44114000	3.73411000
Al16_OH	*OH	down	-5.01253000	0.19320000	3.74379000
Al16_OH	*OH	down	-4.96241000	0.05943000	3.74677000
Al16_OH	*OH	down	-4.91228000	0.06825000	3.75019000
Al16_OH	*OH	down	-4.86216000	0.06478000	3.75344000
Al16_OH	*OH	down	-4.81203000	0.08035000	3.75747000
Al16_OH	*OH	down	-4.76190000	0.07891000	3.76142000
Al16_OH	*OH	down	-4.71178000	0.04456000	3.76365000
Al16_OH	*OH	down	-4.66165000	0.03071000	3.76519000
Al16_OH	*OH	down	-4.61153000	0.07136000	3.76877000
Al16_OH	*OH	down	-4.56140000	0.07415000	3.77249000
Al16_OH	*OH	down	-4.51128000	0.04322000	3.77465000
Al16_OH	*OH	down	-4.46115000	0.03044000	3.77618000
Al16_OH	*OH	down	-4.41103000	0.02996000	3.77768000
Al16_OH	*OH	down	-4.36090000	0.03834000	3.77960000
Al16_OH	*OH	down	-4.31078000	0.02308000	3.78076000
Al16_OH	*OH	down	-4.26065000	0.01515000	3.78152000
Al16_OH	*OH	down	-4.21053000	0.01850000	3.78245000
Al16_OH	*OH	down	-4.16040000	0.00899000	3.78290000
Al16_OH	*OH	down	-4.11028000	0.00205000	3.78300000
Al16_OH	*OH	down	-4.06015000	-0.00319000	3.78284000
Al16_OH	*OH	down	-4.01003000	-0.02283000	3.78169000
Al16_OH	*OH	down	-3.95990000	-0.02729000	3.78033000
Al16_OH	*OH	down	-3.90977000	-0.01189000	3.77973000
Al16_OH	*OH	down	-3.85965000	0.00321000	3.77989000
Al16_OH	*OH	down	-3.80952000	-0.01440000	3.77917000
Al16_OH	*OH	down	-3.75940000	-0.04086000	3.77712000
Al16_OH	*OH	down	-3.70927000	-0.02879000	3.77568000
Al16_OH	*OH	down	-3.65915000	0.02013000	3.77669000
Al16_OH	*OH	down	-3.60902000	0.03748000	3.77857000
Al16_OH	*OH	down	-3.55890000	0.01363000	3.77925000
Al16_OH	*OH	down	-3.50877000	0.01142000	3.77982000
Al16_OH	*OH	down	-3.45865000	0.01713000	3.78068000
Al16_OH	*OH	down	-3.40852000	0.05109000	3.78324000
Al16_OH	*OH	down	-3.35840000	0.09669000	3.78809000
Al16_OH	*OH	down	-3.30827000	0.07279000	3.79174000
Al16_OH	*OH	down	-3.25815000	0.04306000	3.79390000
Al16_OH	*OH	down	-3.20802000	0.02460000	3.79513000
Al16_OH	*OH	down	-3.15789000	0.01933000	3.79610000
Al16_OH	*OH	down	-3.10777000	0.02652000	3.79743000
Al16_OH	*OH	down	-3.05764000	0.02064000	3.79846000
Al16_OH	*OH	down	-3.00752000	0.00385000	3.79865000
Al16_OH	*OH	down	-2.95739000	-0.02897000	3.79720000
Al16_OH	*OH	down	-2.90727000	-0.14681000	3.78984000
Al16_OH	*OH	down	-2.85714000	-0.20908000	3.77936000
Al16_OH	*OH	down	-2.80702000	-0.04163000	3.77728000
Al16_OH	*OH	down	-2.75689000	0.01810000	3.77818000
Al16_OH	*OH	down	-2.70677000	0.01763000	3.77907000
Al16_OH	*OH	down	-2.65664000	0.04417000	3.78128000
Al16_OH	*OH	down	-2.60652000	0.05086000	3.78383000
Al16_OH	*OH	down	-2.55639000	0.02530000	3.78510000
Al16_OH	*OH	down	-2.50627000	0.00971000	3.78559000
Al16_OH	*OH	down	-2.45614000	0.00231000	3.78570000
Al16_OH	*OH	down	-2.40602000	0.00218000	3.78581000
Al16_OH	*OH	down	-2.35589000	0.01317000	3.78647000
Al16_OH	*OH	down	-2.30576000	0.03924000	3.78844000
Al16_OH	*OH	down	-2.25564000	0.04565000	3.79073000
Al16_OH	*OH	down	-2.20551000	0.04003000	3.79273000
Al16_OH	*OH	down	-2.15539000	0.02884000	3.79418000
Al16_OH	*OH	down	-2.10526000	0.02353000	3.79536000
Al16_OH	*OH	down	-2.05514000	0.01701000	3.79621000
Al16_OH	*OH	down	-2.00501000	0.01380000	3.79690000
Al16_OH	*OH	down	-1.95489000	0.01185000	3.79750000
Al16_OH	*OH	down	-1.90476000	0.00417000	3.79771000
Al16_OH	*OH	down	-1.85464000	0.00149000	3.79778000
Al16_OH	*OH	down	-1.80451000	-0.00411000	3.79757000
Al16_OH	*OH	down	-1.75439000	-0.01193000	3.79698000
Al16_OH	*OH	down	-1.70426000	-0.01951000	3.79600000
Al16_OH	*OH	down	-1.65414000	-0.01656000	3.79517000
Al16_OH	*OH	down	-1.60401000	-0.00405000	3.79497000
Al16_OH	*OH	down	-1.55388000	-0.00102000	3.79491000
Al16_OH	*OH	down	-1.50376000	-0.00110000	3.79486000
Al16_OH	*OH	down	-1.45363000	-0.00106000	3.79481000
Al16_OH	*OH	down	-1.40351000	-0.00123000	3.79474000
Al16_OH	*OH	down	-1.35338000	-0.00192000	3.79465000
Al16_OH	*OH	down	-1.30326000	-0.01281000	3.79401000
Al16_OH	*OH	down	-1.25313000	-0.07779000	3.79011000
Al16_OH	*OH	down	-1.20301000	-0.11630000	3.78428000
Al16_OH	*OH	down	-1.15288000	-0.04348000	3.78210000
Al16_OH	*OH	down	-1.10276000	-0.01050000	3.78157000
Al16_OH	*OH	down	-1.05263000	-0.00346000	3.78140000
Al16_OH	*OH	down	-1.00251000	-0.00088000	3.78135000
Al16_OH	*OH	down	-0.95238000	-0.00025000	3.78134000
Al16_OH	*OH	down	-0.90226000	-0.00007000	3.78134000
Al16_OH	*OH	down	-0.85213000	-0.00008000	3.78133000
Al16_OH	*OH	down	-0.80201000	-0.00015000	3.78133000
Al16_OH	*OH	down	-0.75188000	-0.00008000	3.78132000
Al16_OH	*OH	down	-0.70175000	-0.00005000	3.78132000
Al16_OH	*OH	down	-0.65163000	-0.00004000	3.78132000
Al16_OH	*OH	down	-0.60150000	-0.00001000	3.78132000
Al16_OH	*OH	down	-0.55138000	-0.00000000	3.78132000
Al16_OH	*OH	down	-0.50125000	0.00000000	3.78132000
Al16_OH	*OH	down	-0.45113000	-0.00001000	3.78132000
Al16_OH	*OH	down	-0.40100000	-0.00003000	3.78131000
Al16_OH	*OH	down	-0.35088000	-0.00005000	3.78131000
Al16_OH	*OH	down	-0.30075000	-0.00003000	3.78131000
Al16_OH	*OH	down	-0.25063000	-0.00001000	3.78131000
Al16_OH	*OH	down	-0.20050000	-0.00001000	3.78131000
Al16_OH	*OH	down	-0.15038000	-0.00081000	3.78127000
Al16_OH	*OH	down	-0.10025000	-0.01113000	3.78071000
Al16_OH	*OH	down	-0.05013000	-0.02673000	3.77937000
Al16_OH	*OH	down	0.00000000	-0.01171000	3.77878000
Al16_OH	*OH	down	0.05013000	-0.00091000	3.77874000
Al16_OH	*OH	down	0.10025000	-0.00001000	3.77874000
Al16_OH	*OH	down	0.15038000	-0.00000000	3.77874000
Al16_OH	*OH	down	0.20050000	-0.00000000	3.77874000
Al16_OH	*OH	down	0.25063000	-0.00000000	3.77874000
Al16_OH	*OH	down	0.30075000	-0.00000000	3.77874000
Al16_OH	*OH	down	0.35088000	-0.00000000	3.77874000
Al16_OH	*OH	down	0.40100000	-0.00000000	3.77874000
Al16_OH	*OH	down	0.45113000	-0.00000000	3.77874000
Al16_OH	*OH	down	0.50125000	-0.00000000	3.77874000
Al16_OH	*OH	down	0.55138000	-0.00000000	3.77874000
Al16_OH	*OH	down	0.60150000	-0.00000000	3.77874000
Al16_OH	*OH	down	0.65163000	-0.00000000	3.77874000
Al16_OH	*OH	down	0.70175000	-0.00000000	3.77874000
Al16_OH	*OH	down	0.75188000	-0.00000000	3.77874000
Al16_OH	*OH	down	0.80201000	-0.00000000	3.77874000
Al16_OH	*OH	down	0.85213000	-0.00000000	3.77874000
Al16_OH	*OH	down	0.90226000	-0.00000000	3.77874000
Al16_OH	*OH	down	0.95238000	-0.00000000	3.77874000
Al16_OH	*OH	down	1.00251000	-0.00000000	3.77874000
Al16_OH	*OH	down	1.05263000	-0.00000000	3.77874000
Al16_OH	*OH	down	1.10276000	-0.00000000	3.77874000
Al16_OH	*OH	down	1.15288000	-0.00000000	3.77874000
Al16_OH	*OH	down	1.20301000	-0.00000000	3.77874000
Al16_OH	*OH	down	1.25313000	-0.00000000	3.77874000
Al16_OH	*OH	down	1.30326000	-0.00000000	3.77874000
Al16_OH	*OH	down	1.35338000	-0.00000000	3.77874000
Al16_OH	*OH	down	1.40351000	-0.00000000	3.77874000
Al16_OH	*OH	down	1.45363000	-0.00109000	3.77868000
Al16_OH	*OH	down	1.50376000	-0.04028000	3.77666000
Al16_OH	*OH	down	1.55388000	-0.24855000	3.76421000
Al16_OH	*OH	down	1.60401000	-0.32931000	3.74770000
Al16_OH	*OH	down	1.65414000	-0.35578000	3.72987000
Al16_OH	*OH	down	1.70426000	-0.29224000	3.71522000
Al16_OH	*OH	down	1.75439000	-0.05568000	3.71243000
Al16_OH	*OH	down	1.80451000	-0.00640000	3.71210000
Al16_OH	*OH	down	1.85464000	-0.00150000	3.71203000
Al16_OH	*OH	down	1.90476000	-0.00037000	3.71201000
Al16_OH	*OH	down	1.95489000	-0.00442000	3.71179000
Al16_OH	*OH	down	2.00501000	-0.08455000	3.70755000
Al16_OH	*OH	down	2.05514000	-0.28572000	3.69323000
Al16_OH	*OH	down	2.10526000	-0.18673000	3.68387000
Al16_OH	*OH	down	2.15539000	-0.04451000	3.68164000
Al16_OH	*OH	down	2.20551000	-0.03917000	3.67968000
Al16_OH	*OH	down	2.25564000	-0.06624000	3.67636000
Al16_OH	*OH	down	2.30576000	-0.12319000	3.67018000
Al16_OH	*OH	down	2.35589000	-0.11629000	3.66435000
Al16_OH	*OH	down	2.40602000	-0.10881000	3.65890000
Al16_OH	*OH	down	2.45614000	-0.06067000	3.65586000
Al16_OH	*OH	down	2.50627000	-0.02931000	3.65439000
Al16_OH	*OH	down	2.55639000	-0.04418000	3.65217000
Al16_OH	*OH	down	2.60652000	-0.04094000	3.65012000
Al16_OH	*OH	down	2.65664000	-0.02734000	3.64875000
Al16_OH	*OH	down	2.70677000	-0.02852000	3.64732000
Al16_OH	*OH	down	2.75689000	-0.04342000	3.64514000
Al16_OH	*OH	down	2.80702000	-0.06013000	3.64213000
Al16_OH	*OH	down	2.85714000	-0.10021000	3.63711000
Al16_OH	*OH	down	2.90727000	-0.09870000	3.63216000
Al16_OH	*OH	down	2.95739000	-0.07133000	3.62858000
Al16_OH	*OH	down	3.00752000	-0.09706000	3.62372000
Al16_OH	*OH	down	3.05764000	-0.12797000	3.61730000
Al16_OH	*OH	down	3.10777000	-0.10416000	3.61208000
Al16_OH	*OH	down	3.15789000	-0.09921000	3.60711000
Al16_OH	*OH	down	3.20802000	-0.16137000	3.59902000
Al16_OH	*OH	down	3.25815000	-0.24015000	3.58698000
Al16_OH	*OH	down	3.30827000	-0.25459000	3.57422000
Al16_OH	*OH	down	3.35840000	-0.18613000	3.56489000
Al16_OH	*OH	down	3.40852000	-0.14175000	3.55779000
Al16_OH	*OH	down	3.45865000	-0.14103000	3.55072000
Al16_OH	*OH	down	3.50877000	-0.19475000	3.54096000
Al16_OH	*OH	down	3.55890000	-0.31750000	3.52504000
Al16_OH	*OH	down	3.60902000	-0.29966000	3.51002000
Al16_OH	*OH	down	3.65915000	-0.22597000	3.49869000
Al16_OH	*OH	down	3.70927000	-0.26790000	3.48526000
Al16_OH	*OH	down	3.75940000	-0.39882000	3.46527000
Al16_OH	*OH	down	3.80952000	-0.50253000	3.44008000
Al16_OH	*OH	down	3.85965000	-0.73080000	3.40345000
Al16_OH	*OH	down	3.90977000	-0.92454000	3.35711000
Al16_OH	*OH	down	3.95990000	-0.69983000	3.32203000
Al16_OH	*OH	down	4.01003000	-0.40299000	3.30183000
Al16_OH	*OH	down	4.06015000	-0.50406000	3.27656000
Al16_OH	*OH	down	4.11028000	-0.61286000	3.24584000
Al16_OH	*OH	down	4.16040000	-0.48638000	3.22146000
Al16_OH	*OH	down	4.21053000	-0.33497000	3.20467000
Al16_OH	*OH	down	4.26065000	-0.23734000	3.19278000
Al16_OH	*OH	down	4.31078000	-0.21596000	3.18195000
Al16_OH	*OH	down	4.36090000	-0.29166000	3.16733000
Al16_OH	*OH	down	4.41103000	-0.33030000	3.15078000
Al16_OH	*OH	down	4.46115000	-0.30777000	3.13535000
Al16_OH	*OH	down	4.51128000	-0.30637000	3.11999000
Al16_OH	*OH	down	4.56140000	-0.33277000	3.10331000
Al16_OH	*OH	down	4.61153000	-0.34274000	3.08613000
Al16_OH	*OH	down	4.66165000	-0.45878000	3.06314000
Al16_OH	*OH	down	4.71178000	-0.56810000	3.03466000
Al16_OH	*OH	down	4.76190000	-0.65483000	3.00184000
Al16_OH	*OH	down	4.81203000	-0.59368000	2.97208000
Al16_OH	*OH	down	4.86216000	-0.89065000	2.92743000
Al16_OH	*OH	down	4.91228000	-1.19327000	2.86762000
Al16_OH	*OH	down	4.96241000	-0.95993000	2.81950000
Al16_OH	*OH	down	5.01253000	-0.68570000	2.78513000
