"energy_eV_rel_EF","Al_total_up","Al_total_down","Co_total_up","Co_total_down","H_total_up","H_total_down","O_total_up","O_total_down"
"-22.72015882","0.0","0.0","0.0","0.0","0.0","0.0","0.0","0.0"
"-22.610158820000002","0.0","0.0","0.0","0.0","0.0","0.0","0.0","0.0"
"-22.499158819999998","0.0","0.0","0.0","0.0","0.0","0.0","0.0","0.0"
"-22.38915882","-7.635149477679999e-32","0.0","-3.0009205195985e-31","0.0","-1.4986409614993297e-30","0.0","-8.655544297113592e-30","0.0"
"-22.27915882","-5.243460458940001e-28","-4.191315207622e-32","-2.0602543270038898e-27","-1.4238524798176395e-31","-1.0289687455908205e-26","-8.00440914923495e-31","-5.942993977383099e-26","-4.5850837567277494e-30"
"-22.16915882","-1.94791463941e-24","-3.009274324416e-28","-7.654004173758199e-24","-1.0219961349325701e-27","-3.822171672057401e-23","-5.745768596504304e-27","-2.2079142635844974e-22","-3.291182672397319e-26"
"-22.058158820000003","-3.918433648690001e-21","-1.167361141687e-24","-1.53952394758317e-20","-3.9648705301905e-24","-7.688898328604898e-20","-2.229146928643e-23","-4.440974741776339e-19","-1.2769994232680718e-22"
"-21.948158820000003","-4.2647510012e-18","-2.453225544285e-21","-1.67516951606464e-17","-8.330888401012398e-21","-8.3666387321715e-17","-4.6842285230549e-20","-4.833123283527009e-16","-2.6834833599436393e-19"
"-21.838158819999997","-2.4297479824799997e-15","-2.790519735454e-18","-9.538922038200897e-15","-9.474359418883002e-18","-4.764633839230098e-14","-5.327081430288098e-17","-2.7530298249012857e-13","-3.052194934414072e-16"
"-21.72715882","-7.66358830524e-13","-1.664049215782e-15","-3.0083879488330997e-12","-5.647458789310599e-15","-1.50276431250716e-11","-3.175986631626001e-14","-8.683909106945708e-11","-1.8199509206976889e-13"
"-21.61715882","-1.29993647151e-10","-5.491276426419999e-13","-5.0992413907978e-10","-1.8629432689944e-12","-2.5476644019572e-09","-1.0480093909232302e-11","-1.4726611529284361e-08","-6.006199148460883e-11"
"-21.50715882","-1.1819826739300001e-08","-9.76038040214e-11","-4.6309566989074e-08","-3.3084022770608005e-10","-2.314670984951101e-07","-1.8617922133515997e-09","-1.3384291830144542e-06","-1.0673185624232245e-08"
"-21.39715882","-5.7293656106e-07","-9.308627840300001e-09","-2.2402061675521e-06","-3.1517198341980997e-08","-1.1206725254234002e-05","-1.7748508400701996e-07","-6.483499158375075e-05","-1.0179382219622905e-06"
"-21.286158819999997","-1.4653277983199998e-05","-4.7401458330700005e-07","-5.711012309036799e-05","-1.6015543200599997e-06","-0.0002862037678039802","-9.031344188964297e-06","-0.0016573340404753719","-5.1819118151007756e-05"
"-21.176158819999998","-0.000193648663579","-1.27604029592e-05","-0.0007501097663432004","-4.2966436697757e-05","-0.0037732283971984985","-0.00024295437592773998","-0.021879867252329672","-0.0013947937670113798"
"-21.06615882","-0.00125066061276","-0.000177916893857","-0.0047819910332991","-0.0005953306513820499","-0.024289172934541005","-0.0033840360075982003","-0.14107542953274477","-0.01944886251468894"
"-20.95515882","-0.0031733951309999998","-0.00121917042478","-0.011639581587534998","-0.0040244477811978","-0.06120981672998502","-0.023157796813019004","-0.35662592163870016","-0.13323621813654116"
"-20.84515882","0.0026234221990999998","-0.0033735942253","0.012396791400478002","-0.010681963057429003","0.05125884380669306","-0.06393822710345198","0.29601755586374007","-0.36825952596825"
"-20.735158820000002","0.031792212005","0.0018076438824000001","0.12170397555402401","0.008285643182302002","0.6019681315620241","0.03395725657358571","3.5061839813294253","0.19596313675678492"
"-20.624158819999998","0.07684371055","0.031749029315","0.27031171123085","0.10554986538905999","1.4172993409539103","0.589495270381182","8.264079246769635","3.4002724483504108"
"-20.51415882","0.10717320710000001","0.08002803407999999","0.3560560146621","0.24310462583395998","2.00810951055173","1.4520766400269804","11.681797630779691","8.369969319231194"
"-20.40415882","0.11023867826000001","0.1115716864","0.4098870640289999","0.3157225944569","2.4816736808283797","2.043177602922012","14.331416252525896","11.745780213609503"
"-20.29415882","0.103882425","0.1121834131","0.5206799799109999","0.34730611141600004","3.2976384326587005","2.459965814730201","18.850586074769","14.032652820071297"
"-20.183158820000003","0.11842190100000001","0.10447461970000001","0.7176534790650001","0.4388956732039999","4.645092666812602","3.2937340594796303","26.391973766712997","18.592709045541017"
"-20.073158820000003","0.15565342199999999","0.117444503","0.97834701023","0.59939677268","6.376925468790204","4.596515554226203","36.09559953887998","25.805453422452004"
"-19.963158819999997","0.162180292","0.15238014400000002","1.1770772169","0.7858045774300002","7.740296560026002","6.142870667243898","43.52414114419999","34.379412273199016"
"-19.85215882","0.12004565","0.161111619","1.2765791723000002","0.9188107785499999","8.402560036302","7.4113875625059995","46.792059006310005","41.20676507865001"
"-19.74215882","0.0862778481","0.12139150600000001","1.3275967083","0.9587855139999998","8.352469989641001","7.9425875937429975","46.20295598138001","43.74599770139997"
"-19.63215882","0.0679741482","0.08714523347","1.2112898224","0.9856332906","6.950906596348004","7.96006800313","38.379812503189","43.533046092901294"
"-19.521158819999997","0.043224353","0.0721320786","1.1313600112","0.93175601288","5.792804966359999","7.022152471824998","31.85090444506201","38.27530624926401"
"-19.411158819999997","0.023204487","0.049211604","1.3374014976999997","0.7738149719","6.380482700539999","5.332707978778999","34.85985560643001","28.983566416130007"
"-19.301158819999998","0.013811854999999998","0.024483019","1.4807881732000001","0.8043932261","6.756539727158997","4.834688547763999","36.87345154757001","26.095558742890017"
"-19.19115882","0.021432694999999998","0.01391593","1.4737403989999998","1.0463871381399998","6.602488967198002","5.677022408547002","36.1392375202","30.401247564006"
"-19.08015882","0.05172109100000001","0.026859163600000003","1.6269968908","1.2714536236","7.477089853004296","6.730132154230001","40.93383042240001","35.995922013000005"
"-18.97015882","0.0698978271","0.061405219999999996","1.8846427485000001","1.4034813967","8.893177160825001","7.582482615864002","48.51741493176001","40.69695899959999"
"-18.860158820000002","0.05536781299999999","0.07550392119999999","1.9969030389","1.3939538821000002","9.796585992270995","7.761733145561","53.27811751570002","41.699268368605004"
"-18.749158819999998","0.046598472499999995","0.0553570151","1.9910345940999998","1.4898232445","10.371687198162006","8.690521467188004","56.435480534870024","46.41045817032002"
"-18.63915882","0.0507256489","0.047009034","2.03268791628","1.7274834287729999","10.868981485157798","10.798554495484","59.36137327118602","57.25374870239402"
"-18.52915882","0.04193001935","0.051097729","1.8551900659800002","1.7136394453400001","9.668476868001898","11.40092816167","52.79852991272803","60.429600722005006"
"-18.418158820000002","0.021498555100000004","0.040082881","1.3505290548000002","1.507327124997","6.506204659283998","10.250942375363","35.16017938650201","54.79727763396499"
"-18.308158820000003","0.005446685999999999","0.020937710900000003","1.1153347080040001","1.17360554982","4.7750454667960005","7.787950204870601","25.306621092729994","41.909914334414005"
"-18.198158820000003","0.00021792800000000005","0.0065327465","1.13335501765","0.725891099031","4.6914617008675","4.470703864818","24.775020077691998","23.819276958464815"
"-18.088158819999997","-0.00038583599999999997","-0.00041322390000000003","0.9156365580000001","0.64435231302","3.7547370439377006","3.489080478465199","19.96700277401401","17.96089026687"
"-17.97715882","-0.0021605465999999995","-0.0038361152","0.9467797217299999","0.78815613065","3.713931518034771","4.171858186515202","19.942825581026998","21.231823452029005"
"-17.86715882","-0.00519598451","0.0019439394","1.33736705101","0.6750592671","5.127147199234897","3.7399936134622003","27.637119250525","19.0315510341597"
"-17.75715882","0.009945703743","0.0431927037","1.15367424657","0.570820454529","4.545743571292901","3.770146385824401","24.5198521601693","19.423308302757"
"-17.646158819999997","0.06772891029","0.09397510680000001","0.4378635411478999","0.75498502524","2.3546227867968197","5.439174260817752","12.5802710597025","28.261504409866"
"-17.536158819999997","0.1078179127092","0.07614354306000001","0.011758291009999996","0.929536349","1.1201555256199298","6.1975799939325","5.807334505562451","32.255449730793"
"-17.426158819999998","0.0632623008","0.018108664799999997","-0.0402578123973","0.782840784509","0.4568797220293097","4.61639248040824","2.3222438318865795","24.070670147202996"
"-17.31615882","0.005186244513799999","-0.0008125263300000007","-0.013425679927500002","0.3733264860017999","-0.07099065402757818","2.16789478548466","-0.3881922797998952","11.346495753389199"
"-17.20515882","-0.0028074040550300004","0.02309871591","-0.0022006457496400005","0.055115491408","0.03289064977268438","1.2279605979842","0.17869777782186103","6.517834939069998"
"-17.09515882","0.027758113835874","0.048711734549999997","0.002703547104092","-0.024185781042099997","1.0900640065662803","1.6835944664886997","5.7377268090398506","8.9631329407141"
"-16.985158820000002","0.058027294823716","0.042981934862000006","0.0059065998225397","-0.0098845068859","2.176535385653692","1.5455382345727402","11.44430758690656","8.1929701553474"
"-16.874158819999998","0.0453863335945595","0.0191993846136","0.004571982738996201","-0.0007074577686300005","1.6992539135460285","0.7111854224624883","8.92909934439926","3.74876251567545"
"-16.76415882","0.0118104452095867","0.0028817739299099995","0.0011676364518123442","-3.6403129100000065e-06","0.443075888630212","0.10686695475367443","2.3250459882592507","0.556784999570797"
"-16.65415882","-0.00222630128655261","-0.001379609360987","-0.000229665851523783","-0.00015388159177469996","-0.0830712429556406","-0.05232084409630498","-0.43718617446130575","-0.2771896438218743"
"-16.543158820000002","-0.00173358114180083","-0.0007563066932553","-0.00017363304359965","-7.124958821601e-05","-0.06494949249010477","-0.02850906025341631","-0.34109252111942406","-0.15022019588085422"
"-16.433158820000003","-0.00033549389688988","-0.000142528365947502","-3.33342771471625e-05","-1.3029688922887e-05","-0.012581620655596494","-0.0053650075022103495","-0.06605350908080958","-0.028228357690594872"
"-16.323158820000003","-2.9520491962614105e-05","-1.26719164635645e-05","-2.91973948609311e-06","-1.1468278448596999e-06","-0.0011078698033378143","-0.0004766917566134339","-0.005813649642743209","-0.0025068361381016865"
"-16.213158819999997","-1.3107314890434301e-06","-5.701347439612402e-07","-1.2925701571187302e-07","-5.1382927087778e-08","-4.922560086543871e-05","-2.144236940073495e-05","-0.0002582641417391455","-0.00011271513320621644"
"-16.10215882","-3.04389414435948e-08","-1.33495057726304e-08","-2.99573750088084e-09","-1.20102923935703e-09","-1.143575987815614e-06","-5.01858085754523e-07","-5.99946077108505e-06","-2.6390329431757685e-06"
"-15.992158819999998","-3.7548852984745495e-10","-1.65069217741908e-10","-3.69112476846431e-11","-1.4839615637239298e-11","-1.4113146904574543e-08","-6.204870187250708e-09","-7.405150914695541e-08","-3.262132715413785e-08"
"-15.882158819999999","-2.4801914552678e-12","-1.0873722218422498e-12","-2.43630799357351e-13","-9.7711776457125e-14","-9.323956480391762e-11","-4.087056554421791e-11","-4.892130046927092e-10","-2.1492669532141588e-10"
"-15.771158819999998","-8.81844095752811e-15","-3.8316074197599406e-15","-8.659291395305938e-16","-3.44271699161858e-16","-3.316456485925058e-13","-1.4404308449016311e-13","-1.7399766695569229e-12","-7.572623840716356e-13"
"-15.661158819999999","-1.55095107999744e-17","-7.72537545347964e-18","-1.5158815983203e-18","-6.94063003418136e-19","-5.820599768963001e-16","-2.9042594862055656e-16","-3.0520558836360635e-15","-1.526441662093329e-15"
"-15.55115882","0.0","0.0","0.0","0.0","0.0","0.0","0.0","0.0"
"-15.440158819999999","0.0","0.0","0.0","0.0","0.0","0.0","0.0","0.0"
"-15.33015882","0.0","0.0","0.0","0.0","0.0","0.0","0.0","0.0"
"-15.22015882","0.0","0.0","0.0","0.0","0.0","0.0","0.0","0.0"
"-15.11015882","0.0","0.0","0.0","0.0","0.0","0.0","0.0","0.0"
"-14.99915882","0.0","0.0","0.0","0.0","0.0","0.0","0.0","0.0"
"-14.88915882","0.0","0.0","0.0","0.0","0.0","0.0","0.0","0.0"
"-14.779158820000001","0.0","0.0","0.0","0.0","0.0","0.0","0.0","0.0"
"-14.66815882","0.0","0.0","0.0","0.0","0.0","0.0","0.0","0.0"
"-14.558158820000001","0.0","0.0","0.0","0.0","0.0","0.0","0.0","0.0"
"-14.448158820000002","0.0","0.0","0.0","0.0","0.0","0.0","0.0","0.0"
"-14.33715882","0.0","0.0","0.0","0.0","0.0","0.0","0.0","0.0"
"-14.227158820000001","0.0","0.0","0.0","0.0","0.0","0.0","0.0","0.0"
"-14.117158819999998","0.0","0.0","0.0","0.0","0.0","0.0","0.0","0.0"
"-14.007158819999999","0.0","0.0","0.0","0.0","0.0","0.0","0.0","0.0"
"-13.896158819999998","0.0","0.0","0.0","0.0","0.0","0.0","0.0","0.0"
"-13.786158819999999","0.0","0.0","0.0","0.0","0.0","0.0","0.0","0.0"
"-13.67615882","0.0","0.0","0.0","0.0","0.0","0.0","0.0","0.0"
"-13.565158819999999","0.0","0.0","0.0","0.0","0.0","0.0","0.0","0.0"
"-13.45515882","0.0","0.0","0.0","0.0","0.0","0.0","0.0","0.0"
"-13.34515882","0.0","0.0","0.0","0.0","0.0","0.0","0.0","0.0"
"-13.23515882","0.0","0.0","0.0","0.0","0.0","0.0","0.0","0.0"
"-13.12415882","0.0","0.0","0.0","0.0","0.0","0.0","0.0","0.0"
"-13.01415882","0.0","0.0","0.0","0.0","0.0","0.0","0.0","0.0"
"-12.904158820000001","0.0","0.0","0.0","0.0","0.0","0.0","0.0","0.0"
"-12.79315882","0.0","0.0","0.0","0.0","0.0","0.0","0.0","0.0"
"-12.683158820000001","0.0","0.0","0.0","0.0","0.0","0.0","0.0","0.0"
"-12.57315882","0.0","0.0","0.0","0.0","0.0","0.0","0.0","0.0"
"-12.46215882","0.0","0.0","0.0","0.0","0.0","0.0","0.0","0.0"
"-12.35215882","0.0","0.0","0.0","0.0","0.0","0.0","0.0","0.0"
"-12.24215882","0.0","0.0","0.0","0.0","0.0","0.0","0.0","0.0"
"-12.13215882","0.0","0.0","0.0","0.0","0.0","0.0","0.0","0.0"
"-12.02115882","0.0","0.0","0.0","0.0","0.0","0.0","0.0","0.0"
"-11.91115882","0.0","0.0","0.0","0.0","0.0","0.0","0.0","0.0"
"-11.80115882","0.0","0.0","0.0","0.0","0.0","0.0","0.0","0.0"
"-11.69015882","0.0","0.0","0.0","0.0","0.0","0.0","0.0","0.0"
"-11.58015882","0.0","0.0","0.0","0.0","0.0","0.0","0.0","0.0"
"-11.47015882","0.0","0.0","0.0","0.0","0.0","0.0","0.0","0.0"
"-11.35915882","0.0","0.0","0.0","0.0","0.0","0.0","0.0","0.0"
"-11.24915882","0.0","0.0","0.0","0.0","0.0","0.0","0.0","0.0"
"-11.13915882","0.0","0.0","0.0","0.0","0.0","0.0","0.0","0.0"
"-11.02915882","-1.201724851391e-30","0.0","-1.7851454045157e-30","0.0","-4.6821618824804584e-30","0.0","-1.1506109282469229e-29","0.0"
"-10.91815882","-7.972265247190001e-27","-6.06399973176e-31","-1.1840007205239199e-26","-5.739663635540701e-31","-3.1050204314353997e-26","-2.19641825730998e-30","-7.630394209819311e-26","-5.4282525625159984e-30"
"-10.808158820000001","-2.87085884704e-23","-4.22595393448e-27","-4.2618726685705005e-23","-4.00065750309e-27","-1.1175229964579106e-22","-1.53036635638455e-26","-2.746478865147701e-22","-3.7822525145559224e-26"
"-10.69815882","-5.607107100719999e-20","-1.5983748088169998e-23","-8.3225710542004e-20","-1.5135844422957e-23","-2.1820402628417287e-19","-5.787663974766989e-23","-5.362814925980759e-19","-1.4303537539877798e-22"
"-10.58715882","-5.93776582951e-17","-3.28040233003e-20","-8.8109206210989e-17","-3.1066142809194e-20","-2.309526447908148e-16","-1.18741366148194e-19","-5.675621516761289e-16","-2.9345749159055397e-19"
"-10.47715882","-3.29683264891e-14","-3.6501324313799996e-17","-4.890335333203001e-14","-3.4569872045974993e-17","-1.2816183238627694e-13","-1.320811521072339e-16","-3.149706933499488e-13","-3.2640501056435023e-16"
"-10.36715882","-1.015374249612e-11","-2.131379037399e-14","-1.5052339200476e-11","-2.01938438134029e-14","-3.94377565949613e-11","-7.710851873820697e-14","-9.693330940544405e-11","-1.9054284721010018e-13"
"-10.25615882","-1.6818798976400001e-09","-6.89637573794e-12","-2.4920338197183005e-09","-6.536363361602498e-12","-6.526381027783299e-09","-2.4940407503935095e-11","-1.6043403209930402e-08","-6.163331767219598e-11"
"-10.14615882","-1.49113986077e-07","-1.201593805824e-09","-2.2074608359962007e-07","-1.13918819677421e-09","-5.779817410836499e-07","-4.343503100812434e-09","-1.4206307700001686e-06","-1.07331456354704e-08"
"-10.03615882","-7.0044546276300005e-06","-1.121334328745e-07","-1.0363560729859e-05","-1.06342274546302e-07","-2.71255727557289e-05","-4.0509158164683306e-07","-6.66809964257326e-05","-1.0009201578017897e-06"
"-9.92615882","-0.000171272708161","-5.55471757342e-06","-0.00025331436192677006","-5.2701488291216e-06","-0.0006627689896701494","-2.0054851964821385e-05","-0.0016291947214377796","-4.9551674240607004e-05"
"-9.81515882","-0.0020994822017","-0.0001436423857801","-0.0031024749239160995","-0.00013636019289877101","-0.008112569325814096","-0.0005182621572974968","-0.019941789289142597","-0.0012804407908702992"
"-9.70515882","-0.01162074411429","-0.0018714646783480002","-0.017169638434378003","-0.0017779114103414998","-0.044838076051364986","-0.0067475354240656964","-0.11022482915913993","-0.016669732153497006"
"-9.59515882","-0.016759517799800002","-0.011184776799320001","-0.025076329167399998","-0.010639183936286","-0.064910477948188","-0.04029234540670979","-0.15965715633669011","-0.09953034965672902"
"-9.48415882","0.0751623158866","-0.0195878547059","0.10722873665117999","-0.018817440605753005","0.2848176889255682","-0.07067456704041201","0.6997252825604497","-0.17454510100226003"
"-9.37415882","0.2923180760667","0.06563722791280001","0.41749093117505004","0.06065429469012401","1.1054797513168726","0.23341940869819705","2.7166155018422504","0.5765138639882098"
"-9.26415882","0.37354055675819997","0.296810127877","0.55313072872806","0.27486738213340994","1.4386659596580065","1.0525870772536599","3.5360136877798998","2.5988560338033104"
"-9.15415882","0.283853391537","0.40053349262599997","0.5439270569725001","0.37648719886980003","1.2747295222139197","1.4269837955601397","3.142212632495001","3.5221357648130995"
"-9.04315882","0.2934208176","0.28951398301799997","0.7015193151230001","0.3348312443397","1.5331878627753999","1.1549610748998598","3.7984434656839996","2.8552587880819975"
"-8.933158820000001","0.34768504795000005","0.30653879002900003","0.7270087990620001","0.4616888514868","1.6903575185327997","1.458300331610399","4.213269393555002","3.624907605709"
"-8.82315882","0.349027127594","0.42101748943","0.67699595624","0.5676275391519999","1.6484960632350991","1.9149451755844002","4.155120503303","4.785215550069998"
"-8.71215882","0.3743577011","0.40611185981299996","1.13303173944","0.44789448418","2.3864758926304015","1.6914280547235996","6.09291888598","4.25241872559"
"-8.60215882","0.5165799829000001","0.33929657033","2.08404325363","0.4993403515989","4.067958427900002","1.7184224221009996","10.4445366721","4.37329178415"
"-8.49215882","0.58345324857","0.4594221565","2.505668056113","1.0846061716400002","4.765971664580001","3.2524254382499995","12.304613901299994","8.363723561100002"
"-8.38115882","0.3950288628","0.5960301873","2.0112724151","1.5238791846","3.5645442347559997","4.544332479490001","9.319830595630002","11.749299214699997"
"-8.27115882","0.1993195542","0.4477783899","2.059608616248","1.2472311970999996","2.7862712742089997","3.7434557807499997","7.4661097718999985","9.7880231129"
"-8.16115882","0.205735183","0.23678364010000003","4.046784607","0.8707232018209998","4.342377101329002","2.582880213294999","11.789087200500003","6.88370772302"
"-8.05115882","0.28637300000000004","0.16935812014","6.729396255","0.78979179413","6.3987303657800005","2.3471608804889996","17.526451146","6.299229924700001"
"-7.940158820000001","0.28478655","0.213222508","9.159092633","1.1219374119999999","6.9231420833003","3.207444065129999","19.392013504","8.592612217500001"
"-7.830158819999999","0.25045663","0.280479775","13.61868297","1.7326202705000002","7.359710747609999","4.6055239235500025","21.211435992","12.456830092500002"
"-7.72015882","0.23886892","0.280312655","21.820888214500002","2.1592424045","9.087158950400005","5.3936982205999975","26.529845394000002","14.948901628399998"
"-7.609158819999999","0.2190417","0.24548801999999997","30.09967845","2.4438773840000003","10.724163297000002","5.8599572498","31.529006999","16.618911388000004"
"-7.49915882","0.18402709","0.24507128000000006","33.85035041","2.739409395","10.752623520999999","6.403278264199999","31.973783759999982","18.255722821500008"
"-7.3891588200000005","0.1459408","0.25393847","34.393785789999995","3.073282891","10.378944762","6.981264945199996","31.122752079999994","19.88343817200001"
"-7.27815882","0.11710720000000001","0.23100109000000002","34.40257562","3.3800617500000003","10.559856642000003","7.726359034600006","31.874336369999998","22.074256304999984"
"-7.16815882","0.10503559999999999","0.18972235999999998","34.30724692","3.3872506700000007","10.209376897999999","8.116623985099999","31.379448870000004","23.339636890000005"
"-7.058158820000001","0.1091875","0.16139109000000001","31.630122769999993","3.2031024599999998","8.993147020999999","7.934789315689999","28.159201429999996","22.925306963000004"
"-6.94815882","0.1336709","0.146895","27.380934390000004","3.2944339499999997","8.022578494000001","7.938381302999999","25.380245540000015","23.01028109984"
"-6.837158820000001","0.1772945","0.1492391","25.06233121","3.9635882799999997","7.500614225","9.036993923000008","24.338218659999995","26.357479050000016"
"-6.72715882","0.22204105999999998","0.15961229999999998","23.05609406","4.607466509999999","6.383591562999999","10.289206451","22.057180740000003","30.213974779999994"
"-6.61715882","0.25201812","0.1574336","21.561256619999998","4.55658397","5.012383332000001","10.262287056000003","19.268954885999992","30.281278130000004"
"-6.50615882","0.26552371","0.1466302","22.04281902","4.15664072","4.341478542","9.355033477599997","18.4185283","27.760482850000006"
"-6.39615882","0.29301419999999995","0.1303029","23.551115640000003","3.9267497782999996","4.164395331000001","8.458044655","18.766758142000008","25.339292729999993"
"-6.286158820000001","0.35246833","0.10487500000000001","25.59783174","3.8831884150000002","4.298601619","8.136793744400002","20.067137699999996","24.5356250846"
"-6.17515882","0.42119550000000006","0.09390889999999999","27.841928330000002","3.7398827679999997","4.8618090803","8.214105811","22.83001384","24.856298268"
"-6.065158820000001","0.5123095000000001","0.17878344","31.8673042","3.6390285804999998","5.531953510000001","8.502056362000001","26.577086","26.28983446"
"-5.955158819999999","0.6077775","0.39312730999999995","39.421602799999995","3.6258757729999997","5.944503369999999","8.354368863999998","30.480224999999997","27.224765679999997"
"-5.84515882","0.609692","0.60568427","44.6551113","3.86292476","5.452168039999997","7.680777270000001","30.8585377","27.09837648"
"-5.734158819999999","0.5192869999999999","0.6500003999999998","43.78333959999999","4.5744146595999995","4.022585660000002","7.761725999999999","26.7838742","28.852724500000004"
"-5.62415882","0.4408689","0.6391974","41.6002007","5.117753717","3.0374120700000002","8.489937729000003","23.8277256","31.648280899999992"
"-5.5141588200000005","0.4156879","0.759537","41.149288","5.00732831","3.1016779939999997","8.455618695999998","24.5093537","31.767709174999997"
"-5.40315882","0.4141404","0.8214578","41.868889","4.310676450000001","3.4930729589999996","7.050472813999998","26.286518600000008","27.500440413999986"
"-5.29315882","0.4336757","0.65989766","42.6292939","3.69973623","3.7329581249999992","5.332471390000001","27.406266700000003","22.58112734"
"-5.183158820000001","0.490354","0.5273655","42.224569900000006","4.11008608","4.1447877700000015","5.025619636700001","28.833860499999997","23.725525679999997"
"-5.07315882","0.54062","0.542645","41.08858959999999","4.895025245","4.986712809999999","5.922782042999998","31.563007999999996","28.87598154"
"-4.962158820000001","0.534567","0.52220899","39.968547","4.533595170000001","5.72288192","5.607643858","34.110586","28.125272059999997"
"-4.85215882","0.5078670000000001","0.54880385","38.529134299999996","3.78046892","5.768674360000001","4.120701089000001","34.395149999999994","24.47968288"
"-4.74215882","0.524802","0.68044022","38.573678699999995","4.13107341","5.489978240000001","3.3561352230000003","33.68297799999999","26.0683036"
"-4.6311588200000005","0.5495249999999999","0.6797773200000001","41.7089063","5.156705809","5.286393369999999","2.8963884314999992","33.710301","28.469611999999994"
"-4.52115882","0.504734","0.569069","45.563739","6.3021939","4.84734805","2.31219923","33.15899","29.950819999999997"
"-4.41115882","0.4206","0.5662440999999999","46.884217","7.6044694","4.151630990000001","2.1707040400000004","31.536838","34.509755999999996"
"-4.30015882","0.37173890000000004","0.5866254000000001","46.162278","7.996523290000001","3.6901237599999996","2.142304900000001","30.867757999999995","36.88675350000001"
"-4.19015882","0.35194369999999997","0.4725514","44.60526110000001","7.5599527","3.5817951299999997","1.8692163799999997","31.340605","34.075361300000004"
"-4.08015882","0.3287998","0.3468360999999999","41.8827565","8.656054000000001","3.478650150000001","1.8063576170000004","31.496528","35.8326251"
"-3.97015882","0.3121638","0.32295199999999996","39.8330858","11.2912149","3.2406459299999986","2.0548647599999996","31.978701000000004","44.54820849999999"
"-3.85915882","0.310287","0.3023164","40.73150150000001","13.1045926","2.9800117799999994","2.14198091","33.233906","50.4309518"
"-3.74915882","0.308046","0.24151430000000002","43.189308000000004","13.6541383","2.774019655000001","2.00393076","33.913545","50.878999"
"-3.6391588200000005","0.296382","0.2016072","44.0358555","13.945240200000002","2.5910901400000004","1.9050383299999998","33.831242","50.6760571"
"-3.52815882","0.289732","0.2127547","44.302824","15.052245600000001","2.4962790800000008","2.0285390499999996","35.54103799999999","53.62138900000001"
"-3.4181588200000004","0.283643","0.23785699999999999","46.026507","16.749450500000002","2.444521209999999","2.2663100000000003","38.105809","57.91612689999999"
"-3.30815882","0.2719146","0.231795","50.438280999999996","17.348221","2.296232090000001","2.2877722699999996","37.822224000000006","58.0172127"
"-3.1971588200000003","0.281281","0.2092812","58.37055600000001","16.732241900000002","2.1723505700000008","2.063458490000001","36.35553300000001","53.61654042800001"
"-3.08715882","0.309573","0.1998674","65.3962868","17.1466041","2.1586604799999995","1.9059209399999997","36.500960000000006","50.593789"
"-2.9771588199999997","0.327226","0.21064399999999997","67.648624","19.943631999999997","2.1359136399999996","2.0212069","36.660423","53.77885490000002"
"-2.86715882","0.340277","0.22605599999999998","65.28958899999999","22.188252","2.0465275099999998","2.16006554","36.467043","58.58166929999999"
"-2.7561588200000005","0.36615600000000004","0.22892429999999997","59.74886399999999","20.424919","1.9205984099999998","1.9870546499999997","37.419035","57.206845099999995"
"-2.64615882","0.38938800000000007","0.22376569999999998","53.495801099999994","16.308659","1.7810784499999992","1.58265993","38.081529999999994","50.48822070000001"
"-2.53615882","0.3650626","0.2416278","46.830037499999996","13.04227732","1.6108112099999998","1.2149302343900001","36.5802866","43.22401896"
"-2.42515882","0.283824","0.2776711","38.770993999999995","12.527069400000002","1.4084269999999997","1.0088082144","34.389255500000004","37.68724601000001"
"-2.3151588199999997","0.197189","0.26449808","30.8567536","17.798889820000003","1.24083225","0.9867243810000004","33.373856999999994","34.78033491599999"
"-2.2051588200000003","0.1359346","0.20232429","25.0268543","28.636871759999995","1.1253007200000003","1.133418251","32.41005869999999","35.590945219999995"
"-2.09515882","0.1029352","0.1473215","21.167503999999997","37.943322450000004","1.0569766700000003","1.3482485899999999","31.754663899999997","39.44178570000001"
"-1.9841588200000002","0.1009454","0.1118284","19.5911007","41.641404","1.0903923100000001","1.511875635","34.0488355","42.995121299999994"
"-1.87415882","0.1117619","0.08536302000000001","19.6966088","40.2927385","1.1715227300000004","1.5068346659999994","37.348398","42.46828790000003"
"-1.7641588200000005","0.1129821","0.06414902","19.2639533","34.5300466","1.17010152","1.2530624499999998","37.3559827","35.429284769999995"
"-1.6531588199999998","0.1091919","0.04977183","18.117740100000002","31.621719000000002","1.10107101","0.9359250799999999","35.042975200000015","25.161533330999994"
"-1.5431588200000004","0.1200161","0.05041887","17.421925199999997","40.27299946000001","1.06491066","0.8327735289999997","33.889372800000004","17.616564289"
"-1.43315882","0.14212740000000001","0.0756104","16.9068797","55.821321530000006","1.056474192","0.92740712","33.685378199999995","14.448915708999998"
"-1.3221588200000003","0.143261","0.12298129999999999","15.2632102","68.16618939","0.97951199","1.120666099","31.696448089999983","17.306636412000007"
"-1.21215882","0.1231272","0.1664351","13.292352199999998","70.88100815800001","0.88958553","1.3135181329999999","30.100795229999992","25.289309809999995"
"-1.1021588199999997","0.1010415","0.17261100000000001","12.47324193","62.645396853","0.88631646","1.3136708270000002","31.972134124000004","30.44314565"
"-0.9921588200000002","0.07818069999999999","0.1283144","12.33391763","51.473971989999995","0.9416842558","1.1191596600000002","36.66834548399999","28.337049719999996"
"-0.8811588200000005","0.0658452","0.06545266000000001","12.61118997","44.894868602","1.0236023","0.9534154913199999","43.12438923","24.506612965000002"
"-0.7711588200000001","0.05683427","0.02609198","12.846950979999999","37.393457818","1.002566306","0.8079670972400002","44.6819461","21.2114792071"
"-0.6611588200000003","0.041876500000000004","0.012502174","13.232572129999998","23.589136377000003","0.8556373230000002","0.55464750789","39.73878482999999","16.191034131"
"-0.55015882","0.03780193","0.022215573000000002","14.66112846","9.757719811000001","0.7686393079999998","0.38330523502999997","36.89966878999999","14.6347669392"
"-0.4401588200000002","0.04291159","0.05007792","15.486473149000004","2.4210030569","0.7491044767999999","0.43292273282999993","36.78073733000001","19.316626758"
"-0.33015881999999985","0.0472","0.0577131285","14.260602780000001","0.4642336041000001","0.706700535","0.45439474008999997","35.08145520000001","20.3783316391"
"-0.2191588200000001","0.05685006","0.03347087377","13.733947259999999","0.18071191342200005","0.7709608056900003","0.31404867558","37.858205510000005","14.0417904938"
"-0.10915882000000021","0.06297437","0.0125790831","14.048174309","0.20688311898000003","0.9202078436999999","0.24444440895099992","44.04116233999999","11.4165703142"
"0.000841180000000108","0.045077934","0.0055167772","10.8381168827","0.282922171526","0.7930828808000001","0.24213331553399997","37.269747797","11.822183776010002"
"0.11084117999999998","0.01516698887","0.0015421359000000001","4.5976233622","0.17371527765","0.35775241461","0.135776791562","16.719303240000002","6.821063080551"
"0.22184117999999975","-0.000442273","-0.000345898909","0.38165083858999993","0.026423447329999995","0.032797506920000004","0.0195990871311","1.5506820570000004","1.0489272230947"
"0.33184118000000007","-0.0018592183999999999","-0.00031916765","-0.4501993528","-0.014535291470000001","-0.03341044832","-0.011209118473199999","-1.5636218144","-0.54546557231"
"0.44184117999999994","-0.0005385742","-7.665120000000001e-05","-0.17536051787","-0.006649580332","-0.013009686997000001","-0.005022188090499999","-0.6137755223","-0.25188594234700007"
"0.5528411800000002","-6.962313e-05","-8.942949e-06","-0.026828687755","-0.0010665314498","-0.001970304896","-0.00079761891826","-0.09350767638999999","-0.0403921053725"
"0.66284118","-4.645421e-06","-5.6338923e-07","-0.0020119045186000003","-8.154127635999999e-05","-0.00014657702658999998","-6.0557948246e-05","-0.006988026885","-0.0030810744108900013"
"0.7728411799999999","-1.6662464000000002e-07","-2.5848453e-08","-7.835826215e-05","-6.655291219000001e-06","-5.684967364000001e-06","-2.3842565806000007e-06","-0.00027195424474","-0.00012075171850639999"
"0.8838411800000001","-3.2564664e-09","-3.1544711e-07","-1.6215040337999997e-06","-0.00017543041765300004","-1.1757123551999999e-07","-1.4845876355e-06","-5.638610366099999e-06","-3.1233369055e-05"
"0.99384118","-3.4809067e-11","-8.3264846e-06","-1.8018710762e-08","-0.004704057272300001","-1.3097020520000003e-09","-3.854321818799999e-05","-6.29268623e-08","-0.0007593069949999999"
"1.1038411799999999","-2.1618545e-13","-0.00011356685799999999","-1.0816694619e-10","-0.065681390837","-7.907198328e-12","-0.0005364923588999998","-3.7991498513000013e-10","-0.010331321729"
"1.2138411799999997","-3.9692668700000005e-12","-0.00075977316","-5.042914548e-12","-0.45510930617","-3.3289955699999997e-12","-0.003682502743400001","-1.759317559e-11","-0.06842849251000001"
"1.32484118","-6.744368199999999e-10","-0.00206921831","-7.961889777000002e-10","-1.3140668938","-5.611072323000001e-10","-0.010370564224000003","-2.779796637e-09","-0.17782638581000001"
"1.4348411799999998","-6.128180600000002e-08","0.00101075351","-7.221954175999999e-08","0.3966156443399999","-5.0956109680000004e-08","0.004213431318999999","-2.5265523519999995e-07","0.13847609132"
"1.54484118","-2.94907882e-06","0.019745352","-3.4684839895999998e-06","11.955003579","-2.450460370999999e-06","0.09624599612","-1.2161891829999996e-05","1.7901657792999999"
"1.65584118","-7.383347100000001e-05","0.053331916","-8.665859909000003e-05","33.132196825","-6.131026446999998e-05","0.26084284559000004","-0.0003046173779","4.422699026"
"1.76584118","-0.00092678762","0.072839776","-0.0010851403488","47.466445988","-0.0007691486173000001","0.36950396490000004","-0.0038262128390000004","5.896514415"
"1.8758411799999999","-0.0052886716","0.05109929200000001","-0.0061727326970000005","39.038008005000016","-0.004388268044","0.29836151154100005","-0.021869830010000004","4.68563200063"
"1.98584118","-0.0084945556","0.023391358","-0.009818397643","18.84883424977","-0.007078891828999999","0.14795651657500003","-0.035511074659999996","2.7891451822400004"
"2.09684118","0.030788474200000002","0.056335269","0.036300816538","10.3481074975","0.025258266641999996","0.11914109339000001","0.12483046568","2.9206223717999995"
"2.2068411799999996","0.132045553","0.150872849","0.1545613545497729","13.383175058","0.10885322190000002","0.19544139519999995","0.5410030029999998","3.8528276230000005"
"2.31684118","0.192827829","0.23039778999999996","0.2237155863","17.377596562","0.16059035974","0.2576503468","0.8045285272","3.943595445"
"2.4278411799999997","0.18269562600000003","0.24297299","0.20446847166899998","19.23493699213","0.1561875792","0.27259502208999997","0.8019071812600003","3.5680625013000005"
"2.53784118","0.17606121","0.24042355699999998","0.19039667575999997","18.255508385500004","0.15761201308200004","0.2671910955","0.8266984157","3.157440125"
"2.64784118","0.17888459","0.2645914","0.2043428797","15.430776309600002","0.17749304989999998","0.26367598779999996","0.9162363110999999","2.654837133"
"2.75884118","0.20351243","0.29920769999999997","0.2461709845","13.907532684940001","0.22263338781999997","0.3021515095","1.120619661","2.5417412049999997"
"2.86884118","0.24414167999999997","0.32747545","0.2842009494","17.4643552235","0.28015445819999996","0.4013791818259998","1.3971331976999999","2.967301437599999"
"2.97884118","0.27087103","0.36337951","0.305163225","29.72265595","0.3439309466","0.5403596821000001","1.6901726600000004","4.062499780000001"
"3.0888411799999997","0.2664167","0.4035591","0.32023908500000003","48.94671914","0.4039356267000001","0.6922715074999999","1.93207255","6.031585540000001"
"3.19984118","0.24626593999999996","0.39530440000000006","0.3209290673000001","63.802615","0.428732071","0.7868014509999998","2.01744574","7.50794437"
"3.30984118","0.24039788999999998","0.3476287","0.31551159709999993","68.1493772","0.4329941591999999","0.7943431949999996","2.0347679","7.571654899999999"
"3.41984118","0.23994714000000003","0.29459930000000006","0.322417017","63.24013399000001","0.4522915590999999","0.76510775","2.0956713000000002","6.933226099999997"
"3.53084118","0.23137974999999997","0.2517766","0.32379006499999996","51.269764437999996","0.48292210799999996","0.7458422499999999","2.1727135000000004","6.2109767"
"3.64084118","0.24405791","0.24742759999999997","0.30472205699999994","43.79228896","0.5100144480000002","0.7417007699999999","2.2665617","5.691535400000001"
"3.75084118","0.3103332","0.2725101","0.299663055","44.5063471","0.540156375","0.7528275200000001","2.4597048599999995","5.6009363"
"3.86184118","0.42829496","0.31394310000000003","0.32538070999999996","45.1654975","0.5870169359999998","0.8212034600000004","2.7979259999999995","6.0493521999999995"
"3.97184118","0.55284883","0.3655596","0.37001367599999996","47.4156369","0.6728056990000001","0.9422391499999998","3.2688797999999992","7.006039099999999"
"4.08184118","0.6347974","0.4259682","0.43508206699999996","53.86241770000001","0.7930012590000002","1.05214104","3.7962442000000007","8.248710599999999"
"4.19184118","0.6469232","0.5123185","0.464393607","59.4445263","0.821555981","1.0955099300000002","3.9041514999999998","9.337252999999999"
"4.30284118","0.7260374599999999","0.606469","0.45974199","61.90779859999999","0.779511525","1.0734960700000002","3.8118111999999997","10.009564"
"4.41284118","0.9233369","0.709715","0.47505312","61.1691213","0.7998143399999997","1.03114972","4.0608762","10.247613"
"4.52284118","1.0334403","0.8490303000000001","0.5042301","55.7448801","0.8731912119999998","0.9925218999999996","4.399161000000002","9.997824"
"4.63384118","1.0411893","0.9616204","0.55583455","47.923025100000004","0.9797589459999997","0.9605200300000002","4.7481827","9.433928999999997"
"4.74384118","1.0327036","1.018966","0.60202022","38.8323283","1.048892985","0.9520450100000004","4.9624168","8.718309999999999"
"4.85384118","0.976804","1.0528985000000002","0.5950157599999999","26.421586","1.0209550599999997","0.9657417100000003","4.7603843","7.68277"
"4.96484118","0.9693258","1.0249304000000001","0.5930470400000001","14.038271889999999","1.0094419500000003","0.9579944700000002","4.607937000000001","6.422882999999999"
"5.07484118","1.0653325","0.9733561","0.6313011000000001","6.52967739","1.0541069100000002","0.9402362700000002","4.748412000000002","5.486323"
"5.184841179999999","1.0857830999999998","1.0248897000000001","0.6460084299999999","3.8696542","1.03916293","0.9821248851000002","4.642274","5.297765999999999"
"5.29484118","0.956331","1.0925636","0.6529044","3.2301763","1.0016510900000002","1.020174317","4.30904","5.28368"
"5.4058411799999995","0.8562919000000001","1.0018949","0.72638382","2.6892494","1.0944633600000002","0.9983857700000003","4.406753","4.873979000000001"
"5.51584118","0.9149358","0.8828082","0.8564463000000001","2.2312386","1.2992826299999995","1.04856309","5.016636","4.705214"
"5.62584118","0.9919421","0.9081115000000001","0.9595887000000001","2.1251563","1.4241965899999995","1.2287000900000002","5.3864529999999995","5.20726"
"5.73684118","0.9783603999999999","0.9556121999999999","1.0227317299999998","2.0976918","1.4280664700000003","1.3721280700000003","5.260787","5.607198"
"5.84684118","0.9644893","0.9267855999999999","1.1355335899999999","1.9420502","1.4822411100000001","1.3936384599999998","5.271179","5.448751"
"5.95684118","0.9541789","0.9008479","1.3044526100000002","1.8239477","1.6402522699999997","1.4471890399999998","5.613745","5.369462"
"6.06684118","0.8677245","0.867472","1.4327350100000005","1.8307985000000002","1.7349192799999993","1.6037476700000004","5.745132999999999","5.641019"
"6.17784118","0.7845066","0.7732610999999999","1.53985308","1.7992401","1.7343682400000004","1.6932893600000005","5.635860999999999","5.6851389999999995"
"6.28784118","0.7996728000000001","0.6934499","1.72512076","1.7536458","1.8019005499999998","1.7075105200000003","5.8209800000000005","5.54078"
"6.39784118","0.8663788","0.711815","1.9639183999999998","1.8514417","1.92742372","1.8020613600000004","6.2382800000000005","5.736621"
"6.50884118","0.9291798","0.8011486999999999","2.1785407","2.0055941","2.0441496900000002","1.91911707","6.575776","6.0697410000000005"
"6.61884118","0.9853947","0.9064071","2.3431186000000004","2.1229582000000002","2.1923532999999997","2.03213972","6.877713000000001","6.375328999999999"
"6.72884118","1.022095","0.9864162999999999","2.4662825","2.2066515","2.3459337","2.1824869","7.139507","6.718087999999998"
"6.8398411800000005","1.058415","1.016124","2.5687550999999997","2.2614397000000004","2.4526771","2.3099213000000005","7.285574999999998","6.923939999999998"
"6.94984118","1.122871","1.04511","2.6629335","2.3196922","2.523517599999999","2.4115534","7.364147000000001","7.028217"
"7.059841179999999","1.173532","1.118188","2.7773829","2.3927972000000004","2.5936808000000005","2.5143923","7.4603909999999996","7.186403"
"7.169841180000001","1.160402","1.177423","2.9485797000000002","2.4621322","2.6574991000000003","2.5888507","7.567958999999999","7.308427000000001"
"7.2808411799999995","1.116899","1.165603","3.1957198","2.5120967","2.7010494","2.6166983","7.710609","7.296774"
"7.39084118","1.090682","1.136081","3.4875233","2.5939436000000007","2.7140766999999997","2.6371237","7.868329999999999","7.317393000000001"
"7.50084118","1.044466","1.1459650000000001","3.7041066999999988","2.7660481000000003","2.6713581999999993","2.6685136000000003","7.853474999999999","7.4576899999999995"
"7.61184118","0.9368729999999998","1.139499","3.8099952","2.9494886000000005","2.6101698000000004","2.6748246","7.6784490000000005","7.535031"
"7.72184118","0.84366","1.059668","3.9365938000000003","3.0239731","2.6336296000000003","2.6603467000000003","7.666753","7.452488999999998"
"7.83184118","0.860572","0.970626","4.178753","3.0420480999999997","2.7773402999999997","2.693389099999999","7.989359999999997","7.405992999999999"
"7.94284118","0.9277960000000001","0.9620329999999999","4.512648","3.1577944000000002","2.9304751999999996","2.8060231","8.409363","7.606109"
"8.05284118","0.929481","1.000451","4.7485062","3.3844062999999998","2.9204546999999996","2.9284467000000003","8.454095","7.946137000000001"
"8.162841180000001","0.794268","1.0008110000000001","4.272594699999999","3.5010989","2.5015637","2.9173427000000003","7.30716","7.971558999999999"
"8.27284118","0.47880400000000006","0.8551719999999999","2.6152306999999992","3.054509799999999","1.4954806000000003","2.4845981999999998","4.377950000000001","6.810085"
"8.383841180000001","0.138399","0.4962873","0.75935414","1.8030947","0.42750287","1.4483717000000003","1.247315","3.9712599999999987"
"8.49384118","-0.01342432","0.1292344","-0.06676560486","0.48766695","-0.04127057868","0.38717402000000006","-0.12268534828599997","1.0602386"
"8.60384118","-0.0202451","-0.01950505","-0.108439126","-0.06340879409999998","-0.06255900499999997","-0.0525190649","-0.1828975","-0.14484484"
"8.71484118","-0.00534158","-0.02076469","-0.029239284000000008","-0.07550362999999999","-0.016727882","-0.06085173899999998","-0.048675179999999985","-0.16678919999999997"
"8.82484118","-0.0006497920000000001","-0.00506179","-0.0036403335999999997","-0.018890586000000004","-0.0020752661999999997","-0.015183547","-0.006007917000000001","-0.04151459"
"8.93484118","-4.11487e-05","-0.000577613","-0.00023622913","-0.0021940997","-0.00013457790000000002","-0.0017624242000000001","-0.00038725760000000005","-0.004807827"
"9.04584118","-1.408314e-06","-3.429216e-05","-8.2798914e-06","-0.00013208960999999998","-4.724840700000002e-06","-0.00010607589200000002","-1.3505631999999999e-05","-0.00028877099999999995"
"9.15584118","-2.641315e-08","-1.0943020000000001e-06","-1.58774192e-07","-4.2634337e-06","-9.091283299999999e-08","-3.4223576e-06","-2.5806625e-07","-9.300111e-06"
"9.265841179999999","-2.728204e-10","-1.8998310000000002e-08","-1.6727863899999998e-09","-7.471032499999999e-08","-9.622027700000004e-10","-5.992948100000002e-08","-2.7128084e-09","-1.6262735999999997e-07"
"9.37584118","-1.5536639999999998e-12","-1.8022810000000002e-10","-9.689915399999999e-12","-7.142190999999999e-10","-5.6027075999999995e-12","-5.723163799999999e-10","-1.5696233999999992e-11","-1.5514651000000003e-09"
"9.486841179999999","-4.86721e-15","-9.35629e-13","-3.0804513e-14","-3.7305128e-12","-1.79013952e-14","-2.985326e-12","-4.9867920000000015e-14","-8.087586000000002e-12"
"9.59684118","-5.64053e-18","-2.668242e-15","-3.8693533799999993e-17","-1.0687350000000002e-14","-2.2831224100000002e-17","-8.543423700000001e-15","-6.233764300000001e-17","-2.3135610999999998e-14"
"9.70684118","0.0","0.0","0.0","0.0","0.0","0.0","0.0","0.0"
"9.81784118","0.0","0.0","0.0","0.0","0.0","0.0","0.0","0.0"
"9.92784118","0.0","0.0","0.0","0.0","0.0","0.0","0.0","0.0"
"10.037841180000001","0.0","0.0","0.0","0.0","0.0","0.0","0.0","0.0"
"10.14784118","0.0","0.0","0.0","0.0","0.0","0.0","0.0","0.0"
"10.258841180000001","0.0","0.0","0.0","0.0","0.0","0.0","0.0","0.0"
"10.36884118","0.0","0.0","0.0","0.0","0.0","0.0","0.0","0.0"
