"energy_eV_rel_EF","Co_total_up","Co_total_down","H_total_up","H_total_down","O_total_up","O_total_down"
"-15.03759","0.0","0.0","0.0","0.0","0.0","0.0"
"-14.98747","0.0","0.0","0.0","0.0","0.0","0.0"
"-14.93734","0.0","0.0","0.0","0.0","0.0","0.0"
"-14.88722","0.0","0.0","0.0","0.0","0.0","0.0"
"-14.83709","0.0","0.0","0.0","0.0","0.0","0.0"
"-14.78697","0.0","0.0","0.0","0.0","0.0","0.0"
"-14.73684","0.0","0.0","0.0","0.0","0.0","0.0"
"-14.68672","0.0","0.0","0.0","0.0","0.0","0.0"
"-14.63659","0.0","0.0","0.0","0.0","0.0","0.0"
"-14.58647","0.0","0.0","0.0","0.0","0.0","0.0"
"-14.53634","0.0","0.0","0.0","0.0","0.0","0.0"
"-14.48622","0.0","0.0","0.0","0.0","0.0","0.0"
"-14.43609","0.0","0.0","0.0","0.0","0.0","0.0"
"-14.38596","0.0","0.0","0.0","0.0","0.0","0.0"
"-14.33584","0.0","0.0","0.0","0.0","0.0","0.0"
"-14.28571","0.0","0.0","0.0","0.0","0.0","0.0"
"-14.23559","0.0","0.0","0.0","0.0","0.0","0.0"
"-14.18546","0.0","0.0","0.0","0.0","0.0","0.0"
"-14.13534","0.0","0.0","0.0","0.0","0.0","0.0"
"-14.08521","0.0","0.0","0.0","0.0","0.0","0.0"
"-14.03509","0.0","0.0","0.0","0.0","0.0","0.0"
"-13.98496","0.0","0.0","0.0","0.0","0.0","0.0"
"-13.93484","0.0","0.0","0.0","0.0","0.0","0.0"
"-13.88471","0.0","0.0","0.0","0.0","0.0","0.0"
"-13.83459","0.0","0.0","0.0","0.0","0.0","0.0"
"-13.78446","0.0","0.0","0.0","0.0","0.0","0.0"
"-13.73434","0.0","0.0","0.0","0.0","0.0","0.0"
"-13.68421","0.0","0.0","0.0","0.0","0.0","0.0"
"-13.63409","0.0","0.0","0.0","0.0","0.0","0.0"
"-13.58396","0.0","0.0","0.0","0.0","0.0","0.0"
"-13.53383","0.0","0.0","0.0","0.0","0.0","0.0"
"-13.48371","0.0","0.0","0.0","0.0","0.0","0.0"
"-13.43358","0.0","0.0","0.0","0.0","0.0","0.0"
"-13.38346","0.0","0.0","0.0","0.0","0.0","0.0"
"-13.33333","0.0","0.0","0.0","0.0","0.0","0.0"
"-13.28321","0.0","0.0","0.0","0.0","0.0","0.0"
"-13.23308","0.0","0.0","0.0","0.0","0.0","0.0"
"-13.18296","0.0","0.0","0.0","0.0","0.0","0.0"
"-13.13283","0.0","0.0","0.0","0.0","0.0","0.0"
"-13.08271","0.0","0.0","0.0","0.0","0.0","0.0"
"-13.03258","0.0","0.0","0.0","0.0","0.0","0.0"
"-12.98246","0.0","0.0","0.0","0.0","0.0","0.0"
"-12.93233","0.0","0.0","0.0","0.0","0.0","0.0"
"-12.88221","0.0","0.0","0.0","0.0","0.0","0.0"
"-12.83208","0.0","0.0","0.0","0.0","0.0","0.0"
"-12.78195","0.0","0.0","0.0","0.0","0.0","0.0"
"-12.73183","0.0","0.0","0.0","0.0","0.0","0.0"
"-12.6817","0.0","0.0","0.0","0.0","0.0","0.0"
"-12.63158","0.0","0.0","0.0","0.0","0.0","0.0"
"-12.58145","0.0","0.0","0.0","0.0","0.0","0.0"
"-12.53133","0.0","0.0","0.0","0.0","0.0","0.0"
"-12.4812","0.0","0.0","0.0","0.0","0.0","0.0"
"-12.43108","0.0","0.0","0.0","0.0","0.0","0.0"
"-12.38095","0.0","0.0","0.0","0.0","0.0","0.0"
"-12.33083","0.0","0.0","0.0","0.0","0.0","0.0"
"-12.2807","0.0","0.0","0.0","0.0","0.0","0.0"
"-12.23058","0.0","0.0","0.0","0.0","0.0","0.0"
"-12.18045","0.0","0.0","0.0","0.0","0.0","0.0"
"-12.13033","0.0","0.0","0.0","0.0","0.0","0.0"
"-12.0802","0.0","0.0","0.0","0.0","0.0","0.0"
"-12.03008","0.0","0.0","0.0","0.0","0.0","0.0"
"-11.97995","0.0","0.0","0.0","0.0","0.0","0.0"
"-11.92982","0.0","0.0","0.0","0.0","0.0","0.0"
"-11.8797","0.0","0.0","0.0","0.0","0.0","0.0"
"-11.82957","0.0","0.0","0.0","0.0","0.0","0.0"
"-11.77945","0.0","0.0","0.0","0.0","0.0","0.0"
"-11.72932","0.0","0.0","0.0","0.0","0.0","0.0"
"-11.6792","0.0","0.0","0.0","0.0","0.0","0.0"
"-11.62907","0.0","0.0","0.0","0.0","0.0","0.0"
"-11.57895","0.0","0.0","0.0","0.0","0.0","0.0"
"-11.52882","0.0","0.0","0.0","0.0","0.0","0.0"
"-11.4787","0.0","0.0","0.0","0.0","0.0","0.0"
"-11.42857","0.0","0.0","0.0","0.0","0.0","0.0"
"-11.37845","0.0","0.0","0.0","0.0","0.0","0.0"
"-11.32832","0.0","0.0","0.0","0.0","0.0","0.0"
"-11.2782","0.0","0.0","0.0","0.0","0.0","0.0"
"-11.22807","0.0","0.0","0.0","0.0","0.0","0.0"
"-11.17794","0.0","0.0","0.0","0.0","0.0","0.0"
"-11.12782","0.0","0.0","0.0","0.0","0.0","0.0"
"-11.07769","0.0","0.0","0.0","0.0","0.0","0.0"
"-11.02757","0.0","0.0","0.0","0.0","0.0","0.0"
"-10.97744","0.0","0.0","0.0","0.0","0.0","0.0"
"-10.92732","0.0","0.0","0.0","0.0","0.0","0.0"
"-10.87719","0.0","0.0","0.0","0.0","0.0","0.0"
"-10.82707","0.0","0.0","0.0","0.0","0.0","0.0"
"-10.77694","0.0","0.0","0.0","0.0","0.0","0.0"
"-10.72682","0.0","0.0","0.0","0.0","0.0","0.0"
"-10.67669","0.0","0.0","0.0","0.0","0.0","0.0"
"-10.62657","0.0","0.0","0.0","0.0","0.0","0.0"
"-10.57644","0.0","0.0","0.0","0.0","0.0","0.0"
"-10.52632","0.0","0.0","0.0","0.0","0.0","0.0"
"-10.47619","0.0","0.0","0.0","0.0","0.0","0.0"
"-10.42607","0.0","0.0","0.0","0.0","0.0","0.0"
"-10.37594","0.0","0.0","0.0","0.0","0.0","0.0"
"-10.32581","0.0","0.0","0.0","0.0","0.0","0.0"
"-10.27569","0.0","0.0","0.0","0.0","0.0","0.0"
"-10.22556","0.0","0.0","0.0","0.0","0.0","0.0"
"-10.17544","0.0","0.0","0.0","0.0","0.0","0.0"
"-10.12531","0.0","0.0","0.0","0.0","0.0","0.0"
"-10.07519","0.0","0.0","0.0","0.0","0.0","0.0"
"-10.02506","0.0","0.0","0.0","0.0","0.0","0.0"
"-9.97494","0.0","0.0","0.0","0.0","0.0","0.0"
"-9.92481","0.0","0.0","0.0","0.0","0.0","0.0"
"-9.87469","0.0","0.0","0.0","0.0","0.0","0.0"
"-9.82456","0.0","0.0","0.0","0.0","0.0","0.0"
"-9.77444","0.0","0.0","0.0","0.0","0.0","0.0"
"-9.72431","0.0","0.0","0.0","0.0","0.0","0.0"
"-9.67419","0.0","0.0","0.0","0.0","0.0","0.0"
"-9.62406","0.0","0.0","0.0","0.0","0.0","0.0"
"-9.57393","0.0","0.0","0.0","0.0","0.0","0.0"
"-9.52381","0.0","0.0","0.0","0.0","0.0","0.0"
"-9.47368","0.0","0.0","0.0","0.0","0.0","0.0"
"-9.42356","0.0","0.0","0.0","0.0","0.0","0.0"
"-9.37343","0.0","0.0","0.0","0.0","0.0","0.0"
"-9.32331","0.0","0.0","0.0","0.0","0.0","0.0"
"-9.27318","0.0","0.0","0.0","0.0","0.0","0.0"
"-9.22306","0.0","0.0","0.0","0.0","0.0","0.0"
"-9.17293","0.0","0.0","0.0","0.0","0.0","0.0"
"-9.12281","0.0","0.0","0.0","0.0","0.0","0.0"
"-9.07268","0.0","0.0","0.0","0.0","0.0","0.0"
"-9.02256","0.0","0.0","0.0","0.0","0.0","0.0"
"-8.97243","0.0","0.0","0.0","0.0","0.0","0.0"
"-8.92231","0.0","0.0","0.0","0.0","0.0","0.0"
"-8.87218","0.0","0.0","0.0","0.0","0.0","0.0"
"-8.82206","0.0","0.0","0.0","0.0","0.0","0.0"
"-8.77193","0.0","0.0","0.0","0.0","0.0","0.0"
"-8.7218","0.0","0.0","0.0","0.0","0.0","0.0"
"-8.67168","0.0","0.0","0.0","0.0","0.0","0.0"
"-8.62155","0.0","0.0","0.0","0.0","0.0","0.0"
"-8.57143","0.0","0.0","0.0","0.0","0.0","0.0"
"-8.5213","0.0","0.0","0.0","0.0","0.0","0.0"
"-8.47118","0.0","0.0","0.0","0.0","0.0","0.0"
"-8.42105","0.0","0.0","0.0","0.0","0.0","0.0"
"-8.37093","0.0","0.0","0.0","0.0","0.0","0.0"
"-8.3208","0.0","0.0","0.0","0.0","0.0","0.0"
"-8.27068","0.0","0.0","0.0","0.0","0.0","0.0"
"-8.22055","0.0","0.0","0.0","0.0","0.0","0.0"
"-8.17043","0.0","0.0","0.0","0.0","0.0","0.0"
"-8.1203","0.00311","0.0","0.00030000000000000003","0.0","0.00203","0.0"
"-8.07018","0.23531","0.0","0.02616999999999999","0.0","0.15747","0.0"
"-8.02005","2.8011500000000003","0.0","0.31398999999999994","0.0","1.8860300000000003","0.0"
"-7.96992","6.064389999999999","0.0","0.7702300000000001","0.0","4.49397","0.0"
"-7.9198","4.77812","0.0","1.3776800000000007","0.0","7.01041","0.0"
"-7.86967","8.009500000000001","0.0","2.803139999999998","0.0","13.88851","0.0"
"-7.81955","10.14926","0.00024","3.83737","0.00027000000000000006","19.22148","0.001720000000000003"
"-7.76942","7.7770399999999995","0.03579","4.033620000000002","0.03568000000000001","20.212460000000004","0.17175000000000004"
"-7.7193","8.4628","0.5925499999999999","3.5213400000000004","0.58687","17.910390000000003","2.829430000000001"
"-7.66917","21.74866","2.15477","4.66565","2.1410599999999995","24.868640000000006","10.345010000000004"
"-7.61905","35.535810000000005","3.201609999999999","5.653150000000002","3.220060000000002","31.94945000000002","15.670960000000006"
"-7.56892","29.437880000000007","4.1571299999999995","5.05171","4.2371799999999995","28.75928999999999","20.768169999999994"
"-7.5188","12.792339999999996","3.42989","3.9266899999999985","3.550769999999999","21.11813","17.51488000000001"
"-7.46867","9.093570000000001","2.9527900000000002","3.2127999999999997","3.1136200000000005","17.045060000000003","15.488789999999998"
"-7.41855","19.768300000000004","3.1976299999999998","5.026329999999999","3.384220000000001","27.097040000000014","16.95087999999999"
"-7.36842","37.071299999999994","3.23877","8.390069999999998","3.4432899999999984","45.21743000000003","17.39114"
"-7.3183","39.335170000000005","3.1309800000000005","8.589300000000001","3.385639999999998","46.71741999999999","17.35284"
"-7.26817","27.992849999999997","3.17569","6.6590500000000015","3.450529999999999","37.189930000000004","17.831780000000013"
"-7.21805","30.90925","2.580399999999999","7.790569999999995","2.8204899999999995","44.40561999999999","14.769610000000004"
"-7.16792","45.867079999999994","3.86842","11.147029999999999","4.331989999999999","65.58406000000001","23.246050000000004"
"-7.11779","58.718050000000005","4.92255","14.195169999999997","5.574059999999999","86.16142000000004","30.253199999999993"
"-7.06767","51.64465000000001","3.7868400000000007","12.909889999999992","4.371469999999999","79.06049999999999","24.08776000000001"
"-7.01754","39.321690000000004","2.90933","9.977749999999999","3.521560000000001","61.854839999999996","20.05759"
"-6.96742","34.20641","4.295480000000001","9.553329999999997","5.472519999999999","60.12095","32.15061"
"-6.91729","29.61355","4.97997","8.90797","6.50815","56.36884999999999","38.82153999999998"
"-6.86717","30.966999999999995","4.0317099999999995","9.155359999999998","5.315379999999997","58.10687999999998","32.05557999999999"
"-6.81704","33.34066","4.242409999999999","9.427839999999998","5.629389999999997","60.662160000000014","34.02301999999999"
"-6.76692","35.86831","6.779669999999999","10.813849999999993","9.059930000000001","70.37080000000002","54.78532000000003"
"-6.71679","41.28135999999999","7.478209999999999","13.506019999999996","9.947640000000002","88.83636999999995","60.56688000000003"
"-6.66667","35.600319999999996","6.865130000000001","12.067489999999998","9.03271","80.80291000000001","55.690180000000005"
"-6.61654","21.228720000000003","7.03224","7.251779999999993","9.115549999999999","51.60099999999999","56.61900999999999"
"-6.56642","14.35815","7.623669999999999","4.7609400000000015","9.750899999999998","34.988870000000006","61.51594000000001"
"-6.51629","13.25084","7.823589999999999","4.03693","10.381139999999998","29.117939999999994","66.55035"
"-6.46617","10.418959999999998","6.506230000000001","3.0137699999999996","9.871260000000001","21.43539000000001","63.12453999999997"
"-6.41604","6.86308","5.81535","1.916909999999999","10.275059999999998","13.067640000000003","66.05275999999999"
"-6.36591","12.722940000000001","5.96707","3.7172799999999997","10.616169999999997","25.551840000000002","68.27649999999996"
"-6.31579","22.589730000000003","6.701670000000001","6.6459","11.303699999999997","46.06029999999999","71.98497"
"-6.26566","16.883490000000002","6.11253","4.768720000000001","10.424789999999998","32.36993","65.66617"
"-6.21554","13.81116","6.491599999999999","3.465079999999998","11.603130000000002","23.20627","72.32071000000005"
"-6.16541","21.43308","5.980230000000001","5.824730000000001","10.524670000000002","37.831890000000016","66.46988999999998"
"-6.11529","24.69453","4.91185","8.35866","8.319189999999997","52.18152000000001","52.880709999999986"
"-6.06516","23.66733","5.847560000000001","8.234019999999997","9.333010000000005","53.07365","58.65965999999999"
"-6.01504","17.24674","5.392219999999999","5.7558599999999975","7.703249999999999","38.70073999999999","49.20279000000002"
"-5.96491","7.890560000000001","4.6453500000000005","2.3969899999999993","6.853040000000001","16.610809999999997","43.27089000000001"
"-5.91479","16.5254","5.7329099999999995","3.3957099999999993","10.202390000000005","25.901020000000003","61.62959000000001"
"-5.86466","33.73235","7.195600000000001","6.67811","13.26448","51.74344000000001","79.93221000000003"
"-5.81454","33.72858000000001","6.652829999999999","6.689359999999999","11.796679999999997","52.22533999999999","71.4907"
"-5.76441","19.19441","6.118619999999999","3.810779999999999","9.704479999999995","29.226879999999994","59.029769999999985"
"-5.71429","10.876660000000001","6.30959","1.2229999999999996","9.706879999999996","11.360769999999999","59.16211"
"-5.66416","21.952929999999995","5.18243","0.9373900000000003","8.223309999999998","15.458149999999996","50.84357000000003"
"-5.61404","27.327279999999995","3.01554","0.79839","5.8198300000000005","17.458949999999998","36.04033999999999"
"-5.56391","55.856120000000004","2.63891","0.78833","6.776170000000001","31.618129999999997","42.149680000000004"
"-5.51378","84.13673","3.2632000000000003","1.2787399999999993","9.0213","49.12055999999999","57.032159999999976"
"-5.46366","96.31939000000001","2.25692","1.7168100000000008","6.475119999999999","58.47702","40.978509999999986"
"-5.41353","101.94918","1.4686799999999998","1.9361900000000003","2.941280000000001","62.702130000000004","19.811530000000005"
"-5.36341","73.44519000000001","2.39489","1.8647899999999997","3.37109","49.01805000000002","23.68213"
"-5.31328","46.14160999999999","4.688549999999998","2.0438299999999985","5.817470000000001","38.63174","39.20424"
"-5.26316","48.95684000000001","4.0301100000000005","2.5421300000000002","5.04102","44.57167999999999","33.75349"
"-5.21303","59.82172","1.8260199999999998","2.8002700000000003","2.8812800000000007","52.00881","19.775560000000002"
"-5.16291","62.83192","1.1722199999999998","2.3829000000000002","2.1665300000000007","49.587219999999995","15.204750000000004"
"-5.11278","66.06591999999999","1.2772","2.0999700000000003","3.28284","47.10262000000002","24.504580000000004"
"-5.06266","75.48012999999997","2.1865800000000006","2.53354","5.962920000000001","52.96951","44.79045000000002"
"-5.01253","69.24847","1.12595","3.01907","3.3473000000000006","54.14872999999999","24.884199999999996"
"-4.96241","55.53016000000001","0.2531","3.1500899999999987","0.87032","49.68389999999998","6.347059999999998"
"-4.91228","48.58020000000001","0.02055","2.8954199999999997","0.07529000000000004","44.23353","0.5447900000000002"
"-4.86216","46.20843","0.00028000000000000003","2.8265600000000006","0.0012100000000000001","41.43866000000001","0.00879"
"-4.81203","39.590320000000006","0.0","2.6405900000000004","0.0","36.83106","0.0"
"-4.7619","27.219820000000002","0.0","1.7416299999999996","0.0","25.171169999999996","0.0"
"-4.71178","28.97022","0.00011000000000000002","1.2897200000000004","0.0","21.60018","0.00048000000000000007"
"-4.66165","46.57731000000001","0.028969999999999992","1.7935899999999998","0.0022100000000000015","30.040800000000004","0.11585000000000004"
"-4.61153","64.17555999999999","0.8134600000000002","2.506099999999999","0.06256000000000003","39.182990000000004","3.2417600000000006"
"-4.5614","76.2898","4.62281","2.9038099999999996","0.34962999999999994","43.81243","18.451959999999996"
"-4.51128","76.50383","7.8426800000000005","2.5917400000000006","0.58348","39.72239","30.553340000000006"
"-4.46115","61.24951","10.575909999999997","1.8733900000000003","0.7991200000000002","29.18746000000001","35.38458"
"-4.41103","52.66460000000001","13.62869","1.69538","1.1982999999999997","26.69235","46.60772999999999"
"-4.3609","63.38262","11.35247","2.273310000000001","1.3095000000000006","36.69849999999999","48.76109999999999"
"-4.31078","67.51586999999999","12.504430000000001","2.688599999999999","1.2926300000000006","41.878870000000006","51.64212999999998"
"-4.26065","56.1974","12.31862","2.566809999999998","1.075050000000001","38.61336000000001","47.05120000000001"
"-4.21053","53.06989000000001","9.52322","2.5590500000000005","0.8637899999999995","39.56886999999999","39.68374"
"-4.1604","49.72799","10.848460000000001","2.2907100000000016","0.9688100000000001","38.08160000000001","47.78604000000001"
"-4.11028","48.69217999999999","10.03457","2.00097","0.8498300000000001","36.261179999999996","43.873709999999996"
"-4.06015","50.177189999999996","8.9964","1.9097199999999994","0.7129200000000002","37.34443000000001","38.15435"
"-4.01003","50.01504","11.256639999999999","1.9288999999999992","0.8214000000000002","39.193870000000004","48.011179999999996"
"-3.9599","49.933139999999995","12.793659999999997","1.8965699999999988","0.84495","41.047520000000006","53.71861999999998"
"-3.90977","51.15048999999999","12.4599","1.7943200000000006","0.7596299999999998","43.45441999999999","50.45162000000001"
"-3.85965","44.903780000000005","14.670519999999996","1.6719299999999995","0.9234300000000001","43.49189000000001","57.79249000000001"
"-3.80952","38.31342","15.571380000000001","1.5776199999999998","1.0142499999999997","43.746359999999996","59.064710000000005"
"-3.7594","27.656739999999996","14.349710000000002","1.07866","0.9497400000000003","33.08487999999999","53.82880000000001"
"-3.70927","13.27479","14.16343","0.4386399999999999","0.9362200000000003","15.68625","55.02191"
"-3.65915","13.639140000000001","17.01411","0.3230000000000001","1.00406","14.53385","64.43820000000001"
"-3.60902","31.704800000000002","20.861780000000003","0.7679699999999999","1.0970499999999999","32.92411","71.57782"
"-3.5589","39.40536999999999","17.37668","1.1314","0.8073600000000001","44.53737","55.17399999999999"
"-3.50877","44.155770000000004","15.0659","1.5867800000000003","0.7006999999999994","57.50948000000002","48.94271"
"-3.45865","48.13768","16.622239999999998","1.9389900000000009","0.8850199999999999","70.61475999999999","59.198029999999996"
"-3.40852","51.230109999999996","18.1573","2.1056099999999995","1.01835","79.40197","68.86464000000001"
"-3.3584","50.49195","16.10699","2.0419500000000004","0.9638300000000003","79.70263999999999","67.39260999999999"
"-3.30827","43.26336","13.296080000000003","1.5229599999999994","0.8656299999999998","65.55877","66.97666000000001"
"-3.25815","37.7941","11.834309999999999","1.0298799999999997","0.8440799999999999","50.93818000000002","67.72030000000001"
"-3.20802","38.99276999999999","11.92286","0.74386","0.8662199999999998","42.30425000000002","75.88877"
"-3.15789","46.53504","13.07409","0.6709699999999996","0.9302099999999998","43.66414","86.22787000000004"
"-3.10777","54.35900000000001","14.717510000000003","0.8275100000000002","1.0392599999999999","53.09128","91.89856"
"-3.05764","67.48401","16.10292","1.1477199999999999","1.0151700000000001","68.55966999999998","90.09725000000002"
"-3.00752","77.77716000000001","21.37155","1.4004999999999999","1.1372700000000004","79.60627999999997","103.35405999999995"
"-2.95739","81.94438999999998","28.27594","1.5853100000000004","1.3425799999999999","85.68811000000001","124.05197000000003"
"-2.90727","91.01346","29.05995","1.5099000000000007","1.3438499999999995","80.69630000000001","121.71511"
"-2.85714","110.25178999999999","24.56779","1.44357","1.1573400000000003","73.90872999999999","107.19168000000002"
"-2.80702","115.76665","24.259540000000005","1.3913","1.0576299999999998","62.35948999999999","114.28246"
"-2.75689","116.60897000000001","27.26557","1.39615","1.0407099999999998","54.08122000000001","132.14965"
"-2.70677","111.70663","28.29815","1.3431000000000004","0.99439","49.717009999999995","136.57364"
"-2.65664","106.45409999999998","26.160150000000005","1.2234","0.9281700000000003","49.04916","123.41842"
"-2.60652","89.40825000000001","21.318079999999995","1.02927","0.7638499999999999","45.317859999999996","97.64650999999998"
"-2.55639","70.3527","21.469049999999996","0.9413599999999999","0.7569400000000002","40.588789999999996","97.01731999999998"
"-2.50627","69.37557000000001","21.14412","1.1163399999999999","0.6918599999999998","45.19104","96.44847000000001"
"-2.45614","61.20487000000001","19.97362","1.1009799999999996","0.62321","46.20987999999998","96.31433"
"-2.40602","57.086389999999994","20.672669999999997","1.1765399999999995","0.6264599999999999","49.66009","103.78268999999996"
"-2.35589","60.34458","20.35062","1.4348499999999993","0.5797499999999999","53.637139999999995","102.74563999999995"
"-2.30576","54.778400000000005","20.54185","1.4316600000000002","0.6136200000000002","48.355610000000006","99.06430000000003"
"-2.25564","49.16066","19.9159","1.3404500000000013","0.6214400000000001","47.499870000000016","94.75809000000004"
"-2.20551","43.56769","19.30302","1.2329500000000002","0.5919800000000002","48.938020000000016","90.58954"
"-2.15539","38.4412","19.92484","1.20701","0.5865399999999998","50.888639999999995","85.48188999999999"
"-2.10526","36.82645999999999","20.1206","1.28497","0.6073400000000004","53.10999000000001","77.72608"
"-2.05514","34.027289999999994","20.84182","1.34591","0.6951600000000002","53.46326999999999","77.47710999999998"
"-2.00501","27.159970000000005","20.007029999999997","1.2649300000000006","0.6594800000000001","49.27162999999999","77.63096000000002"
"-1.95489","23.33761","18.60039","1.1692100000000003","0.5354199999999999","49.73610999999999","78.94875"
"-1.90476","19.81733","18.412100000000002","1.0392399999999997","0.4835300000000001","50.34475","82.31351000000001"
"-1.85464","17.08587","14.911499999999997","0.9630100000000005","0.3714900000000001","51.6272","67.20558999999999"
"-1.80451","18.31059","9.98968","1.03674","0.3469000000000001","60.387380000000014","50.203570000000006"
"-1.75439","22.392400000000002","7.801490000000001","1.2774400000000008","0.41515000000000024","77.54936000000001","47.811619999999984"
"-1.70426","20.685419999999997","6.795449999999999","1.2078000000000002","0.34919999999999995","75.02235999999999","43.04709"
"-1.65414","18.363340000000004","6.58683","1.0950999999999995","0.2804300000000001","69.56469000000003","38.57564000000001"
"-1.60401","15.284350000000002","9.160169999999999","0.8920200000000001","0.29327","60.154970000000006","42.24849000000001"
"-1.55388","14.594759999999999","12.61871","0.8253999999999999","0.28821","65.39286000000001","48.89447000000002"
"-1.50376","17.714510000000004","12.46482","1.0119100000000005","0.2460700000000001","78.73630000000004","44.104220000000005"
"-1.45363","22.247769999999996","5.93696","1.28668","0.12603999999999999","90.51075999999998","18.862659999999995"
"-1.40351","22.709990000000005","5.666519999999999","1.3738100000000002","0.30965000000000004","90.99014999999996","13.89581"
"-1.35338","19.49841","19.04264","1.2530400000000004","1.0959000000000003","79.57115999999998","44.00294"
"-1.30326","17.637100000000004","28.914739999999995","1.1813999999999998","1.3327","70.04440000000001","59.82044"
"-1.25313","19.45922","44.157759999999996","1.27704","1.0078999999999998","70.26708999999998","41.50074"
"-1.20301","19.925230000000003","89.09075","1.24795","1.1634399999999998","68.97117000000001","31.67924"
"-1.15288","17.3394","113.35660000000001","1.0541800000000001","1.3373199999999998","58.16637999999999","32.97926"
"-1.10276","15.536010000000003","111.94325000000003","0.9697599999999996","1.2059200000000003","51.37033000000001","30.29712999999999"
"-1.05263","15.51328","131.57119","0.9769699999999999","1.3708899999999997","50.696529999999996","36.89064"
"-1.00251","15.040980000000001","149.68729000000002","0.9716099999999996","1.5625699999999998","49.499889999999986","49.76370000000003"
"-0.95238","15.607779999999998","155.65118999999993","1.0129499999999998","1.69977","52.76540000000001","58.103719999999996"
"-0.90226","16.28019","150.49463000000003","1.0125399999999996","1.7751499999999998","55.43524","56.99561000000001"
"-0.85213","16.10523","137.64586","0.88286","1.60781","52.98864000000002","54.741479999999996"
"-0.80201","17.406059999999997","117.98006","0.8347800000000003","1.2636999999999996","56.79537999999999","51.16171999999999"
"-0.75188","20.321219999999997","109.43927999999998","0.9321799999999999","1.0501600000000004","68.09107999999999","48.22284"
"-0.70175","19.00528","82.91466000000001","0.8378400000000003","0.6743699999999999","65.07431999999999","35.29112999999999"
"-0.65163","15.93945","53.98932","0.6688600000000002","0.3703100000000002","51.52482","21.867689999999996"
"-0.6015","15.528440000000002","42.39665999999999","0.5839899999999998","0.2077000000000001","47.21109000000001","16.45623"
"-0.55138","14.77098","37.359519999999996","0.4818299999999999","0.13846999999999995","45.137530000000005","14.43385999999999"
"-0.50125","13.90589","12.259290000000002","0.42153999999999986","0.044339999999999984","42.27837","5.366229999999998"
"-0.45113","13.95085","1.4286299999999998","0.4281000000000001","0.06558000000000003","41.12104000000001","10.38544"
"-0.401","15.483619999999998","1.3817000000000002","0.48042000000000024","0.18236000000000008","45.903119999999994","29.205039999999993"
"-0.35088","17.41781","0.7295499999999999","0.5575299999999997","0.09680000000000002","52.95696999999999","15.543529999999997"
"-0.30075","18.7777","0.06857999999999999","0.59486","0.00895","58.36118","1.4605300000000003"
"-0.25063","18.38597","0.0010000000000000002","0.5461600000000001","8e-05","60.015750000000004","0.022170000000000002"
"-0.2005","18.85922","0.0","0.44142","0.0","61.34919","3.0000000000000004e-05"
"-0.15038","25.536189999999998","5e-05","0.39390999999999987","4e-05","79.25329","0.00426"
"-0.10025","28.747400000000003","0.010440000000000001","0.34746","0.00463","88.49931000000005","0.43756000000000006"
"-0.05013","21.380869999999998","0.17078","0.4287199999999997","0.07637","74.09708","7.10259"
"0.0","16.40274","0.47928000000000004","0.8139299999999997","0.21426999999999993","66.62623999999998","19.922340000000002"
"0.05013","13.171739999999998","0.24454000000000004","0.9090999999999999","0.10923000000000005","50.47874999999999","10.165560000000001"
"0.10025","7.201690000000001","0.02182","0.42836","0.009739999999999997","24.493949999999998","0.9108300000000001"
"0.15038","2.72134","0.00023","0.11488000000000002","0.00012","8.343880000000002","0.01314"
"0.2005","0.39891000000000004","0.0","0.014859999999999996","0.0","1.19426","2e-05"
"0.25063","0.011579999999999998","0.0","0.00035999999999999997","0.0","0.03464999999999999","0.0"
"0.30075","0.00028000000000000003","0.0","0.0","0.0","0.0005200000000000001","0.0"
"0.35088","0.04982999999999999","0.0","0.0017900000000000008","0.0","0.08439999999999995","0.0"
"0.401","1.52903","0.0","0.05594000000000003","0.0","2.5905299999999993","0.0"
"0.45113","9.903789999999999","0.0","0.35068","0.0","16.836160000000007","0.0"
"0.50125","19.125069999999997","0.0","0.6355600000000003","0.0","32.57278000000001","0.0"
"0.55138","19.21334","0.0","0.59567","0.0","32.61618999999998","0.0"
"0.6015","7.8572","0.0","0.23705","0.0","13.30864","0.0"
"0.65163","0.73484","0.0","0.021849999999999974","0.0","1.2440500000000005","0.0"
"0.70175","0.01221","9e-05","0.00032","0.0","0.02079999999999999","1e-05"
"0.75188","0.0","0.02485","0.0","7.000000000000001e-05","0.0","0.00597"
"0.80201","0.0","0.96888","0.0","0.0031300000000000004","0.0","0.23531"
"0.85213","0.0","6.247189999999999","0.0","0.020419999999999994","0.0","1.5180999999999996"
"0.90226","0.0","7.2348099999999995","0.0","0.02387","0.0","1.7578200000000002"
"0.95238","0.0","2.4489099999999997","0.0","0.014839999999999999","0.0","0.5807800000000002"
"1.00251","0.0","6.27323","0.0","0.06594999999999997","0.0","1.43083"
"1.05263","0.0","7.309380000000001","0.0","0.07731999999999999","0.0","1.6662499999999993"
"1.10276","0.0","1.55003","0.0","0.016349999999999993","0.0","0.35322000000000003"
"1.15288","0.0","0.05528","0.0","0.0005600000000000001","0.0","0.012509999999999999"
"1.20301","0.0","0.00212","0.0","3.0000000000000004e-05","0.0","0.00044"
"1.25313","0.0","0.23394000000000004","0.0","0.0049700000000000005","0.0","0.04845999999999999"
"1.30326","0.0","4.678660000000001","0.0","0.10007999999999999","0.0","0.9713000000000004"
"1.35338","0.0","16.209069999999997","0.0","0.34626999999999997","0.0","3.364380000000001"
"1.40351","0.0","13.328170000000002","0.0","0.27238","0.0","2.540869999999999"
"1.45363","0.0","31.27076","0.0","0.5335599999999998","0.0","4.149920000000001"
"1.50376","0.0","59.145059999999994","0.0","0.9924499999999998","0.0","8.211590000000001"
"1.55388","0.0","43.02614000000001","0.0","0.7758800000000001","0.0","8.634250000000002"
"1.60401","0.0","42.436789999999995","0.0","0.6740100000000001","0.0","8.762049999999999"
"1.65414","0.0","56.6587","0.0","0.7887000000000001","0.0","9.85108"
"1.70426","0.0","37.51046999999999","0.0","0.48923","0.0","5.739730000000001"
"1.75439","0.0","13.598620000000002","0.0","0.1537","0.0","1.8183300000000007"
"1.80451","0.0","1.4878099999999999","0.0","0.015729999999999994","0.0","0.19188"
"1.85464","0.0","0.2768500000000001","0.0","0.007169999999999992","0.0","0.11344999999999997"
"1.90476","0.0","5.51548","0.0","0.15361000000000008","0.0","2.4512099999999997"
"1.95489","0.0","25.61454","0.0","0.6951500000000002","0.0","11.380180000000001"
"2.00501","0.0","42.10086","0.0","1.0789300000000004","0.0","18.718030000000002"
"2.05514","0.0","45.205349999999996","0.0","1.17156","0.0","20.041410000000003"
"2.10526","0.0","44.246500000000005","0.0","1.1805000000000012","0.0","19.299269999999996"
"2.15539","0.0","28.4191","0.0","0.7893500000000001","0.0","13.136529999999997"
"2.20551","0.0","10.30767","0.0","0.30631999999999976","0.0","5.17376"
"2.25564","0.0","1.2018499999999999","0.0","0.03628","0.0","0.6170900000000002"
"2.30576","0.0","0.02684","0.0","0.0007700000000000002","0.0","0.013629999999999996"
"2.35589","0.0","8e-05","0.0","0.0","0.0","2e-05"
"2.40602","0.0","0.0","0.0","0.0","0.0","0.0"
"2.45614","0.0","0.0","0.0","0.0","0.0","0.0"
"2.50627","0.0","0.0008900000000000001","0.0","0.0","0.0","0.00031"
"2.55639","0.0","0.12868","0.0","0.003980000000000002","0.0","0.044789999999999996"
"2.60652","0.0","2.9428399999999995","0.0","0.08907000000000004","0.0","1.0306400000000002"
"2.65664","0.0","12.79989","0.0","0.37315000000000004","0.0","4.49747"
"2.70677","0.0","13.453470000000001","0.0","0.42099999999999993","0.0","4.785300000000002"
"2.75689","0.00013000000000000002","9.13866","0.00025","0.4055400000000002","0.0","3.3687000000000005"
"2.80702","0.01679","4.076620000000001","0.04673000000000002","0.19977999999999999","0.013139999999999994","1.5187599999999997"
"2.85714","0.33206999999999987","0.6724099999999998","0.9205500000000001","0.03615","0.26317999999999997","0.23573000000000002"
"2.90727","1.2196500000000003","5.628090000000001","3.421590000000001","0.4255500000000003","0.9813099999999997","1.8205599999999997"
"2.95739","1.53161","21.388499999999997","4.5639699999999985","2.6136700000000013","1.33046","7.12162"
"3.00752","1.6821300000000003","19.22887","5.261819999999997","4.84236","1.5618400000000001","6.841879999999998"
"3.05764","1.10616","16.082150000000002","3.479179999999998","5.89149","1.04172","5.973210000000001"
"3.10777","0.24104000000000003","13.621139999999999","0.7815600000000004","5.50436","0.23667000000000002","5.2038899999999995"
"3.15789","0.3972699999999999","3.2874399999999997","1.6424999999999985","2.0394799999999997","0.5260699999999999","1.41581"
"3.20802","1.5639100000000006","0.9455200000000001","6.712379999999999","1.4750500000000002","2.1435500000000007","0.5269700000000002"
"3.25815","2.079580000000001","7.47624","9.357040000000003","6.36294","2.9809099999999997","2.2463100000000003"
"3.30827","1.3731900000000004","28.33486","6.6452199999999975","10.065980000000001","2.1377099999999998","4.17966"
"3.3584","1.3034499999999993","54.53761","6.52554","8.484539999999997","2.1575100000000003","4.732990000000001"
"3.40852","1.9997700000000003","76.09717","9.927909999999995","10.272469999999998","3.3869799999999994","6.1084700000000005"
"3.45865","2.23819","90.67672","10.342930000000003","14.24325","3.6376299999999997","7.932199999999997"
"3.50877","1.3591699999999998","102.29723999999999","6.34177","12.832950000000006","2.2575499999999993","7.77323"
"3.5589","1.1243999999999998","97.05336999999999","8.285829999999997","15.77155","2.9028500000000004","8.433809999999998"
"3.60902","2.17343","77.7627","17.524150000000002","20.227460000000004","6.1561900000000005","9.124820000000001"
"3.65915","2.6237500000000007","65.76668000000001","20.00401","18.628580000000007","7.070800000000001","8.105830000000001"
"3.70927","2.4320499999999994","65.04277","17.288390000000003","11.683209999999999","6.132459999999998","5.576840000000001"
"3.7594","1.4885700000000006","83.95862","11.831859999999997","5.833679999999999","4.156079999999999","3.74593"
"3.80952","0.6765300000000001","90.24786","6.642850000000004","5.7529900000000005","2.3205800000000005","3.5828499999999996"
"3.85965","0.43826000000000026","80.98821999999998","5.067700000000001","6.995599999999998","1.8281200000000002","3.5838699999999992"
"3.90977","0.6900100000000002","44.97355","6.250389999999997","9.858620000000002","2.2773099999999995","3.968230000000001"
"3.9599","0.9137800000000001","15.99353","7.302940000000004","13.395219999999995","2.6537999999999995","4.890069999999998"
"4.01003","1.3269699999999998","12.73089","10.001579999999999","14.420560000000002","3.59826","5.307709999999999"
"4.06015","1.6844900000000005","16.13438","12.296029999999995","13.76533","4.395230000000001","5.46178"
"4.11028","1.66079","28.736289999999997","13.59711","15.073870000000003","4.824819999999999","6.883289999999998"
"4.1604","1.8282200000000004","37.66045","15.824340000000003","15.895719999999999","5.6511499999999995","7.93814"
"4.21053","1.6937900000000004","44.09707","14.475499999999998","16.57371","5.2527300000000015","8.941230000000001"
"4.26065","1.4639100000000007","52.16995000000001","10.551939999999995","15.304829999999994","3.90978","9.247649999999998"
"4.31078","2.3014599999999996","62.83589","12.786860000000004","13.971239999999996","4.909639999999999","9.642589999999998"
"4.3609","3.6935300000000004","84.48319","20.124859999999998","16.044269999999997","7.73432","12.613749999999998"
"4.41103","2.6338499999999994","91.65151999999999","15.934669999999999","15.198990000000002","6.02417","13.981369999999998"
"4.46115","0.8403500000000003","91.45164000000003","7.614930000000001","14.84237","2.7830199999999996","14.693419999999998"
"4.51128","0.7840100000000001","111.80629","10.151049999999993","14.691030000000012","3.66375","17.769520000000004"
"4.5614","1.8108700000000002","141.53546","15.370970000000007","12.335880000000005","5.701800000000002","21.591270000000005"
"4.61153","2.7591200000000016","153.95656","17.92161","10.948739999999997","6.80987","24.067320000000006"
"4.66165","3.06216","155.08869","18.511440000000004","12.259069999999994","7.0951999999999975","25.359959999999997"
"4.71178","2.00514","171.46628","13.288539999999994","13.381020000000007","5.07864","27.932050000000007"
"4.7619","1.3707399999999996","166.64094999999998","12.608560000000002","13.401960000000006","4.738309999999999","27.383129999999998"
"4.81203","2.38994","110.73992","17.717039999999997","13.552610000000001","6.796469999999999","20.33719"
"4.86216","5.37777","52.49850999999999","28.43006000000002","18.06341","11.330109999999998","14.747539999999999"
"4.91228","7.055080000000001","31.327960000000008","31.040550000000014","22.87947","12.73043","14.047209999999996"
"4.96241","4.429220000000001","17.404189999999996","21.230589999999996","16.740230000000004","8.625779999999999","9.564749999999998"
"5.01253","3.60262","11.71553","18.331439999999997","14.932300000000003","7.403209999999999","7.964600000000001"
