system	state	feature_id	spin	E_peak_EF	centroid_EF	Oads2p_weight	Coact3d_weight	Obridge2p_weight	neighbor_weight	Oads2p_fraction	Coact3d_fraction	Obridge2p_fraction	neighbor_fraction	Coact-Oads_minusCOHP_mean	Coact-Oads_minusCOHP_integral	Coact-Oads_sign_consistency	Coact-Obridge_minusCOHP_mean	Coact-Obridge_minusCOHP_integral	Coact-Obridge_sign_consistency	neighbor-Obridge_minusCOHP_mean	neighbor-Obridge_minusCOHP_integral	neighbor-Obridge_sign_consistency	bonding_class	dominant_character	peak_prominence	relative_prominence	confidence	detection_source	energy_spacing_eV
pristine_OH	*OH	UF1	up	-0.09663345	-0.08836334	0.34199030	0.17043562	0.07486495	0.07940597	0.51296223	0.25564186	0.11229235	0.11910356	-1.20193200	-0.24703453	1.00000000	-0.43123800	-0.08625341	1.00000000	-0.20193200	-0.04142615	1.00000000	strongly antibonding	O-rich weakly antibonding frontier	1.41853463	0.95370196	high	Oads	0.10500000
pristine_OH	*OH	UF2	up	-0.72963345	-0.72714585	0.07046516	0.02360358	0.04540258	0.09417959	0.30158307	0.10102071	0.19431800	0.40307822	-0.15535500	-0.02531786	1.00000000	0.02930250	0.00495761	1.00000000	-0.25596750	-0.03956834	1.00000000	strongly antibonding	extended Co-O-Co magnetic mixed state	0.18097696	0.41609054	high	neighbor	0.10500000
pristine_OH	*OH	UF3	up	-1.36163345	-1.36501483	0.01373275	0.01389025	0.06363597	0.07888097	0.08071442	0.08164017	0.37402133	0.46362408	-0.00087200	0.00016024	0.40000000	-0.07074400	-0.01473551	1.00000000	-0.14607800	-0.02634878	1.00000000	strongly antibonding	extended Co-O-Co magnetic mixed state	0.11188085	0.34003502	high	Obridge	0.10500000
pristine_OH	*OH	UF4	up	-1.88963345	-1.89034568	0.10338837	0.03972066	0.03426385	0.07065949	0.41683417	0.16014305	0.13814266	0.28488011	-0.22121400	-0.04393147	1.00000000	-0.05697800	-0.01199060	1.00000000	-0.07842200	-0.01621693	1.00000000	strongly antibonding	mixed local frontier state	0.12141478	0.08162896	low	Oads	0.10500000
pristine_OH	*OH	DF1	down	-0.09663345	-0.08538889	0.29397955	0.00068114	0.00293093	-0.00104696	0.99135000	0.00229694	0.00988360	-0.00353054	-0.00140200	-0.00034486	1.00000000	-0.00530400	-0.00130651	1.00000000	-0.00420000	-0.00103358	1.00000000	approximately nonbonding	O-rich nonbonding frontier	1.23267371	1.00472132	high	Oads	0.10500000
pristine_OH	*OH	DF2	down	-0.94063345	-0.94078371	0.09023229	0.03897065	0.05732689	0.58550186	0.11687640	0.05047805	0.07425458	0.75839097	0.15668600	0.03254317	1.00000000	-0.23817800	-0.05054476	1.00000000	-0.12633200	-0.02624671	1.00000000	strongly antibonding	extended Co-O-Co magnetic mixed state	2.56704010	0.96032905	high	neighbor	0.10500000
pristine_O	*O	UF1	up	0.03177505	0.03527915	0.13998996	0.20424170	0.05614661	0.03643151	0.32048266	0.46757584	0.12853790	0.08340361	-2.45381200	-0.56451167	1.00000000	-0.79346000	-0.18304280	1.00000000	-0.10018600	-0.02254081	1.00000000	strongly antibonding	Co-O strongly antibonding mixed state	0.87498489	0.97091171	high	Coact	0.10600000
pristine_O	*O	UF2	up	-0.71022495	-0.71103985	0.12476685	0.03417167	0.03639703	0.08861007	0.43940404	0.12034583	0.12818310	0.31206703	-0.18591400	-0.03904564	1.00000000	0.00989200	0.00216656	0.60000000	-0.20621600	-0.04015488	1.00000000	strongly antibonding	O-rich weakly antibonding frontier	0.06413000	0.09741529	low	Oads	0.10600000
pristine_O	*O	UF3	up	-1.34522495	-1.34944161	0.14406460	0.01598088	0.05277157	0.09371831	0.46997710	0.05213388	0.17215492	0.30573409	-0.06280400	-0.01144430	1.00000000	-0.02019800	-0.00430349	1.00000000	-0.20203000	-0.03704128	1.00000000	weakly antibonding	O-rich weakly antibonding frontier	0.59174324	0.89887472	high	Oads	0.10600000
pristine_O	*O	DF1	down	0.34977505	0.36595437	0.25367099	0.02790910	0.00010879	0.00008421	0.90026692	0.09904814	0.00038608	0.00029885	0.67857000	0.16616391	1.00000000	0.00674400	0.00165137	1.00000000	-0.00070400	-0.00017243	1.00000000	bonding	O-rich Co-O mixed frontier	0.15913107	0.14834891	moderate	Oads	0.10600000
pristine_O	*O	DF2	down	0.03177505	0.01428397	0.23092471	0.01934035	0.00252758	0.00062205	0.91125226	0.07631899	0.00997407	0.00245468	0.34123200	0.05876361	1.00000000	-0.02417200	-0.00416403	1.00000000	-0.00057400	-0.00009976	1.00000000	bonding	O-rich Co-O mixed frontier	0.18381653	0.17136177	moderate	Oads	0.10600000
pristine_O	*O	DF3	down	-1.02722495	-1.03216169	0.00813312	0.00757296	0.02548028	0.65564609	0.01167155	0.01086769	0.03656586	0.94089490	0.01587250	0.00258024	1.00000000	0.01019000	0.00154490	1.00000000	-0.16196250	-0.02344060	1.00000000	strongly antibonding	extended Co-O-Co magnetic mixed state	2.78563249	0.95288482	high	neighbor	0.10600000
pristine_O	*O	DF4	down	-1.76922495	-1.78507171	0.05757602	0.12171451	0.03716678	0.04362902	0.22137273	0.46797735	0.14290171	0.16774821	0.27083200	0.05422198	1.00000000	-0.12418200	-0.02591036	1.00000000	0.04908000	0.00930456	1.00000000	bonding	Co-O bonding mixed state	0.11593712	0.33998191	high	Oads	0.10600000
Al16_OH	*OH	UF1	up	-0.55015882	-0.53694797	0.36081265	0.19845996	0.01790509	0.00035415	0.62474935	0.34363466	0.03100277	0.00061321	-1.28786600	-0.23590999	1.00000000	-0.26909400	-0.04861623	1.00000000	0.00679200	0.00117538	0.80000000	strongly antibonding	O-rich weakly antibonding frontier	1.51792192	0.99139499	high	Oads	0.11000000
Al16_OH	*OH	UF2	up	-1.43315882	-1.44137799	0.02397120	0.02919022	0.02398900	0.00062628	0.30820541	0.37530811	0.30843425	0.00805224	-0.04155500	-0.00526143	1.00000000	-0.11739000	-0.01730427	1.00000000	-0.00985750	-0.00196816	0.75000000	weakly antibonding	Co-O mixed frontier state	0.06785028	0.06943876	low	Coact	0.11000000
Al16_OH	*OH	UF3	up	-1.76415882	-1.77444810	0.03039338	0.01306945	0.04984333	0.00078055	0.32303585	0.13890861	0.52975952	0.00829602	-0.04181400	-0.00872442	1.00000000	-0.03908400	-0.00751319	1.00000000	0.01729200	0.00361779	1.00000000	weakly antibonding	extended Co-O-Al mixed state	0.06850188	0.31886482	high	Obridge	0.11000000
Al16_OH	*OH	DF1	down	0.00084118	-0.00709650	0.28616500	0.00697658	0.00275531	0.00001270	0.96706904	0.02357672	0.00931133	0.00004291	-0.03043400	-0.00678476	1.00000000	-0.03481000	-0.00776296	1.00000000	-0.01545000	-0.00344439	1.00000000	weakly antibonding	O-rich weakly antibonding frontier	1.15623953	1.01674268	high	Oads	0.11000000
Al16_OH	*OH	DF2	down	-1.21215882	-1.20115065	0.12033623	0.06710171	0.01872673	0.00207845	0.57786415	0.32222772	0.08992725	0.00998088	0.32065200	0.07721691	1.00000000	-0.37294800	-0.08983968	1.00000000	0.03394200	0.00826062	0.80000000	bonding	O-rich Co-O mixed frontier	0.40897412	0.74388213	high	Oads	0.11000000
Al16_O	*O	UF1	up	-0.44082564	-0.42929294	0.18690009	0.23694386	0.01905490	0.00072199	0.42130593	0.53411346	0.04295311	0.00162750	-2.69367000	-0.56044294	1.00000000	-0.55249800	-0.11486966	1.00000000	0.01671000	0.00357459	0.60000000	strongly antibonding	Co-O strongly antibonding mixed state	0.98814631	0.97621937	high	Coact	0.11100000
Al16_O	*O	UF2	up	-1.10482564	-1.09586064	0.26241518	0.01038563	0.00893169	0.00037243	0.93020417	0.03681477	0.03166088	0.00132019	-0.19329400	-0.04466783	1.00000000	-0.05935600	-0.01377230	1.00000000	-0.00393600	-0.00057921	0.60000000	strongly antibonding	O-rich weakly antibonding frontier	1.05258477	0.94551134	high	Oads	0.11100000
Al16_O	*O	UF3	up	-1.87882564	-1.87761072	0.02047981	0.00817036	0.05687792	0.00092000	0.23690298	0.09451175	0.65794304	0.01064223	-0.05246000	-0.00859262	1.00000000	-0.01445250	-0.00210207	1.00000000	0.02028000	0.00321385	1.00000000	approximately nonbonding	extended Co-O-Al mixed state	0.05918747	0.25809961	high	Obridge	0.11100000
Al16_O	*O	DF1	down	0.00117436	-0.00283282	0.27748905	0.03634821	0.00137866	0.00007536	0.88010379	0.11528455	0.00437265	0.00023901	0.67173400	0.15789527	1.00000000	-0.02474800	-0.00581869	1.00000000	-0.01041200	-0.00244041	1.00000000	bonding	O-rich Co-O mixed frontier	0.59739990	0.54604962	high	Oads	0.11100000
Al16_O	*O	DF2	down	-1.87882564	-1.89540277	0.11547057	0.30384553	0.04137466	0.00261131	0.24923388	0.65582597	0.08930385	0.00563629	0.71062500	0.10918159	1.00000000	-0.22324750	-0.03341872	1.00000000	0.03092000	0.00474824	1.00000000	bonding	Co-O bonding mixed state	0.10729289	0.15836335	moderate	Coact	0.11100000
