"energy_relative_to_EF_eV","O258_p_total_down","O258_p_total_up","O259_p_total_down","O259_p_total_up","O294_p_total_down","O294_p_total_up"
"-15.03759000","0.00000000","0.00000000","0.00000000","0.00000000","0.00000000","0.00000000"
"-14.98747000","0.00000000","0.00000000","0.00000000","0.00000000","0.00000000","0.00000000"
"-14.93734000","0.00000000","0.00000000","0.00000000","0.00000000","0.00000000","0.00000000"
"-14.88722000","0.00000000","0.00000000","0.00000000","0.00000000","0.00000000","0.00000000"
"-14.83709000","0.00000000","0.00000000","0.00000000","0.00000000","0.00000000","0.00000000"
"-14.78697000","0.00000000","0.00000000","0.00000000","0.00000000","0.00000000","0.00000000"
"-14.73684000","0.00000000","0.00000000","0.00000000","0.00000000","0.00000000","0.00000000"
"-14.68672000","0.00000000","0.00000000","0.00000000","0.00000000","0.00000000","0.00000000"
"-14.63659000","0.00000000","0.00000000","0.00000000","0.00000000","0.00000000","0.00000000"
"-14.58647000","0.00000000","0.00000000","0.00000000","0.00000000","0.00000000","0.00000000"
"-14.53634000","0.00000000","0.00000000","0.00000000","0.00000000","0.00000000","0.00000000"
"-14.48622000","0.00000000","0.00000000","0.00000000","0.00000000","0.00000000","0.00000000"
"-14.43609000","0.00000000","0.00000000","0.00000000","0.00000000","0.00000000","0.00000000"
"-14.38596000","0.00000000","0.00000000","0.00000000","0.00000000","0.00000000","0.00000000"
"-14.33584000","0.00000000","0.00000000","0.00000000","0.00000000","0.00000000","0.00000000"
"-14.28571000","0.00000000","0.00000000","0.00000000","0.00000000","0.00000000","0.00000000"
"-14.23559000","0.00000000","0.00000000","0.00000000","0.00000000","0.00000000","0.00000000"
"-14.18546000","0.00000000","0.00000000","0.00000000","0.00000000","0.00000000","0.00000000"
"-14.13534000","0.00000000","0.00000000","0.00000000","0.00000000","0.00000000","0.00000000"
"-14.08521000","0.00000000","0.00000000","0.00000000","0.00000000","0.00000000","0.00000000"
"-14.03509000","0.00000000","0.00000000","0.00000000","0.00000000","0.00000000","0.00000000"
"-13.98496000","0.00000000","0.00000000","0.00000000","0.00000000","0.00000000","0.00000000"
"-13.93484000","0.00000000","0.00000000","0.00000000","0.00000000","0.00000000","0.00000000"
"-13.88471000","0.00000000","0.00000000","0.00000000","0.00000000","0.00000000","0.00000000"
"-13.83459000","0.00000000","0.00000000","0.00000000","0.00000000","0.00000000","0.00000000"
"-13.78446000","0.00000000","0.00000000","0.00000000","0.00000000","0.00000000","0.00000000"
"-13.73434000","0.00000000","0.00000000","0.00000000","0.00000000","0.00000000","0.00000000"
"-13.68421000","0.00000000","0.00000000","0.00000000","0.00000000","0.00000000","0.00000000"
"-13.63409000","0.00000000","0.00000000","0.00000000","0.00000000","0.00000000","0.00000000"
"-13.58396000","0.00000000","0.00000000","0.00000000","0.00000000","0.00000000","0.00000000"
"-13.53383000","0.00000000","0.00000000","0.00000000","0.00000000","0.00000000","0.00000000"
"-13.48371000","0.00000000","0.00000000","0.00000000","0.00000000","0.00000000","0.00000000"
"-13.43358000","0.00000000","0.00000000","0.00000000","0.00000000","0.00000000","0.00000000"
"-13.38346000","0.00000000","0.00000000","0.00000000","0.00000000","0.00000000","0.00000000"
"-13.33333000","0.00000000","0.00000000","0.00000000","0.00000000","0.00000000","0.00000000"
"-13.28321000","0.00000000","0.00000000","0.00000000","0.00000000","0.00000000","0.00000000"
"-13.23308000","0.00000000","0.00000000","0.00000000","0.00000000","0.00000000","0.00000000"
"-13.18296000","0.00000000","0.00000000","0.00000000","0.00000000","0.00000000","0.00000000"
"-13.13283000","0.00000000","0.00000000","0.00000000","0.00000000","0.00000000","0.00000000"
"-13.08271000","0.00000000","0.00000000","0.00000000","0.00000000","0.00000000","0.00000000"
"-13.03258000","0.00000000","0.00000000","0.00000000","0.00000000","0.00000000","0.00000000"
"-12.98246000","0.00000000","0.00000000","0.00000000","0.00000000","0.00000000","0.00000000"
"-12.93233000","0.00000000","0.00000000","0.00000000","0.00000000","0.00000000","0.00000000"
"-12.88221000","0.00000000","0.00000000","0.00000000","0.00000000","0.00000000","0.00000000"
"-12.83208000","0.00000000","0.00000000","0.00000000","0.00000000","0.00000000","0.00000000"
"-12.78195000","0.00000000","0.00000000","0.00000000","0.00000000","0.00000000","0.00000000"
"-12.73183000","0.00000000","0.00000000","0.00000000","0.00000000","0.00000000","0.00000000"
"-12.68170000","0.00000000","0.00000000","0.00000000","0.00000000","0.00000000","0.00000000"
"-12.63158000","0.00000000","0.00000000","0.00000000","0.00000000","0.00000000","0.00000000"
"-12.58145000","0.00000000","0.00000000","0.00000000","0.00000000","0.00000000","0.00000000"
"-12.53133000","0.00000000","0.00000000","0.00000000","0.00000000","0.00000000","0.00000000"
"-12.48120000","0.00000000","0.00000000","0.00000000","0.00000000","0.00000000","0.00000000"
"-12.43108000","0.00000000","0.00000000","0.00000000","0.00000000","0.00000000","0.00000000"
"-12.38095000","0.00000000","0.00000000","0.00000000","0.00000000","0.00000000","0.00000000"
"-12.33083000","0.00000000","0.00000000","0.00000000","0.00000000","0.00000000","0.00000000"
"-12.28070000","0.00000000","0.00000000","0.00000000","0.00000000","0.00000000","0.00000000"
"-12.23058000","0.00000000","0.00000000","0.00000000","0.00000000","0.00000000","0.00000000"
"-12.18045000","0.00000000","0.00000000","0.00000000","0.00000000","0.00000000","0.00000000"
"-12.13033000","0.00000000","0.00000000","0.00000000","0.00000000","0.00000000","0.00000000"
"-12.08020000","0.00000000","0.00000000","0.00000000","0.00000000","0.00000000","0.00000000"
"-12.03008000","0.00000000","0.00000000","0.00000000","0.00000000","0.00000000","0.00000000"
"-11.97995000","0.00000000","0.00000000","0.00000000","0.00000000","0.00000000","0.00000000"
"-11.92982000","0.00000000","0.00000000","0.00000000","0.00000000","0.00000000","0.00000000"
"-11.87970000","0.00000000","0.00000000","0.00000000","0.00000000","0.00000000","0.00000000"
"-11.82957000","0.00000000","0.00000000","0.00000000","0.00000000","0.00000000","0.00000000"
"-11.77945000","0.00000000","0.00000000","0.00000000","0.00000000","0.00000000","0.00000000"
"-11.72932000","0.00000000","0.00000000","0.00000000","0.00000000","0.00000000","0.00000000"
"-11.67920000","0.00000000","0.00000000","0.00000000","0.00000000","0.00000000","0.00000000"
"-11.62907000","0.00000000","0.00000000","0.00000000","0.00000000","0.00000000","0.00000000"
"-11.57895000","0.00000000","0.00000000","0.00000000","0.00000000","0.00000000","0.00000000"
"-11.52882000","0.00000000","0.00000000","0.00000000","0.00000000","0.00000000","0.00000000"
"-11.47870000","0.00000000","0.00000000","0.00000000","0.00000000","0.00000000","0.00000000"
"-11.42857000","0.00000000","0.00000000","0.00000000","0.00000000","0.00000000","0.00000000"
"-11.37845000","0.00000000","0.00000000","0.00000000","0.00000000","0.00000000","0.00000000"
"-11.32832000","0.00000000","0.00000000","0.00000000","0.00000000","0.00000000","0.00000000"
"-11.27820000","0.00000000","0.00000000","0.00000000","0.00000000","0.00000000","0.00000000"
"-11.22807000","0.00000000","0.00000000","0.00000000","0.00000000","0.00000000","0.00000000"
"-11.17794000","0.00000000","0.00000000","0.00000000","0.00000000","0.00000000","0.00000000"
"-11.12782000","0.00000000","0.00000000","0.00000000","0.00000000","0.00000000","0.00000000"
"-11.07769000","0.00000000","0.00000000","0.00000000","0.00000000","0.00000000","0.00000000"
"-11.02757000","0.00000000","0.00000000","0.00000000","0.00000000","0.00000000","0.00000000"
"-10.97744000","0.00000000","0.00000000","0.00000000","0.00000000","0.00000000","0.00000000"
"-10.92732000","0.00000000","0.00000000","0.00000000","0.00000000","0.00000000","0.00000000"
"-10.87719000","0.00000000","0.00000000","0.00000000","0.00000000","0.00000000","0.00000000"
"-10.82707000","0.00000000","0.00000000","0.00000000","0.00000000","0.00000000","0.00000000"
"-10.77694000","0.00000000","0.00000000","0.00000000","0.00000000","0.00000000","0.00000000"
"-10.72682000","0.00000000","0.00000000","0.00000000","0.00000000","0.00000000","0.00000000"
"-10.67669000","0.00000000","0.00000000","0.00000000","0.00000000","0.00000000","0.00000000"
"-10.62657000","0.00000000","0.00000000","0.00000000","0.00000000","0.00000000","0.00000000"
"-10.57644000","0.00000000","0.00000000","0.00000000","0.00000000","0.00000000","0.00000000"
"-10.52632000","0.00000000","0.00000000","0.00000000","0.00000000","0.00000000","0.00000000"
"-10.47619000","0.00000000","0.00000000","0.00000000","0.00000000","0.00000000","0.00000000"
"-10.42607000","0.00000000","0.00000000","0.00000000","0.00000000","0.00000000","0.00000000"
"-10.37594000","0.00000000","0.00000000","0.00000000","0.00000000","0.00000000","0.00000000"
"-10.32581000","0.00000000","0.00000000","0.00000000","0.00000000","0.00000000","0.00000000"
"-10.27569000","0.00000000","0.00000000","0.00000000","0.00000000","0.00000000","0.00000000"
"-10.22556000","0.00000000","0.00000000","0.00000000","0.00000000","0.00000000","0.00000000"
"-10.17544000","0.00000000","0.00000000","0.00000000","0.00000000","0.00000000","0.00000000"
"-10.12531000","0.00000000","0.00000000","0.00000000","0.00000000","0.00000000","0.00000000"
"-10.07519000","0.00000000","0.00000000","0.00000000","0.00000000","0.00000000","0.00000000"
"-10.02506000","0.00000000","0.00000000","0.00000000","0.00000000","0.00000000","0.00000000"
"-9.97494000","0.00000000","0.00000000","0.00000000","0.00000000","0.00000000","0.00000000"
"-9.92481000","0.00000000","0.00000000","0.00000000","0.00000000","0.00000000","0.00000000"
"-9.87469000","0.00000000","0.00000000","0.00000000","0.00000000","0.00000000","0.00000000"
"-9.82456000","0.00000000","0.00000000","0.00000000","0.00000000","0.00000000","0.00000000"
"-9.77444000","0.00000000","0.00000000","0.00000000","0.00000000","0.00000000","0.00000000"
"-9.72431000","0.00000000","0.00000000","0.00000000","0.00000000","0.00000000","0.00000000"
"-9.67419000","0.00000000","0.00000000","0.00000000","0.00000000","0.00000000","0.00000000"
"-9.62406000","0.00000000","0.00000000","0.00000000","0.00000000","0.00000000","0.00000000"
"-9.57393000","0.00000000","0.00000000","0.00000000","0.00000000","0.00000000","0.00000000"
"-9.52381000","0.00000000","0.00000000","0.00000000","0.00000000","0.00000000","0.00000000"
"-9.47368000","0.00000000","0.00000000","0.00000000","0.00000000","0.00000000","0.00000000"
"-9.42356000","0.00000000","0.00000000","0.00000000","0.00000000","0.00000000","0.00000000"
"-9.37343000","0.00000000","0.00000000","0.00000000","0.00000000","0.00000000","0.00000000"
"-9.32331000","0.00000000","0.00000000","0.00000000","0.00000000","0.00000000","0.00000000"
"-9.27318000","0.00000000","0.00000000","0.00000000","0.00000000","0.00000000","0.00000000"
"-9.22306000","0.00000000","0.00000000","0.00000000","0.00000000","0.00000000","0.00000000"
"-9.17293000","0.00000000","0.00000000","0.00000000","0.00000000","0.00000000","0.00000000"
"-9.12281000","0.00000000","0.00000000","0.00000000","0.00000000","0.00000000","0.00000000"
"-9.07268000","0.00000000","0.00000000","0.00000000","0.00000000","0.00000000","0.00000000"
"-9.02256000","0.00000000","0.00000000","0.00000000","0.00000000","0.00000000","0.00000000"
"-8.97243000","0.00000000","0.00000000","0.00000000","0.00000000","0.00000000","0.00000000"
"-8.92231000","0.00000000","0.00000000","0.00000000","0.00000000","0.00000000","0.00000000"
"-8.87218000","0.00000000","0.00000000","0.00000000","0.00000000","0.00000000","0.00000000"
"-8.82206000","0.00000000","0.00000000","0.00000000","0.00000000","0.00000000","0.00000000"
"-8.77193000","0.00000000","0.00000000","0.00000000","0.00000000","0.00000000","0.00000000"
"-8.72180000","0.00000000","0.00000000","0.00000000","0.00000000","0.00000000","0.00000000"
"-8.67168000","0.00000000","0.00000000","0.00000000","0.00000000","0.00000000","0.00000000"
"-8.62155000","0.00000000","0.00000000","0.00000000","0.00000000","0.00000000","0.00000000"
"-8.57143000","0.00000000","0.00000000","0.00000000","0.00000000","0.00000000","0.00000000"
"-8.52130000","0.00000000","0.00000000","0.00000000","0.00000000","0.00000000","0.00000000"
"-8.47118000","0.00000000","0.00000000","0.00000000","0.00000000","0.00000000","0.00000000"
"-8.42105000","0.00000000","0.00000000","0.00000000","0.00000000","0.00000000","0.00000000"
"-8.37093000","0.00000000","0.00000000","0.00000000","0.00000000","0.00000000","0.00000000"
"-8.32080000","0.00000000","0.00000000","0.00000000","0.00000000","0.00000000","0.00000000"
"-8.27068000","0.00000000","0.00000000","0.00000000","0.00000000","0.00000000","0.00000000"
"-8.22055000","0.00000000","0.00000000","0.00000000","0.00000000","0.00000000","0.00000000"
"-8.17043000","0.00000000","0.00000000","0.00000000","0.00000000","0.00000000","0.00000000"
"-8.12030000","0.00000000","0.00000000","0.00000000","0.00000000","0.00000000","0.00000000"
"-8.07018000","0.00000000","0.00002000","0.00000000","0.00006000","0.00000000","0.00002000"
"-8.02005000","0.00000000","0.00028000","0.00000000","0.00087000","0.00000000","0.00036000"
"-7.96992000","0.00000000","0.00257000","0.00000000","0.00830000","0.00000000","0.00211000"
"-7.91980000","0.00000000","0.01793000","0.00000000","0.05880000","0.00000000","0.01229000"
"-7.86967000","0.00000000","0.03788000","0.00000000","0.13239000","0.00000000","0.02538000"
"-7.81955000","0.00001000","0.05150000","0.00002000","0.19250000","0.00000000","0.03876000"
"-7.76942000","0.00049000","0.05398000","0.00184000","0.20172000","0.00034000","0.04492000"
"-7.71930000","0.00794000","0.04227000","0.03005000","0.18253000","0.00553000","0.03885000"
"-7.66917000","0.02725000","0.10237000","0.10641000","0.22999000","0.01883000","0.16058000"
"-7.61905000","0.03862000","0.30954000","0.16274000","0.29094000","0.02590000","0.52645000"
"-7.56892000","0.05019000","0.35671000","0.22342000","0.27814000","0.03249000","0.55700000"
"-7.51880000","0.03531000","0.14320000","0.18398000","0.17713000","0.02066000","0.17529000"
"-7.46867000","0.02856000","0.06625000","0.17748000","0.14583000","0.01527000","0.05578000"
"-7.41855000","0.03738000","0.08929000","0.20849000","0.20395000","0.02930000","0.27622000"
"-7.36842000","0.03650000","0.14786000","0.21945000","0.24825000","0.03593000","1.16932000"
"-7.31830000","0.03190000","0.20609000","0.19334000","0.25984000","0.03029000","1.57788000"
"-7.26817000","0.04356000","0.50730000","0.15192000","0.22249000","0.05101000","0.65543000"
"-7.21805000","0.05580000","1.04571000","0.11707000","0.25499000","0.07992000","0.21845000"
"-7.16792000","0.07801000","0.95255000","0.19987000","0.51109000","0.13592000","0.17202000"
"-7.11779000","0.08857000","0.84508000","0.25573000","0.84668000","0.17425000","0.14902000"
"-7.06767000","0.06662000","0.50842000","0.21817000","0.87947000","0.11873000","0.11912000"
"-7.01754000","0.05854000","0.21332000","0.15544000","0.56567000","0.10329000","0.10399000"
"-6.96742000","0.08654000","0.19427000","0.18940000","0.42674000","0.16101000","0.09842000"
"-6.91729000","0.11063000","0.15452000","0.21812000","0.40251000","0.13813000","0.09185000"
"-6.86717000","0.10794000","0.13334000","0.19324000","0.41470000","0.11502000","0.13091000"
"-6.81704000","0.25315000","0.13342000","0.18684000","0.55313000","0.25346000","0.17712000"
"-6.76692000","0.52924000","0.09162000","0.24450000","0.82419000","0.67890000","0.13263000"
"-6.71679000","0.45761000","0.07485000","0.41079000","0.80196000","0.93001000","0.09760000"
"-6.66667000","0.25167000","0.07887000","0.85856000","0.51274000","0.70370000","0.10628000"
"-6.61654000","0.17003000","0.09582000","0.94184000","0.43841000","0.48933000","0.13524000"
"-6.56642000","0.21030000","0.06888000","0.56335000","0.36222000","0.34187000","0.08427000"
"-6.51629000","0.33575000","0.03710000","0.44744000","0.29854000","0.25458000","0.02474000"
"-6.46617000","0.54777000","0.03007000","0.36008000","0.20315000","0.21884000","0.01169000"
"-6.41604000","0.65760000","0.07281000","0.40792000","0.11904000","0.29161000","0.01300000"
"-6.36591000","0.38205000","0.51668000","0.42723000","0.25649000","0.46684000","0.06778000"
"-6.31579000","0.20496000","0.98025000","0.41737000","0.43217000","0.50799000","0.12459000"
"-6.26566000","0.16653000","0.42392000","0.43324000","0.24871000","0.62088000","0.05120000"
"-6.21554000","0.24134000","0.22247000","0.65235000","0.11984000","0.66548000","0.01988000"
"-6.16541000","0.42507000","0.83831000","0.62061000","0.10674000","0.37625000","0.04011000"
"-6.11529000","1.19175000","1.80719000","0.40385000","0.11182000","0.18739000","0.06378000"
"-6.06516000","2.51649000","1.22179000","0.32876000","0.12928000","0.08299000","0.08736000"
"-6.01504000","1.61327000","0.33725000","0.36690000","0.10340000","0.05093000","0.07203000"
"-5.96491000","0.59581000","0.09048000","0.29920000","0.02931000","0.05598000","0.03959000"
"-5.91479000","0.57457000","0.30628000","0.20083000","0.02120000","0.09255000","0.17402000"
"-5.86466000","0.58223000","0.71711000","0.31548000","0.04009000","0.15160000","0.37712000"
"-5.81454000","0.38830000","0.82030000","0.40198000","0.03259000","0.23924000","0.34000000"
"-5.76441000","0.19880000","0.38167000","0.30369000","0.02063000","0.27961000","0.12107000"
"-5.71429000","0.09839000","0.06804000","0.17928000","0.02865000","0.16004000","0.01558000"
"-5.66416000","0.06497000","0.04507000","0.11873000","0.07168000","0.04863000","0.00661000"
"-5.61404000","0.13106000","0.04541000","0.09663000","0.14349000","0.01852000","0.01307000"
"-5.56391000","0.35994000","0.07155000","0.19963000","0.43523000","0.02324000","0.03915000"
"-5.51378000","0.41277000","0.09765000","0.38408000","0.63003000","0.02876000","0.06738000"
"-5.46366000","0.17795000","0.13050000","0.32407000","0.80594000","0.01829000","0.10261000"
"-5.41353000","0.02412000","0.18705000","0.08522000","0.88611000","0.01431000","0.13744000"
"-5.36341000","0.01398000","0.24124000","0.00875000","0.55611000","0.27477000","0.19219000"
"-5.31328000","0.06034000","0.37206000","0.01404000","0.29203000","1.25508000","0.34168000"
"-5.26316000","0.05039000","0.55548000","0.01288000","0.28145000","1.04631000","0.39720000"
"-5.21303000","0.00792000","0.66899000","0.00591000","0.28497000","0.16024000","0.26037000"
"-5.16291000","0.00688000","0.53383000","0.00399000","0.25775000","0.05181000","0.15119000"
"-5.11278000","0.06151000","0.46090000","0.00579000","0.24921000","0.43567000","0.14357000"
"-5.06266000","0.10569000","0.47996000","0.00929000","0.26782000","0.74576000","0.23393000"
"-5.01253000","0.03463000","0.39406000","0.00395000","0.20991000","0.23804000","0.32575000"
"-4.96241000","0.00246000","0.28836000","0.00081000","0.16961000","0.01361000","0.38280000"
"-4.91228000","0.00007000","0.29074000","0.00007000","0.16748000","0.00013000","0.47543000"
"-4.86216000","0.00000000","0.35320000","0.00000000","0.17668000","0.00000000","0.43208000"
"-4.81203000","0.00000000","0.35454000","0.00000000","0.14837000","0.00000000","0.29018000"
"-4.76190000","0.00000000","0.25177000","0.00000000","0.08773000","0.00000000","0.18660000"
"-4.71178000","0.00001000","0.19676000","0.00000000","0.06240000","0.00000000","0.18921000"
"-4.66165000","0.00193000","0.27979000","0.00064000","0.10609000","0.00029000","0.25064000"
"-4.61153000","0.05093000","0.40587000","0.01686000","0.18718000","0.00755000","0.31447000"
"-4.56140000","0.26914000","0.46802000","0.08921000","0.21884000","0.03812000","0.38159000"
"-4.51128000","0.41356000","0.39905000","0.13304000","0.22108000","0.05869000","0.42327000"
"-4.46115000","0.43172000","0.23683000","0.11918000","0.17331000","0.08759000","0.26678000"
"-4.41103000","0.38069000","0.13576000","0.11278000","0.12324000","0.11693000","0.17900000"
"-4.36090000","0.35737000","0.17455000","0.15923000","0.15211000","0.11219000","0.18132000"
"-4.31078000","0.87441000","0.21812000","0.40859000","0.16887000","0.08559000","0.21673000"
"-4.26065000","1.07996000","0.16570000","0.48028000","0.13842000","0.04985000","0.29590000"
"-4.21053000","0.61266000","0.15478000","0.29474000","0.13212000","0.02656000","0.29422000"
"-4.16040000","0.36531000","0.22270000","0.28306000","0.15862000","0.02953000","0.20933000"
"-4.11028000","0.24683000","0.25936000","0.26600000","0.20072000","0.03034000","0.15326000"
"-4.06015000","0.36879000","0.25465000","0.21999000","0.24306000","0.06707000","0.18946000"
"-4.01003000","1.20317000","0.31358000","0.40755000","0.27097000","0.29831000","0.20705000"
"-3.95990000","1.72031000","0.33300000","0.55924000","0.33720000","0.43635000","0.14626000"
"-3.90977000","1.24837000","0.29173000","0.48538000","0.42265000","0.43067000","0.10255000"
"-3.85965000","1.10988000","0.21527000","0.43316000","0.38817000","0.49565000","0.07215000"
"-3.80952000","0.92297000","0.16577000","0.28488000","0.32187000","0.43109000","0.07101000"
"-3.75940000","0.70981000","0.14556000","0.17420000","0.22475000","0.40792000","0.06924000"
"-3.70927000","0.61953000","0.10270000","0.18193000","0.09755000","0.47308000","0.04129000"
"-3.65915000","0.58560000","0.13053000","0.19848000","0.06587000","0.66564000","0.03718000"
"-3.60902000","0.53181000","0.28157000","0.22334000","0.14852000","0.59559000","0.09276000"
"-3.55890000","0.38735000","0.40947000","0.21489000","0.25661000","0.55927000","0.13708000"
"-3.50877000","0.37517000","0.58850000","0.19026000","0.38730000","0.84309000","0.22689000"
"-3.45865000","0.42853000","0.80064000","0.21994000","0.47783000","0.75469000","0.37395000"
"-3.40852000","0.56884000","0.92993000","0.34449000","0.58030000","0.43003000","0.41486000"
"-3.35840000","0.48584000","0.84435000","0.40760000","0.62512000","0.18356000","0.37119000"
"-3.30827000","0.33390000","0.64534000","0.48117000","0.51589000","0.14913000","0.29307000"
"-3.25815000","0.35668000","0.47403000","0.60939000","0.39948000","0.13259000","0.24509000"
"-3.20802000","0.49067000","0.30969000","1.01307000","0.32257000","0.12961000","0.20599000"
"-3.15789000","0.62719000","0.24598000","1.43107000","0.34378000","0.15929000","0.17760000"
"-3.10777000","0.61485000","0.37022000","1.46527000","0.44843000","0.15382000","0.16517000"
"-3.05764000","0.46976000","0.51917000","1.04937000","0.57228000","0.13503000","0.28656000"
"-3.00752000","0.43789000","0.50523000","0.92131000","0.54417000","0.21278000","0.48269000"
"-2.95739000","0.62258000","0.44111000","1.00369000","0.43955000","0.38196000","0.60594000"
"-2.90727000","0.77298000","0.46755000","0.97935000","0.46748000","0.65367000","0.60971000"
"-2.85714000","0.62323000","0.53811000","0.83655000","0.62757000","0.97098000","0.56854000"
"-2.80702000","0.42712000","0.41585000","0.82332000","0.61708000","0.94160000","0.43294000"
"-2.75689000","0.38491000","0.29115000","1.18633000","0.45471000","0.69284000","0.33879000"
"-2.70677000","0.39906000","0.29247000","1.77392000","0.32431000","0.56565000","0.32940000"
"-2.65664000","0.53466000","0.33451000","1.60470000","0.28101000","0.45136000","0.30202000"
"-2.60652000","0.72219000","0.32906000","0.98598000","0.23697000","0.34916000","0.24074000"
"-2.55639000","0.77253000","0.27956000","0.71016000","0.22976000","0.36447000","0.28717000"
"-2.50627000","0.68660000","0.23524000","0.76285000","0.29217000","0.35561000","0.40801000"
"-2.45614000","0.56418000","0.16366000","0.67051000","0.31912000","0.34687000","0.47594000"
"-2.40602000","0.46164000","0.19185000","0.77689000","0.27622000","0.38695000","0.38720000"
"-2.35589000","0.44871000","0.29149000","0.67863000","0.25585000","0.45193000","0.30946000"
"-2.30576000","0.59081000","0.33041000","0.53911000","0.24408000","0.66439000","0.30438000"
"-2.25564000","0.60845000","0.30203000","0.70108000","0.28546000","0.77735000","0.26813000"
"-2.20551000","0.54440000","0.26326000","0.64107000","0.29203000","0.64177000","0.20227000"
"-2.15539000","0.45007000","0.29326000","0.39792000","0.27665000","0.76933000","0.19491000"
"-2.10526000","0.33500000","0.35151000","0.33454000","0.35036000","1.06079000","0.26855000"
"-2.05514000","0.31596000","0.30173000","0.37916000","0.47184000","1.32372000","0.37285000"
"-2.00501000","0.32999000","0.18954000","0.43235000","0.42696000","1.17441000","0.48780000"
"-1.95489000","0.27471000","0.17304000","0.52961000","0.33139000","0.93226000","0.72120000"
"-1.90476000","0.18224000","0.23450000","0.72592000","0.30588000","0.90294000","0.94579000"
"-1.85464000","0.09859000","0.22247000","0.59168000","0.35870000","0.68616000","1.14713000"
"-1.80451000","0.05355000","0.18008000","0.26942000","0.48032000","0.33761000","1.52371000"
"-1.75439000","0.09787000","0.23238000","0.20698000","0.51699000","0.47190000","1.90903000"
"-1.70426000","0.23720000","0.29372000","0.20001000","0.42917000","1.18728000","1.71089000"
"-1.65414000","0.27748000","0.36178000","0.13971000","0.45450000","1.31032000","1.01895000"
"-1.60401000","0.16358000","0.32117000","0.18723000","0.43616000","0.59007000","0.59469000"
"-1.55388000","0.12749000","0.31709000","0.30742000","0.51465000","0.23183000","0.37442000"
"-1.50376000","0.09993000","0.42756000","0.30224000","0.74675000","0.12991000","0.26277000"
"-1.45363000","0.04683000","0.47244000","0.12700000","0.95170000","0.05580000","0.29049000"
"-1.40351000","0.01010000","0.47618000","0.03223000","0.78604000","0.01370000","0.30818000"
"-1.35338000","0.00939000","0.43019000","0.04967000","0.44420000","0.01665000","0.28467000"
"-1.30326000","0.02084000","0.36744000","0.05374000","0.27681000","0.02433000","0.27616000"
"-1.25313000","0.03995000","0.32640000","0.05119000","0.21123000","0.04959000","0.28772000"
"-1.20301000","0.07857000","0.33953000","0.10345000","0.21838000","0.09649000","0.26823000"
"-1.15288000","0.08019000","0.31781000","0.12990000","0.26740000","0.08642000","0.20993000"
"-1.10276000","0.08117000","0.29776000","0.14316000","0.33776000","0.07304000","0.17792000"
"-1.05263000","0.17877000","0.29438000","0.26664000","0.32639000","0.15742000","0.22843000"
"-1.00251000","0.35761000","0.28570000","0.38379000","0.27000000","0.26737000","0.18936000"
"-0.95238000","0.47903000","0.27188000","0.34074000","0.29332000","0.31728000","0.14222000"
"-0.90226000","0.46579000","0.29543000","0.25599000","0.36961000","0.26208000","0.23537000"
"-0.85213000","0.39819000","0.25354000","0.20667000","0.35307000","0.22955000","0.49494000"
"-0.80201000","0.38077000","0.22121000","0.19275000","0.32248000","0.21898000","0.54073000"
"-0.75188000","0.30817000","0.29589000","0.21847000","0.38490000","0.16734000","0.31516000"
"-0.70175000","0.12878000","0.38590000","0.26797000","0.38595000","0.07009000","0.16357000"
"-0.65163000","0.04571000","0.36185000","0.21180000","0.33671000","0.02104000","0.11101000"
"-0.60150000","0.01626000","0.30439000","0.24355000","0.32261000","0.01181000","0.13358000"
"-0.55138000","0.01082000","0.23762000","0.37272000","0.26631000","0.01057000","0.16819000"
"-0.50125000","0.00561000","0.21968000","0.18242000","0.27229000","0.06568000","0.17685000"
"-0.45113000","0.02984000","0.19915000","0.01998000","0.32606000","1.02414000","0.14678000"
"-0.40100000","0.08351000","0.20654000","0.00363000","0.39121000","2.89615000","0.12299000"
"-0.35088000","0.04312000","0.24220000","0.00171000","0.42835000","1.49554000","0.13397000"
"-0.30075000","0.00393000","0.42926000","0.00015000","0.37788000","0.13626000","0.23850000"
"-0.25063000","0.00007000","0.79386000","0.00000000","0.42219000","0.00202000","0.47313000"
"-0.20050000","0.00000000","0.75269000","0.00000000","0.60660000","0.00000000","0.45328000"
"-0.15038000","0.00000000","0.49968000","0.00000000","1.00278000","0.00000000","0.32147000"
"-0.10025000","0.00000000","0.37730000","0.00000000","1.12084000","0.00000000","0.44947000"
"-0.05013000","0.00001000","0.27998000","0.00005000","0.65283000","0.00001000","1.34893000"
"0.00000000","0.00002000","0.19787000","0.00014000","0.23011000","0.00002000","2.73940000"
"0.05013000","0.00001000","0.09582000","0.00008000","0.05374000","0.00001000","2.88464000"
"0.10025000","0.00000000","0.03607000","0.00001000","0.01182000","0.00000000","1.05475000"
"0.15038000","0.00000000","0.01004000","0.00000000","0.00242000","0.00000000","0.09872000"
"0.20050000","0.00000000","0.00126000","0.00000000","0.00023000","0.00000000","0.00271000"
"0.25063000","0.00000000","0.00004000","0.00000000","0.00000000","0.00000000","0.00003000"
"0.30075000","0.00000000","0.00000000","0.00000000","0.00000000","0.00000000","0.00000000"
"0.35088000","0.00000000","0.00000000","0.00000000","0.00011000","0.00000000","0.00000000"
"0.40100000","0.00000000","0.00023000","0.00000000","0.00312000","0.00000000","0.00009000"
"0.45113000","0.00000000","0.00258000","0.00000000","0.01873000","0.00000000","0.00080000"
"0.50125000","0.00000000","0.01308000","0.00000000","0.03779000","0.00000000","0.00243000"
"0.55138000","0.00000000","0.02308000","0.00000000","0.04233000","0.00000000","0.00367000"
"0.60150000","0.00000000","0.00925000","0.00000000","0.01620000","0.00000000","0.00170000"
"0.65163000","0.00000000","0.00071000","0.00000000","0.00132000","0.00000000","0.00016000"
"0.70175000","0.00000000","0.00001000","0.00000000","0.00001000","0.00000000","0.00000000"
"0.75188000","0.00000000","0.00000000","0.00000000","0.00000000","0.00000000","0.00000000"
"0.80201000","0.00000000","0.00000000","0.00000000","0.00000000","0.00000000","0.00000000"
"0.85213000","0.00000000","0.00000000","0.00002000","0.00000000","0.00001000","0.00000000"
"0.90226000","0.00001000","0.00000000","0.00002000","0.00000000","0.00001000","0.00000000"
"0.95238000","0.00000000","0.00000000","0.00000000","0.00000000","0.00000000","0.00000000"
"1.00251000","0.00000000","0.00000000","0.00000000","0.00000000","0.00000000","0.00000000"
"1.05263000","0.00000000","0.00000000","0.00000000","0.00000000","0.00000000","0.00000000"
"1.10276000","0.00000000","0.00000000","0.00000000","0.00000000","0.00000000","0.00000000"
"1.15288000","0.00000000","0.00000000","0.00000000","0.00000000","0.00000000","0.00000000"
"1.20301000","0.00000000","0.00000000","0.00000000","0.00000000","0.00000000","0.00000000"
"1.25313000","0.00000000","0.00000000","0.00000000","0.00000000","0.00000000","0.00000000"
"1.30326000","0.00002000","0.00000000","0.00001000","0.00000000","0.00000000","0.00000000"
"1.35338000","0.00005000","0.00000000","0.00004000","0.00000000","0.00003000","0.00000000"
"1.40351000","0.00006000","0.00000000","0.00007000","0.00000000","0.00011000","0.00000000"
"1.45363000","0.00331000","0.00000000","0.00054000","0.00000000","0.00523000","0.00000000"
"1.50376000","0.06602000","0.00000000","0.00218000","0.00000000","0.09708000","0.00000000"
"1.55388000","0.23805000","0.00000000","0.00515000","0.00000000","0.34989000","0.00000000"
"1.60401000","0.21145000","0.00000000","0.00340000","0.00000000","0.33336000","0.00000000"
"1.65414000","0.12367000","0.00000000","0.00076000","0.00000000","0.22298000","0.00000000"
"1.70426000","0.03361000","0.00000000","0.00015000","0.00000000","0.06215000","0.00000000"
"1.75439000","0.00193000","0.00000000","0.00002000","0.00000000","0.00350000","0.00000000"
"1.80451000","0.00005000","0.00000000","0.00000000","0.00000000","0.00008000","0.00000000"
"1.85464000","0.00339000","0.00000000","0.00003000","0.00000000","0.00416000","0.00000000"
"1.90476000","0.07232000","0.00000000","0.00066000","0.00000000","0.08849000","0.00000000"
"1.95489000","0.27059000","0.00000000","0.00334000","0.00000000","0.33004000","0.00000000"
"2.00501000","0.20975000","0.00000000","0.00588000","0.00000000","0.25236000","0.00000000"
"2.05514000","0.05158000","0.00000000","0.00429000","0.00000000","0.05759000","0.00000000"
"2.10526000","0.01119000","0.00000000","0.00252000","0.00000000","0.00820000","0.00000000"
"2.15539000","0.00307000","0.00000000","0.00108000","0.00000000","0.00150000","0.00000000"
"2.20551000","0.00028000","0.00000000","0.00021000","0.00000000","0.00012000","0.00000000"
"2.25564000","0.00000000","0.00000000","0.00001000","0.00000000","0.00000000","0.00000000"
"2.30576000","0.00000000","0.00000000","0.00000000","0.00000000","0.00000000","0.00000000"
"2.35589000","0.00000000","0.00000000","0.00000000","0.00000000","0.00000000","0.00000000"
"2.40602000","0.00000000","0.00000000","0.00000000","0.00000000","0.00000000","0.00000000"
"2.45614000","0.00000000","0.00000000","0.00000000","0.00000000","0.00000000","0.00000000"
"2.50627000","0.00000000","0.00000000","0.00000000","0.00000000","0.00000000","0.00000000"
"2.55639000","0.00001000","0.00000000","0.00000000","0.00000000","0.00000000","0.00000000"
"2.60652000","0.00018000","0.00000000","0.00002000","0.00000000","0.00006000","0.00000000"
"2.65664000","0.00071000","0.00000000","0.00006000","0.00000000","0.00035000","0.00000000"
"2.70677000","0.00054000","0.00000000","0.00006000","0.00000000","0.00063000","0.00000000"
"2.75689000","0.00013000","0.00000000","0.00003000","0.00000000","0.00094000","0.00000000"
"2.80702000","0.00003000","0.00004000","0.00001000","0.00001000","0.00055000","0.00005000"
"2.85714000","0.00003000","0.00088000","0.00000000","0.00023000","0.00780000","0.00097000"
"2.90727000","0.00086000","0.00324000","0.00012000","0.00095000","0.17188000","0.00365000"
"2.95739000","0.00459000","0.00427000","0.00102000","0.00173000","0.65252000","0.00506000"
"3.00752000","0.00669000","0.00524000","0.00254000","0.00205000","0.45585000","0.00628000"
"3.05764000","0.00657000","0.00377000","0.00379000","0.00109000","0.07079000","0.00439000"
"3.10777000","0.00619000","0.00086000","0.00342000","0.00027000","0.01730000","0.00094000"
"3.15789000","0.00241000","0.00188000","0.00117000","0.00106000","0.00522000","0.00167000"
"3.20802000","0.00203000","0.00920000","0.00145000","0.00367000","0.00184000","0.01206000"
"3.25815000","0.01013000","0.01456000","0.00962000","0.00423000","0.01125000","0.02378000"
"3.30827000","0.02084000","0.00961000","0.02997000","0.00303000","0.02559000","0.01715000"
"3.35840000","0.02548000","0.00896000","0.05142000","0.00295000","0.02764000","0.01462000"
"3.40852000","0.02869000","0.01223000","0.04938000","0.00592000","0.03723000","0.02752000"
"3.45865000","0.03448000","0.00895000","0.04691000","0.00783000","0.04960000","0.03008000"
"3.50877000","0.03743000","0.00415000","0.05281000","0.00569000","0.03932000","0.01598000"
"3.55890000","0.04331000","0.01296000","0.04337000","0.00448000","0.05394000","0.03228000"
"3.60902000","0.04754000","0.03288000","0.03181000","0.00881000","0.07092000","0.08440000"
"3.65915000","0.04484000","0.02973000","0.02633000","0.01078000","0.04907000","0.08368000"
"3.70927000","0.03997000","0.01529000","0.02361000","0.00987000","0.02746000","0.04530000"
"3.75940000","0.02735000","0.00923000","0.02686000","0.00655000","0.02168000","0.02259000"
"3.80952000","0.02099000","0.00683000","0.02246000","0.00344000","0.04397000","0.01922000"
"3.85965000","0.01779000","0.00982000","0.01373000","0.00269000","0.04871000","0.04019000"
"3.90977000","0.01994000","0.01182000","0.01136000","0.00409000","0.03588000","0.04997000"
"3.95990000","0.02419000","0.01222000","0.01150000","0.00419000","0.03969000","0.03485000"
"4.01003000","0.02663000","0.01752000","0.01502000","0.00484000","0.04513000","0.03549000"
"4.06015000","0.03261000","0.02045000","0.01959000","0.00727000","0.04787000","0.04329000"
"4.11028000","0.04205000","0.02036000","0.02998000","0.01149000","0.05957000","0.04400000"
"4.16040000","0.04413000","0.02464000","0.03539000","0.01284000","0.05495000","0.06207000"
"4.21053000","0.06079000","0.03051000","0.04207000","0.00892000","0.04938000","0.07056000"
"4.26065000","0.07288000","0.02635000","0.04967000","0.00666000","0.03691000","0.04874000"
"4.31078000","0.07031000","0.03644000","0.05679000","0.00725000","0.04482000","0.05810000"
"4.36090000","0.08240000","0.05737000","0.07908000","0.01083000","0.06758000","0.08830000"
"4.41103000","0.08500000","0.03419000","0.09876000","0.01024000","0.06634000","0.05452000"
"4.46115000","0.08586000","0.00997000","0.11916000","0.00970000","0.05803000","0.02230000"
"4.51128000","0.09919000","0.01194000","0.16583000","0.01682000","0.04476000","0.04293000"
"4.56140000","0.12157000","0.01778000","0.21890000","0.02022000","0.03426000","0.05385000"
"4.61153000","0.11744000","0.02430000","0.18668000","0.01225000","0.03655000","0.05989000"
"4.66165000","0.13728000","0.03122000","0.11571000","0.01391000","0.05051000","0.08130000"
"4.71178000","0.20369000","0.01896000","0.10658000","0.01541000","0.05572000","0.04273000"
"4.76190000","0.22719000","0.01499000","0.15796000","0.01656000","0.05389000","0.02785000"
"4.81203000","0.16077000","0.03678000","0.17381000","0.02178000","0.05384000","0.04129000"
"4.86216000","0.09599000","0.07404000","0.10214000","0.04427000","0.09668000","0.06248000"
"4.91228000","0.07725000","0.10707000","0.07458000","0.05397000","0.10585000","0.07698000"
"4.96241000","0.05000000","0.07542000","0.05343000","0.03449000","0.06137000","0.06479000"
"5.01253000","0.04765000","0.06703000","0.03204000","0.03500000","0.04769000","0.06989000"
