energy_eV_rel_EF,Coact-Oads_16_347_down,Coact-Oads_16_347_up,Coact-Obridge_16_258_down,Coact-Obridge_16_258_up,neighbor-Obridge_51_258_down,neighbor-Obridge_51_258_up
-15.03759,-0,-0,-0,-0,-0,-0
-14.98747,-0,-0,-0,-0,-0,-0
-14.93734,-0,-0,-0,-0,-0,-0
-14.88722,-0,-0,-0,-0,-0,-0
-14.83709,-0,-0,-0,-0,-0,-0
-14.78697,-0,-0,-0,-0,-0,-0
-14.73684,-0,-0,-0,-0,-0,-0
-14.68672,-0,-0,-0,-0,-0,-0
-14.63659,-0,-0,-0,-0,-0,-0
-14.58647,-0,-0,-0,-0,-0,-0
-14.53634,-0,-0,-0,-0,-0,-0
-14.48622,-0,-0,-0,-0,-0,-0
-14.43609,-0,-0,-0,-0,-0,-0
-14.38596,-0,-0,-0,-0,-0,-0
-14.33584,-0,-0,-0,-0,-0,-0
-14.28571,-0,-0,-0,-0,-0,-0
-14.23559,-0,-0,-0,-0,-0,-0
-14.18546,-0,-0,-0,-0,-0,-0
-14.13534,-0,-0,-0,-0,-0,-0
-14.08521,-0,-0,-0,-0,-0,-0
-14.03509,-0,-0,-0,-0,-0,-0
-13.98496,-0,-0,-0,-0,-0,-0
-13.93484,-0,-0,-0,-0,-0,-0
-13.88471,-0,-0,-0,-0,-0,-0
-13.83459,-0,-0,-0,-0,-0,-0
-13.78446,-0,-0,-0,-0,-0,-0
-13.73434,-0,-0,-0,-0,-0,-0
-13.68421,-0,-0,-0,-0,-0,-0
-13.63409,-0,-0,-0,-0,-0,-0
-13.58396,-0,-0,-0,-0,-0,-0
-13.53383,-0,-0,-0,-0,-0,-0
-13.48371,-0,-0,-0,-0,-0,-0
-13.43358,-0,-0,-0,-0,-0,-0
-13.38346,-0,-0,-0,-0,-0,-0
-13.33333,-0,-0,-0,-0,-0,-0
-13.28321,-0,-0,-0,-0,-0,-0
-13.23308,-0,-0,-0,-0,-0,-0
-13.18296,-0,-0,-0,-0,-0,-0
-13.13283,-0,-0,-0,-0,-0,-0
-13.08271,-0,-0,-0,-0,-0,-0
-13.03258,-0,-0,-0,-0,-0,-0
-12.98246,-0,-0,-0,-0,-0,-0
-12.93233,-0,-0,-0,-0,-0,-0
-12.88221,-0,-0,-0,-0,-0,-0
-12.83208,-0,-0,-0,-0,-0,-0
-12.78195,-0,-0,-0,-0,-0,-0
-12.73183,-0,-0,-0,-0,-0,-0
-12.68170,-0,-0,-0,-0,-0,-0
-12.63158,-0,-0,-0,-0,-0,-0
-12.58145,-0,-0,-0,-0,-0,-0
-12.53133,-0,-0,-0,-0,-0,-0
-12.48120,-0,-0,-0,-0,-0,-0
-12.43108,-0,-0,-0,-0,-0,-0
-12.38095,-0,-0,-0,-0,-0,-0
-12.33083,-0,-0,-0,-0,-0,-0
-12.28070,-0,-0,-0,-0,-0,-0
-12.23058,-0,-0,-0,-0,-0,-0
-12.18045,-0,-0,-0,-0,-0,-0
-12.13033,-0,-0,-0,-0,-0,-0
-12.08020,-0,-0,-0,-0,-0,-0
-12.03008,-0,-0,-0,-0,-0,-0
-11.97995,-0,-0,-0,-0,-0,-0
-11.92982,-0,-0,-0,-0,-0,-0
-11.87970,-0,-0,-0,-0,-0,-0
-11.82957,-0,-0,-0,-0,-0,-0
-11.77945,-0,-0,-0,-0,-0,-0
-11.72932,-0,-0,-0,-0,-0,-0
-11.67920,-0,-0,-0,-0,-0,-0
-11.62907,-0,-0,-0,-0,-0,-0
-11.57895,-0,-0,-0,-0,-0,-0
-11.52882,-0,-0,-0,-0,-0,-0
-11.47870,-0,-0,-0,-0,-0,-0
-11.42857,-0,-0,-0,-0,-0,-0
-11.37845,-0,-0,-0,-0,-0,-0
-11.32832,-0,-0,-0,-0,-0,-0
-11.27820,-0,-0,-0,-0,-0,-0
-11.22807,-0,-0,-0,-0,-0,-0
-11.17794,-0,-0,-0,-0,-0,-0
-11.12782,-0,-0,-0,-0,-0,-0
-11.07769,-0,-0,-0,-0,-0,-0
-11.02757,-0,-0,-0,-0,-0,-0
-10.97744,-0,-0,-0,-0,-0,-0
-10.92732,-0,-0,-0,-0,-0,-0
-10.87719,-0,-0,-0,-0,-0,-0
-10.82707,-0,-0,-0,-0,-0,-0
-10.77694,-0,-0,-0,-0,-0,-0
-10.72682,-0,-0,-0,-0,-0,-0
-10.67669,-0,-0,-0,-0,-0,-0
-10.62657,-0,-0,-0,-0,-0,-0
-10.57644,-0,-0,-0,-0,-0,-0
-10.52632,-0,-0,-0,-0,-0,-0
-10.47619,-0,-0,-0,-0,-0,-0
-10.42607,-0,-0,-0,-0,-0,-0
-10.37594,-0,-0,-0,-0,-0,-0
-10.32581,-0,-0,-0,-0,-0,-0
-10.27569,-0,-0,-0,-0,-0,-0
-10.22556,-0,-0,-0,-0,-0,-0
-10.17544,-0,-0,-0,-0,-0,-0
-10.12531,-0,-0,-0,-0,-0,-0
-10.07519,-0,-0,-0,-0,-0,-0
-10.02506,-0,-0,-0,-0,-0,-0
-9.97494,-0,-0,-0,-0,-0,-0
-9.92481,-0,-0,-0,-0,-0,-0
-9.87469,-0,-0,-0,-0,-0,-0
-9.82456,-0,-0,-0,-0,-0,-0
-9.77444,-0,-0,-0,-0,-0,-0
-9.72431,-0,-0,-0,-0,-0,-0
-9.67419,0,0,-0,-0,-0,-0
-9.62406,0,0,-0,-0,-0,-0
-9.57393,0,0,-0,-0,-0,0
-9.52381,0.00011,4e-05,0,0,0,0
-9.47368,0.00734,0.00286,0,0,0,0
-9.42356,0.08028,0.03189,1e-05,0,0,0
-9.37343,0.15436,0.06434,0.00095,0.00041,0.00037,2e-05
-9.32331,0.054,0.02521,0.0227,0.01006,0.00901,0.00054
-9.27318,0.0033,0.00199,0.09263,0.043,0.03761,0.00221
-9.22306,0.0052,0.00358,0.06979,0.03572,0.02982,0.00167
-9.17293,0.1286,0.08856,0.00981,0.00608,0.00466,0.00024
-9.12281,0.5505,0.38346,0.00056,0.00045,0.00025,1e-05
-9.07268,0.44451,0.31898,0.02502,0.01937,0.00897,0.00019
-9.02256,0.08134,0.06126,0.33138,0.25694,0.11895,0.00251
-8.97243,0.25127,0.16276,0.77158,0.60176,0.27886,0.00567
-8.92231,1.06157,0.6872,0.33826,0.26927,0.12522,0.0022
-8.87218,0.84836,0.5633,0.10165,0.07866,0.03715,0.00052
-8.82206,0.1701,0.13254,0.62963,0.46865,0.22169,0.0036
-8.77193,0.20329,0.1056,0.96612,0.72165,0.33986,0.00562
-8.72180,0.99288,0.47499,0.28207,0.21793,0.09867,0.00187
-8.67168,1.09277,0.58098,0.02066,0.01935,0.00694,0.00024
-8.62155,0.46915,0.34823,0.01491,0.00913,0.00241,6e-05
-8.57143,0.42689,0.31533,0.28746,0.16724,0.04413,0.0009
-8.52130,1.16245,0.79931,1.00839,0.59202,0.15738,0.00298
-8.47118,1.4478,0.96483,0.68116,0.41095,0.11671,0.00167
-8.42105,0.58559,0.3838,0.21375,0.14582,0.03967,0.0003
-8.37093,0.1072,0.06866,0.42716,0.31567,0.05336,0.00018
-8.32080,0.02376,0.01917,1.47306,1.04859,0.20981,0.00204
-8.27068,0.0733,0.06549,1.58958,1.12655,0.22537,0.00219
-8.22055,0.40359,0.2298,0.70112,0.47493,0.06774,0.00081
-8.17043,1.2133,0.3964,0.68203,0.42561,0.03191,0.00147
-8.12030,2.15645,0.45211,0.28137,0.17755,0.08032,0.00906
-8.07018,1.58471,0.34366,0.08988,0.10131,0.84315,0.09297
-8.02005,0.62571,0.14774,0.2134,0.25719,2.3604,0.24574
-7.96992,0.31346,0.05154,0.2931,0.24837,1.86021,0.16245
-7.91980,0.24671,0.08667,0.37362,0.22937,1.30309,0.08183
-7.86967,0.30684,0.25735,0.21527,0.09036,0.60888,0.07369
-7.81955,0.45565,0.17166,0.25709,0.03825,0.37208,0.1025
-7.76942,0.64659,-0.05677,0.78386,0.08592,0.40826,0.19286
-7.71930,0.64571,0.01644,1.49879,0.18408,0.44306,0.31347
-7.66917,0.78625,0.26948,1.03384,0.16857,0.41855,0.2194
-7.61905,0.71748,0.38616,0.40319,0.09689,0.52801,0.13284
-7.56892,0.48299,0.34281,0.51677,0.17146,0.25948,0.12524
-7.51880,0.34736,0.25452,0.4624,0.1419,0.02053,0.06992
-7.46867,0.19489,0.13463,0.26783,0.0936,0.02142,0.03761
-7.41855,0.07521,0.03894,0.52097,0.19458,0.05319,0.03684
-7.36842,0.0537,-0.00271,0.94964,0.39698,0.06511,0.05847
-7.31830,0.02936,-0.00671,0.92308,0.4421,0.06095,0.06492
-7.26817,0.01225,0.01699,0.60789,0.20599,0.03345,0.04124
-7.21805,0.01526,0.04515,0.45104,0.07836,0.00018,0.03057
-7.16792,0.0145,0.03406,0.23398,0.08458,-0.10753,0.05213
-7.11779,0.01119,0.02149,0.2258,0.22518,-0.29578,0.11884
-7.06767,0.00875,0.0218,0.27554,0.41945,-0.13321,0.09057
-7.01754,0.00946,0.02553,0.20495,0.33009,0.02053,0.03714
-6.96742,0.02866,0.06443,0.10597,0.11371,0.0157,0.01516
-6.91729,0.04991,0.07204,0.06015,0.0343,0.01176,0.00069
-6.86717,0.07333,0.05604,0.05968,0.02582,0.00139,-0.01193
-6.81704,0.0943,0.08056,0.19064,0.12918,-0.08558,0.11236
-6.76692,0.07092,0.13105,0.25776,0.15827,-0.15105,0.18265
-6.71679,0.03507,0.20545,0.08889,0.05104,-0.05353,0.05417
-6.66667,0.0367,0.19149,0.01291,0.01068,0.01994,0.00484
-6.61654,0.07325,0.11673,0.01179,0.00221,0.14738,0.00221
-6.56642,0.07756,0.03088,0.01534,0.00468,0.45848,0.00447
-6.51629,0.04177,-0.02241,0.05407,-0.01832,0.35095,0.00757
-6.46617,0.02933,-0.00387,0.07224,-0.03112,0.07504,0.01335
-6.41604,0.06842,0.10458,0.04975,-0.01781,0.07718,0.09143
-6.36591,0.07994,0.27959,0.08496,-0.0495,0.21476,0.27755
-6.31579,0.02881,0.27568,0.05029,-0.03034,0.12354,0.16164
-6.26566,0.0089,0.12755,0.01257,-0.00312,0.01458,0.01829
-6.21554,0.01139,0.09942,0.01088,-0.00312,0.00834,0.00444
-6.16541,0.02305,0.09967,0.01895,-0.00742,0.02367,0.01141
-6.11529,0.02671,0.17251,0.02478,0.01768,0.05772,0.02242
-6.06516,0.01773,0.15718,0.07476,0.13912,0.34025,0.12577
-6.01504,0.00903,0.14222,0.11891,0.24846,0.64428,0.24231
-5.96491,0.00751,0.15826,0.04542,0.10081,0.27318,0.10499
-5.91479,0.00987,0.17487,-0.00559,0.04292,0.23441,0.08557
-5.86466,0.00523,0.2522,-0.02945,0.11612,0.703,0.26003
-5.81454,0.01171,0.27255,-0.00524,0.09059,0.49249,0.20009
-5.76441,0.02882,0.23523,-0.00677,0.02573,0.11772,0.12302
-5.71429,0.04902,0.17648,-0.03813,-0.00015,0.11547,0.25927
-5.66416,0.05295,0.13535,-0.03333,-0.00557,0.1126,0.30858
-5.61404,0.05658,0.1193,-0.02013,0.00411,0.10509,0.22531
-5.56391,0.06283,0.05943,-0.00671,0.014,0.09774,0.14558
-5.51378,0.06173,0.02247,-0.00603,0.02219,0.17202,0.34521
-5.46366,0.06399,0.0286,0.00909,0.02121,0.36152,0.6893
-5.41353,0.0503,0.01931,0.03631,0.0028,0.44817,0.56686
-5.36341,0.03327,-0.01697,0.04254,-0.01928,0.21411,0.35108
-5.31328,0.01892,-0.03013,0.04912,-0.01323,0.11393,0.34867
-5.26316,0.0123,0.00704,0.11391,0.0126,0.23849,0.61925
-5.21303,0.01552,0.09088,0.11968,0.02373,0.31235,0.77749
-5.16291,0.03058,0.29994,0.05444,0.03496,0.27761,0.71964
-5.11278,0.06046,0.48614,0.03898,0.15778,0.29207,0.51477
-5.06266,0.06279,0.39603,0.01466,0.15411,0.18599,0.23382
-5.01253,0.04005,0.29732,0.00781,0.08818,0.07453,0.10097
-4.96241,0.02072,0.23182,0.01378,0.30632,0.06071,0.0985
-4.91228,0.01475,0.20266,0.00949,0.91777,0.01814,0.08996
-4.86216,0.01981,0.2034,0.00273,0.71922,0.01246,0.11723
-4.81203,0.04556,0.37245,0.00867,0.59608,0.20969,0.18709
-4.76190,0.0912,0.66707,0.03395,1.1617,0.67426,0.27372
-4.71178,0.06043,0.41333,0.03097,0.75871,0.44522,0.1777
-4.66165,0.03485,0.14103,0.02233,0.1961,0.08505,0.08541
-4.61153,0.028,0.14911,0.02736,0.26382,0.05134,0.06358
-4.56140,0.03041,0.13627,0.02048,0.33065,0.02803,0.04576
-4.51128,0.03846,0.08049,0.01128,0.17281,0.02999,0.09183
-4.46115,0.0372,0.02606,0.00906,0.17547,0.0129,0.1756
-4.41103,0.03573,0.04998,0.02059,0.26247,0.01298,0.22236
-4.36090,0.04103,0.10756,0.02453,0.21622,-0.00037,0.20958
-4.31078,0.05524,0.12895,-0.00513,0.14164,-0.08591,0.2585
-4.26065,0.04834,0.09883,-0.00663,0.13378,-0.08135,0.23022
-4.21053,0.02281,0.0609,0.00089,0.12272,-0.01373,0.11194
-4.16040,0.01076,0.05109,-0.00059,0.11727,0.00521,0.0495
-4.11028,0.00691,0.02531,-0.00433,0.11729,-0.00079,0.05118
-4.06015,0.00868,-0.00767,-0.00456,0.07996,-0.0103,0.09238
-4.01003,0.0055,-0.04108,-0.00339,0.03289,-0.06821,0.14912
-3.95990,-0.00335,-0.0157,-0.00787,0.04542,-0.18274,0.18822
-3.90977,-0.00373,0.04743,-0.01131,0.08166,-0.22579,0.18949
-3.85965,0.00505,0.09321,-0.01119,0.01841,-0.19437,0.17633
-3.80952,0.00812,0.09763,-0.01189,-0.08814,-0.18467,0.17266
-3.75940,0.01586,0.10135,-0.0174,-0.10298,-0.10467,0.11768
-3.70927,0.01854,0.05461,-0.01849,-0.05116,-0.01584,0.0671
-3.65915,0.01099,0.01654,-0.00515,-0.03547,-0.0022,0.00709
-3.60902,0.00898,0.02526,0.00323,-0.06298,-0.0114,-0.02991
-3.55890,0.00916,0.0436,0.00464,-0.09118,-0.02063,-0.01308
-3.50877,0.00607,0.04144,0.00376,-0.09931,-0.01209,0.01758
-3.45865,0.00131,0.01928,-0.00017,-0.13601,-0.0034,0.03809
-3.40852,0.0022,0.02282,-0.00713,-0.12347,0.00151,0.02187
-3.35840,0.00642,0.00105,-0.00435,-0.085,0.00284,0.01412
-3.30827,0.00748,-0.00581,0.00232,-0.07052,-0.00666,0.00065
-3.25815,0.00566,0.02108,0.00402,-0.02334,-0.01309,-0.03317
-3.20802,0.00445,0.05056,0.00148,0.02875,-0.00914,-0.08077
-3.15789,0.00506,0.05811,0.00056,0.04379,0.00603,-0.16658
-3.10777,0.00345,0.05359,0.0007,0.02894,0.01713,-0.36875
-3.05764,-0.01444,0.05195,0.00017,0.01614,-0.00299,-0.55848
-3.00752,-0.027,0.02417,-0.00259,0.01168,-0.02136,-0.49468
-2.95739,-0.03747,-0.00566,-0.00552,0.00049,-0.01792,-0.19917
-2.90727,-0.05197,-0.00861,-0.00703,-0.00668,-0.01258,-0.04885
-2.85714,-0.07965,0.02145,-0.00882,0.00012,-0.00785,-0.03152
-2.80702,-0.10601,0.05035,-0.00673,0.00453,-0.00804,-0.0352
-2.75689,-0.07696,0.03091,-0.00442,0.00449,-0.01452,-0.01937
-2.70677,-0.04525,0.00799,-0.00443,0.01285,-0.01347,-0.00377
-2.65664,-0.02671,0.01439,-0.00297,0.01198,-0.00619,0.00086
-2.60652,-0.01899,0.01365,-0.00094,0.01067,-0.00312,-0.00104
-2.55639,-0.02127,0.00448,0.00054,0.0092,-0.00293,-0.00618
-2.50627,-0.02147,0.00863,0.00106,-0.00435,0.00136,-0.01833
-2.45614,-0.0209,0.01298,0.00067,-0.007,0.00248,-0.03205
-2.40602,-0.02124,-0.00865,-0.00173,-0.00074,0.00042,-0.02779
-2.35589,-0.02158,-0.02785,-0.00524,-0.0034,-0.00186,-0.03926
-2.30576,-0.02499,-0.05307,-0.00888,-0.00841,-0.00732,-0.08833
-2.25564,-0.03624,-0.08523,-0.01021,-0.00598,-0.013,-0.09524
-2.20551,-0.04033,-0.06916,-0.00277,0.02061,0.00187,-0.07868
-2.15539,-0.03446,-0.03781,0.01326,0.07741,0.02739,-0.09901
-2.10526,-0.02428,-0.0293,-0.00243,0.05354,0.01329,-0.20674
-2.05514,-0.0176,-0.02208,-0.03967,-0.00665,0.01477,-0.25725
-2.00501,-0.01532,-0.00762,-0.05378,0.01182,0.03515,-0.30242
-1.95489,-0.01817,0.01192,-0.06257,0.00552,0.03242,-0.40184
-1.90476,-0.02382,0.0449,-0.08323,-0.02322,0.03846,-0.31975
-1.85464,-0.0232,0.02548,-0.10034,-0.01616,0.02731,-0.12063
-1.80451,-0.02093,-0.00358,-0.0894,-0.00353,0.02549,-0.05077
-1.75439,-0.0195,-0.00737,-0.04552,-0.01014,0.05185,-0.12718
-1.70426,-0.01381,-0.00686,-0.01873,-0.01413,0.06858,-0.19457
-1.65414,-0.00872,-0.00463,-0.00332,0.00363,0.01913,-0.06855
-1.60401,-0.008,-0.00364,-0.00016,0.00837,-0.00161,-0.00903
-1.55388,-0.007,-0.00014,-0.00421,0.00112,-0.00181,-0.00266
-1.50376,-0.00887,-0.00065,-0.00482,0.01058,-0.00205,-0.00142
-1.45363,-0.01037,-0.00385,-0.00207,0.0556,-0.00379,-0.00056
-1.40351,-0.01461,0.00473,-0.00115,0.07146,-0.00477,-0.00021
-1.35338,-0.01122,0.00846,-0.00445,0.02097,-0.00324,-0.00017
-1.30326,-0.004,0.0064,-0.01147,-0.00785,-0.00313,-0.00032
-1.25313,-0.01167,0.0078,-0.0176,-0.00583,-0.00377,-0.00022
-1.20301,-0.03936,0.00865,-0.07672,-0.00357,-0.0044,-0.00033
-1.15288,-0.04552,0.00039,-0.24156,-0.01395,-0.00523,-0.0007
-1.10276,-0.02492,-0.00901,-0.1846,-0.01394,-0.00405,-0.00033
-1.05263,-0.01396,-0.00922,-0.02977,-0.00646,-0.00156,6e-05
-1.00251,-0.02663,-0.00791,-0.00163,-0.00368,-0.00057,7e-05
-0.95238,-0.03761,-0.00581,-0.00487,8e-05,-0.00018,7e-05
-0.90226,-0.07912,-0.00679,-0.06176,-0.00241,0.00031,0.00017
-0.85213,-0.11152,-0.01038,-0.15,-0.00959,0.00078,0.00031
-0.80201,-0.03544,-0.0046,-0.07123,-0.00532,0.00031,0.00019
-0.75188,-0.00372,-0.00083,-0.00704,-0.00098,-4e-05,6e-05
-0.70175,-0.00397,0.00082,-0.00041,-0.00044,-0.00042,3e-05
-0.65163,-0.00727,0.00198,-0.00053,-0.00068,-0.00086,5e-05
-0.60150,-0.00742,0.00486,-0.00941,-0.00141,-0.00045,2e-05
-0.55138,-0.00494,0.00268,-0.05682,-0.00603,-0.0007,-4e-05
-0.50125,-0.00786,-0.00519,-0.06303,-0.00674,-0.00072,-5e-05
-0.45113,-0.01772,-0.02214,-0.01285,-0.0016,-0.0001,-1e-05
-0.40100,-0.02079,-0.04434,-0.0008,-0.00036,-4e-05,1e-05
-0.35088,-0.027,-0.02762,-0.00038,-0.00093,-0.00027,6e-05
-0.30075,-0.06863,-0.00837,-0.00026,-0.00073,-0.00022,6e-05
-0.25063,-0.21448,-0.00988,-6e-05,-9e-05,-4e-05,1e-05
-0.20050,-0.28033,-0.00883,-1e-05,0,-1e-05,-0
-0.15038,-0.08021,-0.00172,-0.00012,4e-05,-0.00036,-0.00067
-0.10025,-0.00644,-0.00213,-0.00066,6e-05,-0.0067,-0.01516
-0.05013,-0.00111,-0.00289,-0.00108,-0.0005,-0.0252,-0.05964
0.00000,-0.00057,-0.00126,-0.00055,-0.00047,-0.01784,-0.04301
0.05013,-0.0002,-0.0004,-7e-05,-7e-05,-0.00227,-0.00577
0.10025,-3e-05,-6e-05,-0,-0,-5e-05,-0.00016
0.15038,-0,-0,-0,-0,-0,-0
0.20050,-0,-0,-0,-0,-0,-0
0.25063,-0,-0,0,-0,-0,0
0.30075,-0,0,0,-0,-0,0
0.35088,-0,-0,0,-0,-6e-05,0.00013
0.40100,-0,-0,5e-05,-0.00011,-0.00145,0.00319
0.45113,-0,-0,0.00021,-0.00049,-0.00623,0.01369
0.50125,-0,-0,0.00016,-0.00038,-0.00483,0.01061
0.55138,-0,-0,2e-05,-5e-05,-0.00067,0.00147
0.60150,-0,-0,0,-0,-2e-05,3e-05
0.65163,-0,-0,0,-0,-0,0
0.70175,-0,-0,0,-0,-0,0
0.75188,-0,-0,-0,-0,-0,0
0.80201,-0,-0,-0,-0,-0,-0
0.85213,-0,-0,-0,-0,-0,-0
0.90226,-0,-0,-0,-0,-0,-0
0.95238,-0,-0,-0,-0,-0,-0
1.00251,-0,-0,-0,-0,-0,-0
1.05263,-0,-0,-0,-0,-0,-0
1.10276,-0,-0,-0,-0,-0,-0
1.15288,-0,-0,-0,-0,-0,-0
1.20301,-0,-0,-0,-0,-0,-0
1.25313,-0,-0,-0,-0,-0,-0
1.30326,-0,-0,-0,0,0,-0
1.35338,-0,-0,-0,-0,-0,-0
1.40351,-0,-0,-0,-0,-0,-0
1.45363,-0,-0,-0,-0,-0,-0
1.50376,-0,-0,-1e-05,-1e-05,-0,-1e-05
1.55388,-0,-0,-0.0001,-0.00011,-2e-05,-9e-05
1.60401,-0,-0,-0.00027,-0.00049,-0.00046,-0.00019
1.65414,-0,-0,-0.00128,-0.00565,-0.0058,9e-05
1.70426,-0,-0,-0.00515,-0.02698,-0.02429,0.00113
1.75439,-0,-0,-0.0078,-0.03043,-0.02315,-0.00055
1.80451,-0,-0,-0.01411,-0.02266,-0.00468,-0.02179
1.85464,-0,-0,-0.01207,-0.02209,0.00368,-0.11382
1.90476,-0,-0,-0.00379,-0.0142,0.00751,-0.14076
1.95489,-0,-0,-0.00281,-0.01857,0.02524,-0.18517
2.00501,-0,-0,-0.00508,-0.03544,0.05268,-0.34901
2.05514,-2e-05,-2e-05,-0.00259,-0.0148,0.01931,-0.14346
2.10526,-0.0026,-0.00196,-0.00457,-0.00307,-0.00867,-0.03937
2.15539,-0.04771,-0.03622,-0.01547,-0.00779,-0.03288,-0.07566
2.20551,-0.17429,-0.13321,-0.03483,-0.03775,-0.0778,-0.0729
2.25564,-0.13641,-0.105,-0.04694,-0.05906,-0.1105,-0.07091
2.30576,-0.02223,-0.01722,-0.06887,-0.06004,-0.12061,-0.09822
2.35589,-0.00114,-0.00162,-0.08733,-0.0544,-0.10916,-0.10316
2.40602,-0.00367,-0.00802,-0.05606,-0.05674,-0.07611,-0.16289
2.45614,-0.01019,-0.01776,-0.04725,-0.10578,-0.11271,-0.91845
2.50627,-0.01255,-0.01854,-0.09256,-0.20583,-0.2194,-1.59637
2.55639,-0.00677,-0.00771,-0.0834,-0.1533,-0.15268,-0.65188
2.60652,-0.07235,-0.05609,-0.14395,-0.17025,-0.17321,-0.14279
2.65664,-0.30967,-0.24208,-0.21745,-0.24641,-0.257,-0.18246
2.70677,-0.2515,-0.19851,-0.09957,-0.13474,-0.13855,-0.31251
2.75689,-0.04981,-0.03539,-0.07989,-0.08816,-0.15805,-0.28453
2.80702,-0.04291,-0.02596,-0.10009,-0.05168,-0.24741,-0.09959
2.85714,-0.0505,-0.06831,-0.05563,-0.0192,-0.24419,-0.0802
2.90727,-0.06458,-0.11197,-0.03666,-0.01636,-0.3935,-0.10719
2.95739,-0.07394,-0.08036,-0.03691,-0.04092,-0.30066,-0.09275
3.00752,-0.05982,-0.04951,-0.10435,-0.05886,-0.12616,-0.09732
3.05764,-0.08853,-0.10051,-0.15351,-0.04894,-0.11327,-0.09598
3.10777,-0.10059,-0.16312,-0.10299,-0.07992,-0.14606,-0.07608
3.15789,-0.0599,-0.12711,-0.12097,-0.12348,-0.13084,-0.0688
3.20802,-0.02656,-0.09709,-0.17293,-0.1202,-0.10321,-0.07615
3.25815,-0.00914,-0.06123,-0.19508,-0.12817,-0.09196,-0.07172
3.30827,-0.00299,-0.03072,-0.25916,-0.21337,-0.0864,-0.05362
3.35840,-0.00222,-0.02418,-0.3904,-0.30247,-0.10775,-0.05685
3.40852,-0.00792,-0.01555,-0.49393,-0.31768,-0.07249,-0.04605
3.45865,-0.05259,-0.0453,-0.37637,-0.23854,-0.05095,-0.06712
3.50877,-0.11385,-0.09699,-0.21082,-0.12912,-0.07579,-0.14198
3.55890,-0.10054,-0.13268,-0.18097,-0.09024,-0.08033,-0.17323
3.60902,-0.10067,-0.15764,-0.16014,-0.07764,-0.06879,-0.15531
3.65915,-0.17117,-0.11308,-0.15805,-0.1165,-0.05485,-0.12638
3.70927,-0.20016,-0.12863,-0.11139,-0.09893,-0.05119,-0.10136
3.75940,-0.20819,-0.26713,-0.13449,-0.12709,-0.05598,-0.10417
3.80952,-0.29058,-0.50595,-0.17125,-0.18901,-0.0612,-0.10491
3.85965,-0.35765,-0.64201,-0.22264,-0.19469,-0.108,-0.12309
3.90977,-0.25996,-0.38037,-0.27049,-0.2091,-0.16371,-0.13643
3.95990,-0.32368,-0.31128,-0.26756,-0.24879,-0.16746,-0.09628
4.01003,-0.52537,-0.50596,-0.38743,-0.36816,-0.17228,-0.0589
4.06015,-0.32089,-0.62533,-0.39187,-0.31636,-0.14233,-0.07638
4.11028,-0.18743,-0.52293,-0.32702,-0.21231,-0.12792,-0.13879
4.16040,-0.18029,-0.2963,-0.25587,-0.21562,-0.16669,-0.14952
4.21053,-0.24319,-0.20125,-0.24813,-0.28457,-0.21333,-0.10207
4.26065,-0.28953,-0.16117,-0.30648,-0.31109,-0.24361,-0.06822
4.31078,-0.31337,-0.19803,-0.26669,-0.31811,-0.28128,-0.03281
4.36090,-0.44992,-0.29284,-0.28395,-0.37039,-0.3469,-0.01592
4.41103,-0.41626,-0.31299,-0.38609,-0.37096,-0.36292,-0.0146
4.46115,-0.30055,-0.36107,-0.3922,-0.33335,-0.31887,-0.01161
4.51128,-0.40093,-0.42081,-0.27769,-0.30887,-0.28018,-0.00907
4.56140,-0.38199,-0.4334,-0.23293,-0.31536,-0.35035,-0.01528
4.61153,-0.45817,-0.27811,-0.20247,-0.29573,-0.37465,-0.00388
4.66165,-0.35985,-0.21958,-0.15667,-0.25069,-0.34706,0.00489
4.71178,-0.33999,-0.21339,-0.15941,-0.27842,-0.37971,-0.0003
4.76190,-0.35861,-0.22601,-0.26573,-0.35592,-0.4742,-0.00218
4.81203,-0.29947,-0.29427,-0.35961,-0.27576,-0.40443,0.0059
4.86216,-0.20841,-0.25074,-0.37184,-0.18295,-0.32447,0.01682
4.91228,-0.23378,-0.22997,-0.39018,-0.25248,-0.3308,0.0085
4.96241,-0.36064,-0.20577,-0.39742,-0.30465,-0.3431,0.01505
5.01253,-0.38233,-0.25838,-0.33436,-0.31,-0.3898,0.02351
