system,state,site_role,orbital,spin,window,Emin_eV,Emax_eV,integrated_PDOS
pristine,*OH,Coact,dxy,up,occupied -2 to 0 eV,-2.0,0.0,0.04720947
pristine,*OH,Coact,dxy,up,near-EF -1 to 0 eV,-1.0,0.0,0.037823555
pristine,*OH,Coact,dxy,up,unoccupied 0 to 1 eV,0.0,1.0,0.023157328465
pristine,*OH,Coact,dxy,down,occupied -2 to 0 eV,-2.0,0.0,0.07835001956000001
pristine,*OH,Coact,dxy,down,near-EF -1 to 0 eV,-1.0,0.0,0.01742233356
pristine,*OH,Coact,dxy,down,unoccupied 0 to 1 eV,0.0,1.0,6.381840884999989e-06
pristine,*OH,Coact,dyz,up,occupied -2 to 0 eV,-2.0,0.0,0.06919838349999999
pristine,*OH,Coact,dyz,up,near-EF -1 to 0 eV,-1.0,0.0,0.048059455
pristine,*OH,Coact,dyz,up,unoccupied 0 to 1 eV,0.0,1.0,0.08252201262499999
pristine,*OH,Coact,dyz,down,occupied -2 to 0 eV,-2.0,0.0,0.025134113089999997
pristine,*OH,Coact,dyz,down,near-EF -1 to 0 eV,-1.0,0.0,0.0033019300899999994
pristine,*OH,Coact,dyz,down,unoccupied 0 to 1 eV,0.0,1.0,1.4291477014999999e-05
pristine,*OH,Coact,dz2,up,occupied -2 to 0 eV,-2.0,0.0,0.0130005505
pristine,*OH,Coact,dz2,up,near-EF -1 to 0 eV,-1.0,0.0,0.0028662749999999997
pristine,*OH,Coact,dz2,up,unoccupied 0 to 1 eV,0.0,1.0,0.0003655528917
pristine,*OH,Coact,dz2,down,occupied -2 to 0 eV,-2.0,0.0,0.11902024233499996
pristine,*OH,Coact,dz2,down,near-EF -1 to 0 eV,-1.0,0.0,0.007275982334999999
pristine,*OH,Coact,dz2,down,unoccupied 0 to 1 eV,0.0,1.0,3.454772629999987e-06
pristine,*OH,Coact,dxz,up,occupied -2 to 0 eV,-2.0,0.0,0.0906686375
pristine,*OH,Coact,dxz,up,near-EF -1 to 0 eV,-1.0,0.0,0.046457067500000004
pristine,*OH,Coact,dxz,up,unoccupied 0 to 1 eV,0.0,1.0,0.052550587254999996
pristine,*OH,Coact,dxz,down,occupied -2 to 0 eV,-2.0,0.0,0.02073961715699999
pristine,*OH,Coact,dxz,down,near-EF -1 to 0 eV,-1.0,0.0,0.0029436680499999998
pristine,*OH,Coact,dxz,down,unoccupied 0 to 1 eV,0.0,1.0,0.00017994408147000001
pristine,*OH,Coact,dx2-y2,up,occupied -2 to 0 eV,-2.0,0.0,0.04810296949999999
pristine,*OH,Coact,dx2-y2,up,near-EF -1 to 0 eV,-1.0,0.0,0.01917267
pristine,*OH,Coact,dx2-y2,up,unoccupied 0 to 1 eV,0.0,1.0,0.026704649905
pristine,*OH,Coact,dx2-y2,down,occupied -2 to 0 eV,-2.0,0.0,0.04100803758999999
pristine,*OH,Coact,dx2-y2,down,near-EF -1 to 0 eV,-1.0,0.0,0.0029991217399999996
pristine,*OH,Coact,dx2-y2,down,unoccupied 0 to 1 eV,0.0,1.0,-1.6575502906500016e-05
pristine,*OH,Oads,px,up,occupied -2 to 0 eV,-2.0,0.0,0.17941941449999999
pristine,*OH,Oads,px,up,near-EF -1 to 0 eV,-1.0,0.0,0.112075432
pristine,*OH,Oads,px,up,unoccupied 0 to 1 eV,0.0,1.0,0.15145270441
pristine,*OH,Oads,px,down,occupied -2 to 0 eV,-2.0,0.0,0.153768234
pristine,*OH,Oads,px,down,near-EF -1 to 0 eV,-1.0,0.0,0.119158719
pristine,*OH,Oads,px,down,unoccupied 0 to 1 eV,0.0,1.0,0.056821352571180005
pristine,*OH,Oads,py,up,occupied -2 to 0 eV,-2.0,0.0,0.284779285
pristine,*OH,Oads,py,up,near-EF -1 to 0 eV,-1.0,0.0,0.22217046
pristine,*OH,Oads,py,up,unoccupied 0 to 1 eV,0.0,1.0,0.009459873085
pristine,*OH,Oads,py,down,occupied -2 to 0 eV,-2.0,0.0,0.21705810499999997
pristine,*OH,Oads,py,down,near-EF -1 to 0 eV,-1.0,0.0,0.10299736500000001
pristine,*OH,Oads,py,down,unoccupied 0 to 1 eV,0.0,1.0,0.02304666328465
pristine,*OH,Oads,pz,up,occupied -2 to 0 eV,-2.0,0.0,0.182050475
pristine,*OH,Oads,pz,up,near-EF -1 to 0 eV,-1.0,0.0,0.09369393000000001
pristine,*OH,Oads,pz,up,unoccupied 0 to 1 eV,0.0,1.0,0.006003422209999999
pristine,*OH,Oads,pz,down,occupied -2 to 0 eV,-2.0,0.0,0.08717936074999999
pristine,*OH,Oads,pz,down,near-EF -1 to 0 eV,-1.0,0.0,0.0324376955
pristine,*OH,Oads,pz,down,unoccupied 0 to 1 eV,0.0,1.0,0.0169407747412
pristine,*O,Coact,dxy,up,occupied -2 to 0 eV,-2.0,0.0,0.043001967999999995
pristine,*O,Coact,dxy,up,near-EF -1 to 0 eV,-1.0,0.0,0.02724369
pristine,*O,Coact,dxy,up,unoccupied 0 to 1 eV,0.0,1.0,0.049848848050000005
pristine,*O,Coact,dxy,down,occupied -2 to 0 eV,-2.0,0.0,0.056057850957999984
pristine,*O,Coact,dxy,down,near-EF -1 to 0 eV,-1.0,0.0,0.002197215758
pristine,*O,Coact,dxy,down,unoccupied 0 to 1 eV,0.0,1.0,0.01219067105
pristine,*O,Coact,dyz,up,occupied -2 to 0 eV,-2.0,0.0,0.13104920600000003
pristine,*O,Coact,dyz,up,near-EF -1 to 0 eV,-1.0,0.0,0.10866810100000002
pristine,*O,Coact,dyz,up,unoccupied 0 to 1 eV,0.0,1.0,0.03509675948000001
pristine,*O,Coact,dyz,down,occupied -2 to 0 eV,-2.0,0.0,0.017383076399999996
pristine,*O,Coact,dyz,down,near-EF -1 to 0 eV,-1.0,0.0,0.0037848452
pristine,*O,Coact,dyz,down,unoccupied 0 to 1 eV,0.0,1.0,0.004043002959999999
pristine,*O,Coact,dz2,up,occupied -2 to 0 eV,-2.0,0.0,0.011086214399999999
pristine,*O,Coact,dz2,up,near-EF -1 to 0 eV,-1.0,0.0,0.0013742824000000002
pristine,*O,Coact,dz2,up,unoccupied 0 to 1 eV,0.0,1.0,0.000343073808275
pristine,*O,Coact,dz2,down,occupied -2 to 0 eV,-2.0,0.0,0.13655059371999997
pristine,*O,Coact,dz2,down,near-EF -1 to 0 eV,-1.0,0.0,0.0026427017200000005
pristine,*O,Coact,dz2,down,unoccupied 0 to 1 eV,0.0,1.0,0.00463567835
pristine,*O,Coact,dxz,up,occupied -2 to 0 eV,-2.0,0.0,0.078969242
pristine,*O,Coact,dxz,up,near-EF -1 to 0 eV,-1.0,0.0,0.06170534
pristine,*O,Coact,dxz,up,unoccupied 0 to 1 eV,0.0,1.0,0.073309589755
pristine,*O,Coact,dxz,down,occupied -2 to 0 eV,-2.0,0.0,0.0266897956
pristine,*O,Coact,dxz,down,near-EF -1 to 0 eV,-1.0,0.0,0.0074326696000000005
pristine,*O,Coact,dxz,down,unoccupied 0 to 1 eV,0.0,1.0,0.00715522249
pristine,*O,Coact,dx2-y2,up,occupied -2 to 0 eV,-2.0,0.0,0.052223938000000004
pristine,*O,Coact,dx2-y2,up,near-EF -1 to 0 eV,-1.0,0.0,0.041110262
pristine,*O,Coact,dx2-y2,up,unoccupied 0 to 1 eV,0.0,1.0,0.0200382932385
pristine,*O,Coact,dx2-y2,down,occupied -2 to 0 eV,-2.0,0.0,0.04588308648999999
pristine,*O,Coact,dx2-y2,down,near-EF -1 to 0 eV,-1.0,0.0,0.0017446769500000004
pristine,*O,Coact,dx2-y2,down,unoccupied 0 to 1 eV,0.0,1.0,0.025388533899999993
pristine,*O,Oads,px,up,occupied -2 to 0 eV,-2.0,0.0,0.22845783
pristine,*O,Oads,px,up,near-EF -1 to 0 eV,-1.0,0.0,0.11178946
pristine,*O,Oads,px,up,unoccupied 0 to 1 eV,0.0,1.0,0.072459265416
pristine,*O,Oads,px,down,occupied -2 to 0 eV,-2.0,0.0,0.036406699
pristine,*O,Oads,px,down,near-EF -1 to 0 eV,-1.0,0.0,0.026834793
pristine,*O,Oads,px,down,unoccupied 0 to 1 eV,0.0,1.0,0.1493016135
pristine,*O,Oads,py,up,occupied -2 to 0 eV,-2.0,0.0,0.228192149
pristine,*O,Oads,py,up,near-EF -1 to 0 eV,-1.0,0.0,0.06939498
pristine,*O,Oads,py,up,unoccupied 0 to 1 eV,0.0,1.0,0.025743175847499997
pristine,*O,Oads,py,down,occupied -2 to 0 eV,-2.0,0.0,0.0402770002
pristine,*O,Oads,py,down,near-EF -1 to 0 eV,-1.0,0.0,0.0166147845
pristine,*O,Oads,py,down,unoccupied 0 to 1 eV,0.0,1.0,0.2936670925
pristine,*O,Oads,pz,up,occupied -2 to 0 eV,-2.0,0.0,0.29723487400000004
pristine,*O,Oads,pz,up,near-EF -1 to 0 eV,-1.0,0.0,0.10855010400000001
pristine,*O,Oads,pz,up,unoccupied 0 to 1 eV,0.0,1.0,0.051361790974999995
pristine,*O,Oads,pz,down,occupied -2 to 0 eV,-2.0,0.0,0.17427227499999998
pristine,*O,Oads,pz,down,near-EF -1 to 0 eV,-1.0,0.0,0.06814878499999999
pristine,*O,Oads,pz,down,unoccupied 0 to 1 eV,0.0,1.0,0.07375321561
Al16,*OH,Coact,dxy,up,occupied -2 to 0 eV,-2.0,0.0,0.07519647709999999
Al16,*OH,Coact,dxy,up,near-EF -1 to 0 eV,-1.0,0.0,0.0715270495
Al16,*OH,Coact,dxy,up,unoccupied 0 to 1 eV,0.0,1.0,-0.00023141757877164203
Al16,*OH,Coact,dxy,down,occupied -2 to 0 eV,-2.0,0.0,0.10123993674999997
Al16,*OH,Coact,dxy,down,near-EF -1 to 0 eV,-1.0,0.0,0.0010666857499999985
Al16,*OH,Coact,dxy,down,unoccupied 0 to 1 eV,0.0,1.0,0.00073487329185
Al16,*OH,Coact,dyz,up,occupied -2 to 0 eV,-2.0,0.0,0.17641398449999995
Al16,*OH,Coact,dyz,up,near-EF -1 to 0 eV,-1.0,0.0,0.16887615399999997
Al16,*OH,Coact,dyz,up,unoccupied 0 to 1 eV,0.0,1.0,-0.0009639956107827476
Al16,*OH,Coact,dyz,down,occupied -2 to 0 eV,-2.0,0.0,0.03957082137399998
Al16,*OH,Coact,dyz,down,near-EF -1 to 0 eV,-1.0,0.0,0.00013784237399999983
Al16,*OH,Coact,dyz,down,unoccupied 0 to 1 eV,0.0,1.0,5.557109751000001e-05
Al16,*OH,Coact,dz2,up,occupied -2 to 0 eV,-2.0,0.0,0.0073267539149999995
Al16,*OH,Coact,dz2,up,near-EF -1 to 0 eV,-1.0,0.0,0.0020097685650000002
Al16,*OH,Coact,dz2,up,unoccupied 0 to 1 eV,0.0,1.0,-7.2492075730370495e-06
Al16,*OH,Coact,dz2,down,occupied -2 to 0 eV,-2.0,0.0,0.13738344664149993
Al16,*OH,Coact,dz2,down,near-EF -1 to 0 eV,-1.0,0.0,9.849709149999979e-05
Al16,*OH,Coact,dz2,down,unoccupied 0 to 1 eV,0.0,1.0,-1.9968493599999994e-05
Al16,*OH,Coact,dxz,up,occupied -2 to 0 eV,-2.0,0.0,0.16404705
Al16,*OH,Coact,dxz,up,near-EF -1 to 0 eV,-1.0,0.0,0.11757505999999998
Al16,*OH,Coact,dxz,up,unoccupied 0 to 1 eV,0.0,1.0,-0.000483522224951751
Al16,*OH,Coact,dxz,down,occupied -2 to 0 eV,-2.0,0.0,0.02317202439999999
Al16,*OH,Coact,dxz,down,near-EF -1 to 0 eV,-1.0,0.0,0.0014967034
Al16,*OH,Coact,dxz,down,unoccupied 0 to 1 eV,0.0,1.0,0.0030869589884699993
Al16,*OH,Coact,dx2-y2,up,occupied -2 to 0 eV,-2.0,0.0,0.0643527499
Al16,*OH,Coact,dx2-y2,up,near-EF -1 to 0 eV,-1.0,0.0,0.0575109154
Al16,*OH,Coact,dx2-y2,up,unoccupied 0 to 1 eV,0.0,1.0,-0.00031070582147470454
Al16,*OH,Coact,dx2-y2,down,occupied -2 to 0 eV,-2.0,0.0,0.05806279720999999
Al16,*OH,Coact,dx2-y2,down,near-EF -1 to 0 eV,-1.0,0.0,0.00019295620999999993
Al16,*OH,Coact,dx2-y2,down,unoccupied 0 to 1 eV,0.0,1.0,0.00021011926920000003
Al16,*OH,Oads,px,up,occupied -2 to 0 eV,-2.0,0.0,0.3918111604999999
Al16,*OH,Oads,px,up,near-EF -1 to 0 eV,-1.0,0.0,0.38151063499999993
Al16,*OH,Oads,px,up,unoccupied 0 to 1 eV,0.0,1.0,-0.002278332734880476
Al16,*OH,Oads,px,down,occupied -2 to 0 eV,-2.0,0.0,0.09008736179999999
Al16,*OH,Oads,px,down,near-EF -1 to 0 eV,-1.0,0.0,0.0463926793
Al16,*OH,Oads,px,down,unoccupied 0 to 1 eV,0.0,1.0,0.1013289878232
Al16,*OH,Oads,py,up,occupied -2 to 0 eV,-2.0,0.0,0.292281584
Al16,*OH,Oads,py,up,near-EF -1 to 0 eV,-1.0,0.0,0.25790841
Al16,*OH,Oads,py,up,unoccupied 0 to 1 eV,0.0,1.0,-0.0002902157029436555
Al16,*OH,Oads,py,down,occupied -2 to 0 eV,-2.0,0.0,0.20384067
Al16,*OH,Oads,py,down,near-EF -1 to 0 eV,-1.0,0.0,0.019927900000000002
Al16,*OH,Oads,py,down,unoccupied 0 to 1 eV,0.0,1.0,0.039463579736500005
Al16,*OH,Oads,pz,up,occupied -2 to 0 eV,-2.0,0.0,0.16036110855000002
Al16,*OH,Oads,pz,up,near-EF -1 to 0 eV,-1.0,0.0,0.11052927355
Al16,*OH,Oads,pz,up,unoccupied 0 to 1 eV,0.0,1.0,-8.133695824900885e-05
Al16,*OH,Oads,pz,down,occupied -2 to 0 eV,-2.0,0.0,0.04922014846999999
Al16,*OH,Oads,pz,down,near-EF -1 to 0 eV,-1.0,0.0,0.013785642970000003
Al16,*OH,Oads,pz,down,unoccupied 0 to 1 eV,0.0,1.0,0.030272521608450006
Al16,*O,Coact,dxy,up,occupied -2 to 0 eV,-2.0,0.0,0.0981446515
Al16,*O,Coact,dxy,up,near-EF -1 to 0 eV,-1.0,0.0,0.086678419
Al16,*O,Coact,dxy,up,unoccupied 0 to 1 eV,0.0,1.0,-0.0008867523997903962
Al16,*O,Coact,dxy,down,occupied -2 to 0 eV,-2.0,0.0,0.07728000272475005
Al16,*O,Coact,dxy,down,near-EF -1 to 0 eV,-1.0,0.0,0.00029548882000000003
Al16,*O,Coact,dxy,down,unoccupied 0 to 1 eV,0.0,1.0,0.02010374145
Al16,*O,Coact,dyz,up,occupied -2 to 0 eV,-2.0,0.0,0.192905958
Al16,*O,Coact,dyz,up,near-EF -1 to 0 eV,-1.0,0.0,0.1877864595
Al16,*O,Coact,dyz,up,unoccupied 0 to 1 eV,0.0,1.0,-0.0011684938683719337
Al16,*O,Coact,dyz,down,occupied -2 to 0 eV,-2.0,0.0,0.02494477137550001
Al16,*O,Coact,dyz,down,near-EF -1 to 0 eV,-1.0,0.0,0.0013322099755
Al16,*O,Coact,dyz,down,unoccupied 0 to 1 eV,0.0,1.0,0.005857628895000001
Al16,*O,Coact,dz2,up,occupied -2 to 0 eV,-2.0,0.0,0.006961094500000002
Al16,*O,Coact,dz2,up,near-EF -1 to 0 eV,-1.0,0.0,0.00205282685
Al16,*O,Coact,dz2,up,unoccupied 0 to 1 eV,0.0,1.0,-4.3958149030855654e-06
Al16,*O,Coact,dz2,down,occupied -2 to 0 eV,-2.0,0.0,0.17097023234500008
Al16,*O,Coact,dz2,down,near-EF -1 to 0 eV,-1.0,0.0,0.0015790012749999998
Al16,*O,Coact,dz2,down,unoccupied 0 to 1 eV,0.0,1.0,0.007533413875
Al16,*O,Coact,dxz,up,occupied -2 to 0 eV,-2.0,0.0,0.17853882035000002
Al16,*O,Coact,dxz,up,near-EF -1 to 0 eV,-1.0,0.0,0.170779724
Al16,*O,Coact,dxz,up,unoccupied 0 to 1 eV,0.0,1.0,-0.0012810078183191037
Al16,*O,Coact,dxz,down,occupied -2 to 0 eV,-2.0,0.0,0.04682183731400002
Al16,*O,Coact,dxz,down,near-EF -1 to 0 eV,-1.0,0.0,0.004578993644
Al16,*O,Coact,dxz,down,unoccupied 0 to 1 eV,0.0,1.0,0.016204776705
Al16,*O,Coact,dx2-y2,up,occupied -2 to 0 eV,-2.0,0.0,0.08120772395
Al16,*O,Coact,dx2-y2,up,near-EF -1 to 0 eV,-1.0,0.0,0.07706141270000001
Al16,*O,Coact,dx2-y2,up,unoccupied 0 to 1 eV,0.0,1.0,-0.0006262087731684168
Al16,*O,Coact,dx2-y2,down,occupied -2 to 0 eV,-2.0,0.0,0.06082374530500003
Al16,*O,Coact,dx2-y2,down,near-EF -1 to 0 eV,-1.0,0.0,0.00016133304499999995
Al16,*O,Coact,dx2-y2,down,unoccupied 0 to 1 eV,0.0,1.0,0.032910221
Al16,*O,Oads,px,up,occupied -2 to 0 eV,-2.0,0.0,0.34264057715
Al16,*O,Oads,px,up,near-EF -1 to 0 eV,-1.0,0.0,0.2243347945
Al16,*O,Oads,px,up,unoccupied 0 to 1 eV,0.0,1.0,-0.0028981510259667997
Al16,*O,Oads,px,down,occupied -2 to 0 eV,-2.0,0.0,0.028312602888000006
Al16,*O,Oads,px,down,near-EF -1 to 0 eV,-1.0,0.0,0.016404443358000002
Al16,*O,Oads,px,down,unoccupied 0 to 1 eV,0.0,1.0,0.16082207950000002
Al16,*O,Oads,py,up,occupied -2 to 0 eV,-2.0,0.0,0.27798672649999995
Al16,*O,Oads,py,up,near-EF -1 to 0 eV,-1.0,0.0,0.0786175115
Al16,*O,Oads,py,up,unoccupied 0 to 1 eV,0.0,1.0,-0.0010669133020602213
Al16,*O,Oads,py,down,occupied -2 to 0 eV,-2.0,0.0,0.025841624533000006
Al16,*O,Oads,py,down,near-EF -1 to 0 eV,-1.0,0.0,0.0062962530700000005
Al16,*O,Oads,py,down,unoccupied 0 to 1 eV,0.0,1.0,0.32318070500000007
Al16,*O,Oads,pz,up,occupied -2 to 0 eV,-2.0,0.0,0.3808161830000001
Al16,*O,Oads,pz,up,near-EF -1 to 0 eV,-1.0,0.0,0.149457509
Al16,*O,Oads,pz,up,unoccupied 0 to 1 eV,0.0,1.0,-0.0008994336141833263
Al16,*O,Oads,pz,down,occupied -2 to 0 eV,-2.0,0.0,0.16097621508000007
Al16,*O,Oads,pz,down,near-EF -1 to 0 eV,-1.0,0.0,0.037437190829999994
Al16,*O,Oads,pz,down,unoccupied 0 to 1 eV,0.0,1.0,0.1161881119497
