"energy_eV_rel_EF","Oads_p_down","Obridge_p_up","Obridge_p_down","Co_d_down","Co_d_up","Oads_p_up"
"-7.91322","-1.6998999999999998E-05","0.033849000000000004","-0.0017475100000000001","-0.00047653099999999998","0.055382800000000003","0.0034122000000000002"
"-7.80722","3.8155000000000003E-05","0.051901999999999997","0.0049679000000000008","0.0015954490000000001","0.75081500000000001","0.039160500000000001"
"-7.70122","0.00021787","0.047446000000000002","0.0247596","0.007064688999999999","1.7102029999999999","0.085948000000000011"
"-7.59622","0.00041283999999999998","0.058485999999999996","0.042499000000000002","0.011012620000000001","1.796732","0.083811999999999998"
"-7.49022","0.00047570000000000002","0.19156999999999999","0.043208000000000003","0.010961459999999999","1.5377999999999998","0.060600000000000001"
"-7.38422","0.00048239999999999996","0.48647999999999997","0.041753999999999999","0.0162226","2.5649000000000002","0.11266000000000001"
"-7.27822","0.0005287","0.65398999999999996","0.054368","0.035904099999999994","4.1087999999999996","0.21576000000000001"
"-7.17222","0.00052769000000000004","0.45121999999999995","0.076269000000000003","0.060605199999999998","3.9846999999999997","0.24293999999999999"
"-7.06622","0.00079699999999999997","0.15789","0.126249","0.074972999999999998","2.5156000000000001","0.18232999999999999"
"-6.96022","0.0028115999999999996","0.058619999999999998","0.27478999999999998","0.096380999999999994","1.5880999999999998","0.13402"
"-6.85422","0.0068145000000000002","0.096244999999999997","0.45763999999999999","0.13606799999999999","1.4601199999999999","0.13245000000000001"
"-6.74822","0.0094959999999999992","0.13670400000000002","0.46736","0.1583","1.3435899999999998","0.13038"
"-6.64222","0.0095340000000000008","0.15583","0.38697000000000004","0.15296000000000001","0.93862000000000012","0.095177999999999999"
"-6.53622","0.010747000000000001","0.28861999999999999","0.39692","0.14591999999999999","0.57837000000000005","0.057815000000000005"
"-6.43022","0.016413999999999998","0.53466999999999998","0.42788999999999999","0.15639999999999998","0.51862000000000008","0.055446000000000002"
"-6.32422","0.023178500000000001","0.61697999999999997","0.51534999999999997","0.18390000000000001","0.49585999999999997","0.071660000000000001"
"-6.21822","0.0217123","0.51468999999999998","0.60211999999999999","0.17487999999999998","0.39361000000000002","0.079230000000000009"
"-6.11222","0.0119968","0.38274999999999998","0.44878000000000001","0.111237","0.42677999999999999","0.079899999999999999"
"-6.00622","0.0055259999999999997","0.2964","0.20213999999999999","0.067552000000000015","0.60482999999999998","0.09869"
"-5.90022","0.0056816000000000002","0.25916","0.097060000000000007","0.072696999999999998","0.61512999999999995","0.11442000000000001"
"-5.79522","0.0062021999999999997","0.16426000000000002","0.074360000000000009","0.077876000000000015","0.33241999999999999","0.077970000000000012"
"-5.68922","0.00496","0.061380000000000004","0.0688","0.073589000000000002","0.088808999999999999","0.026206"
"-5.58322","0.0039719000000000004","0.052684000000000002","0.073190000000000005","0.078053999999999998","0.068905999999999995","0.0091479999999999999"
"-5.47722","0.0029345999999999999","0.101148","0.053170000000000002","0.062016999999999996","0.14751","0.017269"
"-5.37122","0.0013535999999999999","0.14968900000000002","0.018581","0.0241111","0.20075999999999999","0.033468999999999999"
"-5.26522","0.00071739000000000004","0.19381999999999999","0.014368200000000001","0.012591499999999999","0.21259","0.060350000000000001"
"-5.15922","-0.00080280000000000011","0.23137999999999997","0.025441999999999999","0.022495200000000003","0.22248000000000001","0.08882000000000001"
"-5.05322","-0.0095811999999999998","0.21893000000000001","-0.0073039999999999997","0.0033671","0.24015","0.093100000000000016"
"-4.94722","-0.0086290000000000013","0.17563999999999999","-0.02299","-0.010999566999999998","0.26590000000000003","0.10015"
"-4.84122","0.077829999999999996","0.1724","0.26919999999999999","0.15582099999999999","0.31989999999999996","0.13804"
"-4.73522","0.24586","0.19351000000000002","0.87070000000000003","0.5028490000000001","0.43106999999999995","0.14621000000000001"
"-4.62922","0.28926999999999997","0.202989","1.0660000000000001","0.61649500000000002","0.63597000000000004","0.11559999999999999"
"-4.52322","0.16469","0.19917199999999999","0.65700000000000003","0.402665","0.81060999999999994","0.11577999999999999"
"-4.41722","0.07175999999999999","0.17157500000000001","0.26583000000000001","0.21792699999999998","0.81879999999999997","0.12153"
"-4.31122","0.082309999999999994","0.13788899999999998","0.13619000000000001","0.17446499999999998","0.87660000000000005","0.093810000000000004"
"-4.20522","0.13253999999999999","0.15991","0.16397","0.211257","0.97850000000000004","0.070550000000000002"
"-4.10022","0.13627","0.23863000000000001","0.22515000000000002","0.242588","0.81052999999999997","0.067140000000000005"
"-3.99422","0.10331","0.27567000000000003","0.23458999999999999","0.25638","0.48561999999999994","0.066230000000000011"
"-3.88822","0.11171","0.22355","0.205206","0.33577000000000001","0.26172000000000001","0.063399999999999998"
"-3.78222","0.22389000000000001","0.18525","0.16566600000000001","0.52446999999999999","0.199104","0.099299999999999999"
"-3.67622","0.53949999999999998","0.29835","0.16541","0.8250900000000001","0.29010999999999998","0.21445"
"-3.57022","0.94790000000000008","0.48948000000000003","0.31201000000000001","1.04759","0.43888899999999997","0.31877"
"-3.46422","1.0444","0.52090000000000003","0.55385000000000006","0.99137999999999993","0.50883199999999995","0.36836999999999998"
"-3.35822","0.71330000000000005","0.35870999999999997","0.64210000000000012","0.73740000000000006","0.56489","0.56847000000000003"
"-3.25222","0.33018000000000003","0.20714999999999997","0.52004000000000006","0.54122000000000003","0.69070000000000009","0.95053999999999994"
"-3.14622","0.16192999999999999","0.19835999999999998","0.34082000000000001","0.52878000000000003","0.72239999999999993","1.1080699999999999"
"-3.04022","0.14283999999999999","0.26395999999999997","0.21312999999999999","0.57069000000000003","0.55152999999999996","0.84510000000000007"
"-2.93422","0.19161999999999998","0.27549000000000001","0.21013999999999999","0.57891999999999999","0.32190999999999997","0.47728999999999999"
"-2.82822","0.26922000000000001","0.21672999999999998","0.34725","0.60923000000000005","0.17571999999999999","0.25111"
"-2.72222","0.28760999999999998","0.15771000000000002","0.50843000000000005","0.64034000000000002","0.13072","0.18664999999999998"
"-2.61622","0.22031000000000001","0.12461","0.52423000000000008","0.60399000000000003","0.16139000000000001","0.28322000000000003"
"-2.51022","0.15203","0.10621999999999999","0.37603000000000003","0.52354000000000001","0.21252000000000001","0.44498000000000004"
"-2.40522","0.12864999999999999","0.12579000000000001","0.23702000000000004","0.47945000000000004","0.20901000000000003","0.47863999999999995"
"-2.29922","0.10921","0.19357000000000002","0.20164000000000001","0.50997000000000003","0.15142","0.36386999999999997"
"-2.19322","0.074880000000000002","0.25301000000000001","0.19283","0.60231999999999997","0.096647999999999998","0.23593"
"-2.08722","0.082070000000000004","0.25374000000000002","0.16886000000000001","0.79257","0.062168000000000001","0.14843300000000001"
"-1.98122","0.16452","0.21722","0.15993999999999997","0.99441000000000002","0.039655999999999997","0.094190999999999997"
"-1.87522","0.24983","0.18721000000000002","0.16326000000000002","0.91857","0.032213000000000006","0.08313799999999999"
"-1.76922","0.28277999999999998","0.18382999999999999","0.17531999999999998","0.56062999999999996","0.042703999999999999","0.13820299999999999"
"-1.66322","0.27095000000000002","0.21321000000000001","0.18736","0.25667020000000002","0.063726999999999992","0.30288999999999999"
"-1.55722","0.19304000000000002","0.25034000000000001","0.15459999999999999","0.11205200000000001","0.083299999999999999","0.55549999999999999"
"-1.45122","0.086035","0.25990999999999997","0.08727","0.040645000000000001","0.088359999999999994","0.72439999999999993"
"-1.34522","0.028377699999999999","0.24921000000000001","0.052689999999999994","0.0119148","0.075220000000000009","0.70450000000000002"
"-1.23922","0.02628175","0.23736000000000002","0.071590000000000001","0.014257490000000001","0.06272599999999999","0.58479999999999999"
"-1.13322","0.036824999999999997","0.20695999999999998","0.10137000000000002","0.028740000000000002","0.071640000000000009","0.49769999999999998"
"-1.02722","0.039300000000000002","0.15664","0.12497999999999999","0.038497000000000003","0.10358400000000001","0.4919"
"-0.92122","0.038030000000000001","0.13025999999999999","0.12942999999999999","0.037152000000000004","0.15167700000000001","0.49729999999999996"
"-0.81522","0.032957","0.14951","0.086693000000000006","0.030710000000000001","0.18997600000000003","0.53180000000000005"
"-0.71022","0.021900000000000003","0.18053","0.031722","0.022409000000000002","0.173764","0.62449999999999994"
"-0.60422","0.0088589999999999988","0.17927999999999999","0.0056880000000000003","0.011560000000000001","0.11067600000000001","0.58419999999999994"
"-0.49822","-0.010824499999999999","0.14293999999999998","-0.00013860000000000006","0.0022543199999999998","0.060687999999999999","0.34559999999999996"
"-0.39222","-0.058280999999999999","0.108655","-0.0012794999999999998","-0.0046425069999999997","0.12741970000000002","0.12266000000000001"
"-0.28622","-0.034222000000000002","0.098549899999999996","-0.00077910000000000002","-0.0031157799999999999","0.39217969999999996","0.028008999999999999"
"-0.18022","0.44326999999999994","0.11267000000000001","0.0045783999999999998","0.037332700000000003","0.69057849999999998","0.073020000000000002"
"-0.07422","1.2608000000000001","0.18541000000000002","0.013514999999999999","0.10622250999999999","0.89141099999999995","0.36071999999999999"
"0.03178","1.2779","0.29676999999999998","0.014227","0.106458","1.0457190000000001","0.76279999999999992"
"0.13778","0.54047000000000001","0.28042","0.0057210999999999998","0.045773800000000003","0.87076799999999999","0.755"
"0.24378","0.61046299999999998","0.11713000000000001","0.00036503000000000002","0.066913200000000006","0.34419669999999997","0.31514999999999999"
"0.34978","1.41726","0.0029842999999999996","0.00042779999999999999","0.15637680000000001","0.00026506000000000012","0.0057733999999999997"
"0.45578","1.3412620000000002","-0.0095869000000000006","0.00083196000000000008","0.14691999999999997","-0.041275810000000003","-0.035229999999999997"
"0.56178","0.44797690000000001","0.0016908000000000001","0.00031583799999999998","0.048971999999999995","-0.011260972999999999","-0.010289"
"0.66778","-0.044129700000000001","0.00306317","-3.4512699999999999E-05","-0.0048164000000000011","-0.00061688300000000014","-0.00095180000000000004"
"0.77378","-0.061957399999999996","0.00055206999999999999","-4.6677200000000001E-05","-0.0067681","0.00020207299999999999","6.1001000000000001E-05"
"0.87978","-0.01474893","-0.00027213999999999998","-1.1653999999999999E-05","-0.0016959499999999999","8.7997699999999999E-05","5.4920000000000003E-05"
"0.98478","-0.00177743","-0.000127608","-1.29933E-05","-0.0020495299999999999","5.1197570000000004E-05","3.0409000000000003E-05"
"1.09078","-0.0023812","-2.2186199999999998E-05","-0.000145764","-0.022043600000000003","3.2424640000000006E-06","1.6587999999999997E-06"
"1.19678","-0.0138","-3.1268000000000003E-06","-0.00094707000000000005","-0.12893100000000002","-9.449849999999999E-06","-5.2901000000000004E-06"
"1.30278","-0.031736","-5.6678999999999996E-07","-0.0025497000000000002","-0.27642","-3.6464969999999999E-06","-2.0174399999999998E-06"
"1.40878","0.044476000000000002","-7.6843999999999996E-08","0.00189828","0.48018430000000001","-5.638189999999999E-07","-3.1090899999999999E-07"
"1.51478","0.35891000000000001","-5.7745999999999995E-09","0.025299200000000001","3.3262","-4.3301000000000005E-08","-2.3857699999999998E-08"
"1.62078","0.65580000000000005","-2.34408E-10","0.051134440000000003","5.8317999999999994","-1.7655219999999999E-09","-9.7211999999999995E-10"
"1.72678","0.50563000000000002","-5.2162000000000003E-12","0.042363999999999999","4.3529999999999998","-3.9301240000000001E-11","-2.16428E-11"
"1.83278","0.27727000000000002","-6.5428999999999996E-14","0.033316999999999999","1.5321000000000002","-4.8512599999999999E-13","-2.6722800000000002E-13"
"1.93878","0.49748999999999999","-2.1540999999999999E-13","0.076770000000000005","1.2386170000000001","-1.10886E-14","-2.1258999999999999E-14"
"2.04478","0.69208999999999998","-2.4871999999999998E-11","0.10683999999999999","1.80165","-8.8730999999999998E-13","-2.2519099999999998E-12"
"2.15078","0.39846000000000004","-1.6202999999999999E-09","0.061907999999999998","1.0800050000000001","-5.7055999999999999E-11","-1.4746399999999998E-10"
"2.25678","0.052333999999999999","-5.9100000000000006E-08","0.008679000000000001","0.14199110000000001","-2.0442500000000003E-09","-5.4301000000000001E-09"
"2.36278","-0.034660999999999997","-1.1941000000000001E-06","-0.0051156999999999999","-0.096426581999999997","-4.0283999999999999E-08","-1.1170499999999999E-07"
"2.46878","-0.015012999999999999","-1.3035E-05","-0.0023032999999999999","-0.041505278699999995","-4.2485E-07","-1.2618600000000001E-06"
"2.57478","-0.0024396999999999999","-7.1852000000000003E-05","-0.00036799000000000001","-0.0071442299999999997","-2.2290600000000001E-06","-7.4586E-06"
"2.67978","-0.00020652999999999999","-0.00015123","-2.0789999999999996E-05","-0.0076531799999999999","-4.2117999999999992E-06","-1.9244299999999998E-05"
"2.78578","-5.3646999999999996E-05","0.00020772","-2.9910000000000003E-05","-0.045594700000000002","8.0035999999999991E-06","4.3497699999999999E-06"
"2.89178","1.1339999999999995E-05","0.0015533000000000001","0.00044799999999999999","-0.1100477","4.9739999999999995E-05","0.000133275"
"2.99778","0.00057929999999999993","0.0029715000000000002","0.0017231","0.148425","9.0863000000000001E-05","0.000327755"
"3.10378","0.0022175000000000003","0.0038316999999999999","0.0041142000000000001","1.2345659999999998","0.000102526","0.00064006999999999996"
"3.20978","0.0048836000000000001","0.0061060000000000003","0.01108","2.2511999999999999","0.000136947","0.0014012499999999999"
"3.31578","0.007842","0.0098639999999999995","0.024086","1.78051","0.00020412300000000001","0.0023209999999999997"
"3.42178","0.010245000000000001","0.013859999999999999","0.038168999999999995","0.67293599999999998","0.00023349999999999998","0.0028167000000000001"
"3.52778","0.011273","0.018986000000000003","0.047100000000000003","0.14346700000000001","0.00025668000000000002","0.0034977000000000003"
"3.63378","0.010169000000000001","0.022141000000000001","0.044119999999999999","0.041277399999999992","0.00034907999999999998","0.0043639999999999998"
"3.73978","0.0072120000000000005","0.018002000000000001","0.029828999999999998","0.032454499999999997","0.00045733999999999998","0.003852"
"3.84578","0.0055709999999999996","0.011155","0.016183000000000003","0.0245668","0.00052110999999999998","0.002647"
"3.95178","0.0076909999999999999","0.0088370000000000011","0.013435000000000001","0.017398100000000003","0.00060605000000000001","0.0028021000000000001"
