energy_eV_rel_EF,Coact_16_dx2-y2_down,Coact_16_dx2-y2_up,Coact_16_dxy_down,Coact_16_dxy_up,Coact_16_dxz_down,Coact_16_dxz_up,Coact_16_dyz_down,Coact_16_dyz_up,Coact_16_dz2_down,Coact_16_dz2_up,Oads_347_px_down,Oads_347_px_up,Oads_347_py_down,Oads_347_py_up,Oads_347_pz_down,Oads_347_pz_up,Obridge_258_px_down,Obridge_258_px_up,Obridge_258_py_down,Obridge_258_py_up,Obridge_258_pz_down,Obridge_258_pz_up,TDOS_0_total_down,TDOS_0_total_up,neighbor_51_px_down,neighbor_51_px_up,neighbor_51_py_down,neighbor_51_py_up,neighbor_51_pz_down,neighbor_51_pz_up,neighbor_51_s_down,neighbor_51_s_up
-7.95883,0.0031,0.1176,0.01172,0.2947,0.002514,0.6253,0.000471,0.4437,0.01945,0.03433,0.0002234,0.01962,0.0002632,0.04804,0.0001041,0.01569,0.1067,0.1299,0.08071,0.07286,0.5463,0.2435,15.97,42.24,0.03258,0.008377,0.002395,0.005306,0.000159,0.0001744,0.009674,0.0188
-7.84883,0.004188,0.2186,0.01366,0.5545,0.006,0.8267,0.001304,0.8501,0.01584,0.01897,0.0001444,0.04096,0.0003242,0.06226,0.000213,0.03594,0.1129,0.08734,0.08285,0.04114,0.4665,0.1359,23.85,50.31,0.02428,0.004852,0.0005444,0.003754,0.0001382,0.0002284,0.01056,0.02175
-7.73783,0.005632,0.2164,0.01454,0.5588,0.01338,0.6562,0.002824,0.9492,0.01349,0.01633,0.0003514,0.05981,0.0004679,0.04137,0.0003347,0.04189,0.1276,0.07883,0.08567,0.0277,0.3281,0.1101,29.89,67.02,0.00928,0.004637,0.002649,0.005291,9.144e-05,0.0002373,0.01362,0.0184
-7.62783,0.006773,0.2139,0.01617,0.3026,0.02211,0.2979,0.004316,0.6237,0.01519,0.01358,0.0007636,0.04475,0.0007199,0.01333,0.0003317,0.02607,0.1316,0.05691,0.08284,0.02332,0.2754,0.07248,32.2,82.79,0.003142,0.003838,0.003549,0.007172,5.74e-05,0.0002263,0.01744,0.009999
-7.51683,0.00536,0.4464,0.01237,0.1661,0.02063,0.07018,0.003661,0.2511,0.01223,0.008633,0.0008754,0.01948,0.0007787,0.01006,0.000185,0.008495,0.0925,0.03686,0.05145,0.02294,0.1786,0.04825,33.7,86.13,0.00209,0.003234,0.003379,0.005964,8.738e-05,0.0003322,0.01696,0.005223
-7.40583,0.002521,0.8407,0.005118,0.2264,0.01038,0.03306,0.001412,0.08225,0.005345,0.02357,0.0006428,0.02087,0.0005775,0.02524,8.771e-05,0.003371,0.05035,0.03958,0.01883,0.02229,0.05895,0.05009,37.25,84.63,0.001924,0.003103,0.004411,0.00278,0.0002951,0.0007377,0.01619,0.00503
-7.29583,0.0006642,0.9881,0.0008891,0.3395,0.00362,0.07747,0.004495,0.06807,0.0009612,0.1147,0.0008499,0.0381,0.0007553,0.04006,7.641e-05,0.01563,0.04371,0.06036,0.007206,0.01993,0.0249,0.1152,41.89,88.1,0.002185,0.003444,0.005725,0.001753,0.0006036,0.001242,0.01482,0.01066
-7.18483,-0.001019,0.8267,-0.001779,0.4056,0.001909,0.1015,0.01814,0.1003,-0.001559,0.2304,0.002105,0.0448,0.002188,0.04941,4.671e-05,0.03325,0.06791,0.07177,0.007925,0.0196,0.0764,0.2055,43.36,89.91,0.002008,0.003194,0.005621,0.0028,0.0007306,0.001514,0.01215,0.01904
-7.07483,-0.0001836,0.5674,0.0008257,0.3264,0.001819,0.08575,0.02848,0.09691,0.0001688,0.2119,0.003165,0.03065,0.0036,0.04309,2.691e-05,0.0303,0.07999,0.06458,0.009524,0.02247,0.1194,0.176,41.77,81.74,0.001675,0.002459,0.00514,0.002621,0.0006405,0.001478,0.01083,0.02407
-6.96383,0.01497,0.2742,0.0296,0.2122,0.003623,0.1153,0.02732,0.09388,0.02238,0.3103,0.003593,0.01659,0.00405,0.02065,0.0004121,0.03349,0.06292,0.1005,0.007775,0.03685,0.109,0.0686,43.36,70.87,0.002553,0.00289,0.004467,0.00118,0.0007614,0.001315,0.01022,0.02983
-6.85383,0.03976,0.1285,0.07316,0.2765,0.008611,0.2348,0.02939,0.1225,0.05708,0.7927,0.004695,0.02568,0.005401,0.01316,0.001384,0.07245,0.07275,0.1712,0.005889,0.07407,0.1147,0.04397,50.83,67.38,0.004854,0.003842,0.0037,0.0009026,0.001227,0.001148,0.01205,0.03034
-6.74283,0.03867,0.1148,0.06797,0.3695,0.0104,0.3466,0.02604,0.1189,0.05434,0.9964,0.004151,0.03946,0.005467,0.03105,0.00169,0.08206,0.08688,0.1655,0.009826,0.1062,0.1119,0.09794,55.07,64.33,0.005537,0.003692,0.002932,0.003741,0.001453,0.0009968,0.01511,0.02244
-6.63283,0.01326,0.09646,0.02484,0.3048,0.00503,0.3754,0.01348,0.08669,0.01967,0.5832,0.001686,0.03963,0.002811,0.0488,0.0008302,0.03743,0.04986,0.09758,0.02811,0.1055,0.06612,0.1434,53.94,58.69,0.003976,0.003025,0.001499,0.009243,0.00167,0.001372,0.01705,0.01629
-6.52183,0.001573,0.09946,0.008675,0.1794,0.005091,0.2981,0.00946,0.1356,0.001792,0.2029,0.0006488,0.04295,0.001062,0.04417,0.001308,0.006352,0.02236,0.05767,0.04339,0.08976,0.0403,0.1366,51.5,55.64,0.003149,0.002462,0.0006144,0.0118,0.002214,0.002629,0.01717,0.01654
-6.41083,0.008447,0.1421,0.01949,0.1207,0.01713,0.18,0.01129,0.2704,0.001848,0.1061,0.001058,0.06094,0.0008262,0.02943,0.004293,0.00668,0.03972,0.04977,0.02931,0.08106,0.04222,0.09173,47.29,55.33,0.002396,0.002148,0.0008107,0.008155,0.002012,0.004076,0.009985,0.02664
-6.30083,0.01258,0.1474,0.02321,0.1023,0.02194,0.1178,0.008923,0.3092,0.002745,0.1216,0.001105,0.06824,0.0005835,0.02124,0.005431,0.009994,0.04635,0.04414,0.007314,0.08116,0.03577,0.04969,45.02,58.6,0.001004,0.00258,0.0008532,0.00369,0.001007,0.004287,0.001832,0.0365
-6.18983,0.006406,0.08661,0.01163,0.06089,0.00977,0.08993,0.008718,0.1861,0.001238,0.151,0.001091,0.04851,0.0002093,0.01544,0.002531,0.007973,0.04801,0.03095,0.002445,0.07191,0.01417,0.02841,46.23,65.29,0.000756,0.003799,0.0006104,0.003033,0.000387,0.003255,0.0193,0.03197
-6.07983,0.001687,0.03767,0.006366,0.0254,0.0017,0.07993,0.0213,0.06321,0.0003138,0.1454,0.002385,0.02933,6.258e-05,0.01191,8.588e-05,0.008615,0.1233,0.02126,0.01118,0.05368,-0.0003663,0.0254,49.59,76.04,0.002317,0.00499,0.001082,0.005083,0.0007772,0.00269,0.07668,0.02336
-5.96883,0.003576,0.02948,0.01534,0.0191,0.01351,0.1085,0.03249,0.03191,0.001232,0.1134,0.003151,0.03069,0.0002345,0.01521,5.408e-05,0.01663,0.2254,0.01959,0.0215,0.05021,-0.000176,0.0301,50.81,90.42,0.003176,0.005279,0.002103,0.006998,0.002788,0.003265,0.1143,0.02173
-5.85883,0.0104,0.02843,0.02424,0.02382,0.03386,0.1461,0.03137,0.05342,0.002845,0.08989,0.002245,0.03908,0.0006052,0.0223,0.0007923,0.02703,0.2434,0.02197,0.0472,0.07231,0.008114,0.02995,50.58,96.43,0.00189,0.004804,0.002815,0.006416,0.005303,0.005076,0.08637,0.02341
-5.74783,0.0182,0.02554,0.0192,0.02393,0.03379,0.1279,0.02787,0.08446,0.003007,0.07994,0.002308,0.03539,0.0008632,0.02383,0.001164,0.02716,0.1654,0.02371,0.1053,0.1058,0.02134,0.02513,53.52,89.9,0.00082,0.004006,0.002608,0.00415,0.00476,0.007959,0.04032,0.02221
-5.63783,0.01949,0.02478,0.01378,0.01685,0.0214,0.08211,0.02121,0.106,0.001695,0.06895,0.004092,0.02217,0.001129,0.01725,0.001678,0.01817,0.09247,0.02713,0.1491,0.1108,0.03972,0.02112,56.76,84.15,0.0008367,0.003617,0.002462,0.002921,0.002913,0.01044,0.01601,0.02125
-5.52683,0.01662,0.02422,0.02715,0.01003,0.03246,0.07588,0.01443,0.1167,0.0009064,0.05954,0.006938,0.01635,0.002193,0.01179,0.003444,0.01368,0.1149,0.03211,0.1746,0.08884,0.0718,0.01985,56.91,84.49,0.001097,0.004139,0.003927,0.003296,0.004125,0.01086,0.01469,0.02058
-5.41583,0.01809,0.02621,0.04524,0.008778,0.05563,0.08806,0.01319,0.1096,0.001166,0.05957,0.008647,0.02364,0.004287,0.01524,0.00677,0.01856,0.1746,0.03409,0.2103,0.09389,0.1194,0.02047,50.85,86.1,0.001351,0.005332,0.005479,0.003903,0.00803,0.009162,0.02003,0.01567
-5.30583,0.02617,0.02862,0.05461,0.01018,0.05599,0.07871,0.01414,0.07441,0.002161,0.06182,0.007653,0.02866,0.006449,0.01927,0.01102,0.02192,0.2184,0.03972,0.2009,0.1144,0.1822,0.0189,42.51,86.65,0.002003,0.006063,0.007214,0.004052,0.01443,0.01048,0.0154,0.01371
-5.19483,0.03377,0.02701,0.05845,0.0109,0.04274,0.06313,0.0184,0.03863,0.002984,0.05923,0.006869,0.02007,0.00705,0.01421,0.01248,0.01635,0.2515,0.0543,0.1546,0.1185,0.2293,0.0185,44.31,87.73,0.0027,0.005452,0.01102,0.004276,0.02171,0.02154,0.008052,0.01855
-5.08483,0.02744,0.02454,0.04625,0.01367,0.03095,0.0655,0.01971,0.02279,0.002489,0.05826,0.005915,0.01185,0.005179,0.008003,0.009224,0.01201,0.2062,0.07174,0.1023,0.1276,0.1836,0.02251,50.87,91.14,0.002111,0.005193,0.01436,0.004994,0.024,0.03582,0.006582,0.02165
-4.97383,0.01696,0.02418,0.02465,0.01967,0.01955,0.07049,0.01491,0.01889,0.001657,0.06625,0.003981,0.01448,0.00277,0.008196,0.009064,0.01445,0.113,0.09443,0.06004,0.1382,0.0825,0.02606,49.29,94.03,0.002437,0.005833,0.01789,0.005652,0.0285,0.03888,0.00707,0.0184
-4.86383,0.02659,0.02607,0.01645,0.02699,0.01696,0.06185,0.01909,0.0319,0.00221,0.07723,0.004837,0.02337,0.002673,0.01033,0.01417,0.02033,0.1127,0.1509,0.0942,0.1238,0.02964,0.03509,45.45,94.34,0.007513,0.006116,0.0197,0.00607,0.04602,0.03467,0.01122,0.01577
-4.75283,0.04713,0.02927,0.01968,0.04128,0.02761,0.06241,0.03292,0.0699,0.004113,0.09833,0.008066,0.03622,0.004779,0.01185,0.01618,0.03139,0.1659,0.2401,0.1746,0.107,0.02457,0.05449,47.64,95.12,0.01363,0.00645,0.01503,0.006745,0.05889,0.0319,0.01579,0.01786
-4.64283,0.0485,0.04541,0.01951,0.08209,0.03637,0.09743,0.03635,0.1241,0.005047,0.162,0.007414,0.05464,0.005911,0.01809,0.01393,0.05113,0.1325,0.2881,0.1782,0.1124,0.02421,0.07024,50.57,96.89,0.01391,0.006567,0.009007,0.007907,0.04591,0.02496,0.01267,0.01921
-4.53183,0.03418,0.09126,0.01778,0.1743,0.03513,0.1534,0.031,0.1779,0.003952,0.266,0.003696,0.07349,0.005764,0.03022,0.01224,0.07187,0.06458,0.2592,0.1825,0.1237,0.03567,0.07821,54.29,98.01,0.01437,0.006039,0.00689,0.008413,0.02472,0.0149,0.00664,0.01683
-4.42083,0.02776,0.151,0.02615,0.2825,0.03987,0.182,0.03171,0.1913,0.003326,0.3217,0.003235,0.08008,0.007045,0.04014,0.01372,0.07473,0.05566,0.2089,0.2838,0.1354,0.07718,0.08078,63.29,98.77,0.01825,0.005515,0.008971,0.007556,0.01527,0.01004,0.004701,0.0138
-4.31083,0.0286,0.1767,0.03645,0.306,0.05229,0.1532,0.03051,0.1455,0.003139,0.2648,0.005193,0.07312,0.008494,0.04188,0.01661,0.06113,0.05679,0.1862,0.3191,0.1436,0.1138,0.07411,66.12,99.61,0.01496,0.005178,0.01143,0.006653,0.01164,0.009278,0.004769,0.01344
-4.19983,0.03361,0.1486,0.0323,0.224,0.05699,0.097,0.0231,0.08248,0.00257,0.1551,0.005405,0.06136,0.008784,0.03757,0.02166,0.0486,0.03681,0.159,0.212,0.1395,0.09515,0.06136,60.1,97.25,0.008317,0.005107,0.01025,0.00532,0.008288,0.008649,0.003764,0.01349
-4.08983,0.05392,0.1012,0.02472,0.1352,0.05291,0.05437,0.03023,0.04487,0.005557,0.07885,0.008349,0.04437,0.0117,0.03158,0.03302,0.03556,0.06119,0.0988,0.1788,0.147,0.04558,0.04799,64.45,91.35,0.007979,0.005042,0.008648,0.003889,0.005846,0.007263,0.002624,0.01145
-3.97883,0.08412,0.09214,0.03801,0.1148,0.05268,0.03418,0.06407,0.03626,0.01484,0.05667,0.02369,0.02398,0.01887,0.02629,0.04276,0.02108,0.1548,0.06091,0.3005,0.1825,0.02118,0.04544,80.82,89.03,0.009648,0.004271,0.009671,0.004513,0.00435,0.005092,0.00257,0.01062
-3.86883,0.1006,0.1438,0.06473,0.1296,0.05279,0.02983,0.1043,0.03605,0.02801,0.08374,0.04722,0.01369,0.02632,0.02301,0.04623,0.01487,0.2033,0.06834,0.3429,0.1841,0.02149,0.0553,90.42,92.88,0.00844,0.003097,0.0106,0.006116,0.003322,0.003387,0.002584,0.01299
-3.75783,0.09886,0.1847,0.07334,0.1235,0.04646,0.02925,0.1244,0.03309,0.05435,0.1448,0.06428,0.03199,0.03516,0.02685,0.05653,0.01849,0.1493,0.09201,0.241,0.1349,0.02051,0.05868,90.64,96.23,0.007037,0.003293,0.008915,0.007191,0.002417,0.00311,0.00258,0.01476
-3.64783,0.08944,0.1516,0.0558,0.09027,0.04223,0.02182,0.1113,0.03329,0.1284,0.1968,0.07261,0.09042,0.05844,0.04054,0.07702,0.02362,0.09188,0.1211,0.1694,0.1165,0.0148,0.05173,91.02,96.63,0.008344,0.006158,0.00555,0.008031,0.001499,0.003709,0.003436,0.01315
-3.53683,0.07344,0.09295,0.03603,0.06015,0.04559,0.01093,0.08107,0.03498,0.2731,0.2297,0.0848,0.1677,0.09602,0.04578,0.09427,0.02335,0.06799,0.1469,0.1525,0.1303,0.01325,0.04484,95.95,99.97,0.009633,0.01047,0.003754,0.008583,0.001128,0.003967,0.00453,0.01001
-3.42583,0.0578,0.06609,0.04138,0.08696,0.04562,0.006384,0.05445,0.03066,0.357,0.2875,0.09434,0.2334,0.1012,0.05851,0.08606,0.02157,0.04195,0.1471,0.116,0.1138,0.01586,0.03791,101.3,106.1,0.008118,0.01146,0.003902,0.009528,0.001482,0.003285,0.004626,0.006893
-3.31583,0.0502,0.1073,0.07948,0.1807,0.05915,0.01658,0.04124,0.03887,0.2484,0.3691,0.1178,0.283,0.06941,0.2422,0.0692,0.0243,0.02448,0.1238,0.06687,0.08097,0.01552,0.02833,100.7,110.8,0.006114,0.008163,0.004033,0.01182,0.002065,0.002598,0.003839,0.004848
-3.20483,0.03979,0.2183,0.1153,0.2397,0.223,0.04242,0.07937,0.09702,0.09609,0.3557,0.2767,0.2792,0.09896,0.668,0.09936,0.02743,0.03805,0.09887,0.04025,0.07647,0.01047,0.01988,94.72,115.4,0.004326,0.006219,0.003555,0.01544,0.002298,0.00236,0.002983,0.004056
-3.09483,0.02775,0.2581,0.1066,0.1784,0.5816,0.05575,0.1505,0.1607,0.04285,0.2159,0.533,0.2102,0.2167,0.8839,0.159,0.02526,0.06873,0.06979,0.04308,0.08205,0.005602,0.01496,91.88,120.1,0.002351,0.008449,0.002965,0.01741,0.001893,0.002169,0.002162,0.00386
-2.98383,0.02429,0.1499,0.0679,0.07115,0.7124,0.03684,0.1539,0.1411,0.04293,0.08035,0.5398,0.1329,0.2586,0.572,0.1484,0.02736,0.075,0.03747,0.04763,0.06789,0.003385,0.01124,98.77,122,0.001514,0.01138,0.002584,0.0131,0.001436,0.002174,0.00149,0.003745
-2.87383,0.02329,0.03709,0.03798,0.02123,0.3883,0.01284,0.08075,0.07652,0.03216,0.02319,0.2558,0.08184,0.1403,0.1825,0.06686,0.0387,0.04794,0.0209,0.0357,0.04872,0.002201,0.0075,107.4,120.5,0.0016,0.009768,0.002367,0.006137,0.0013,0.002463,0.001346,0.002985
-2.76283,0.01758,0.005316,0.02219,0.02184,0.06161,0.004124,0.01887,0.03772,0.01327,0.01822,0.03801,0.05284,0.02072,0.03857,0.01119,0.05459,0.02253,0.01581,0.0199,0.04161,0.001122,0.005039,102.3,116.2,0.001311,0.004559,0.00184,0.002697,0.001029,0.002448,0.001438,0.001735
-2.65283,0.01236,0.01457,0.01247,0.03376,-0.01688,0.01406,0.03568,0.02639,0.004089,0.02955,-0.0003844,0.04535,0.005661,0.02134,-0.0001541,0.1155,0.01059,0.01565,0.008488,0.04173,0.0004835,0.005042,85.42,109.6,0.0006321,0.001404,0.00109,0.001852,0.0005653,0.00198,0.00125,0.001101
-2.54183,0.02216,0.03523,0.01703,0.0481,0.006541,0.05598,0.1685,0.02516,0.01162,0.04739,0.03901,0.05449,0.06482,0.02863,0.002682,0.2756,0.004659,0.03155,0.001686,0.03509,0.0004021,0.008792,72.8,99.9,0.0002848,0.001508,0.00058,0.001634,0.0002642,0.001913,0.0008588,0.001468
-2.43083,0.06046,0.04879,0.06484,0.05775,0.02364,0.09822,0.2753,0.02171,0.04734,0.05536,0.07101,0.05904,0.108,0.03476,0.01358,0.4128,0.005057,0.05251,0.000744,0.02448,0.001293,0.01516,70.22,87.96,0.0004385,0.00246,0.0002668,0.001693,0.0001372,0.002588,0.0009154,0.002162
-2.32083,0.1246,0.03569,0.1685,0.04963,0.02158,0.07807,0.204,0.01208,0.1094,0.04064,0.05759,0.04401,0.07323,0.02756,0.03541,0.3502,0.0119,0.04731,0.01024,0.0241,0.003902,0.01907,75.28,77.92,0.001038,0.002916,0.0005136,0.001615,9.819e-05,0.003201,0.00278,0.002338
-2.20983,0.1994,0.01381,0.3358,0.03181,0.01818,0.02883,0.1111,0.003354,0.209,0.0209,0.03835,0.02149,0.02816,0.01889,0.08418,0.1845,0.02214,0.02697,0.03784,0.0344,0.01032,0.02245,85.2,70.11,0.001705,0.003313,0.002414,0.001236,0.0001668,0.003021,0.006557,0.00199
-2.09983,0.2781,0.006087,0.5595,0.01942,0.03443,0.008564,0.1157,0.001093,0.4173,0.0104,0.03958,0.007192,0.04091,0.01921,0.2187,0.07478,0.03668,0.0158,0.07873,0.06547,0.0278,0.03562,95,64.72,0.001834,0.003527,0.005456,0.0008377,0.0004583,0.002089,0.009233,0.00163
-1.98883,0.3148,0.006985,0.5988,0.01434,0.08317,0.007267,0.1332,0.003259,0.6579,0.007182,0.03926,0.00181,0.08671,0.02203,0.421,0.05367,0.05379,0.01245,0.1039,0.1404,0.05366,0.06367,103.4,66.69,0.001789,0.002715,0.005942,0.0007364,0.0009618,0.001245,0.008169,0.001243
-1.87883,0.2475,0.007313,0.3327,0.0123,0.1308,0.006523,0.09466,0.006502,0.6683,0.006173,0.029,0.0007463,0.08878,0.02208,0.4718,0.07782,0.0611,0.01248,0.08186,0.203,0.0609,0.07889,102.7,72.19,0.001993,0.001502,0.003255,0.000839,0.001207,0.0008851,0.005127,0.0007711
-1.76783,0.122,0.005376,0.0765,0.009601,0.1234,0.004391,0.03849,0.007533,0.4079,0.004359,0.02551,-0.001692,0.04095,0.0196,0.2982,0.0739,0.05568,0.01078,0.03296,0.1598,0.04152,0.05359,84.03,71.34,0.001851,0.0009123,0.001167,0.0007453,0.001021,0.0007011,0.003242,0.0003736
-1.65783,0.02993,0.003415,-0.003373,0.00704,0.07111,0.002404,0.0114,0.006582,0.1339,0.002562,0.02342,0.001565,0.006555,0.04569,0.1175,0.04022,0.03989,0.006974,0.003999,0.0678,0.01953,0.01906,65.31,66.05,0.001099,0.0007078,0.0006021,0.0005604,0.0006898,0.0005965,0.002233,0.0001835
-1.54683,-0.002498,0.003783,-0.006182,0.008405,0.02022,0.001426,0.00284,0.006112,0.01022,0.001722,0.01061,0.06395,-0.001295,0.208,0.02693,0.01973,0.01581,0.006125,-0.001141,0.02773,0.0057,0.006164,66.73,63.19,0.0006241,0.000542,0.0006045,0.0006425,0.0003471,0.0007335,0.00204,0.0001741
-1.43583,-0.003983,0.005388,-0.001853,0.01426,-0.001622,0.0007747,-0.0002883,0.005691,-0.0103,0.001078,0.0005011,0.2022,-0.001052,0.4992,-0.003772,-0.001142,0.0009869,0.006867,0.0002339,0.02771,-5.181e-05,0.005014,78.86,63.09,0.001023,0.0004475,0.0008722,0.0007194,0.0001537,0.0009517,0.003393,0.0002102
-1.32583,-0.001011,0.004921,5.195e-07,0.01675,-0.002654,0.002124,-0.0002807,0.004445,-0.004307,0.0008633,-0.0009194,0.2585,-0.00029,0.5538,-0.004134,0.02893,-0.0006147,0.005316,0.001026,0.02689,-0.0001304,0.005208,91.9,59.96,0.001495,0.0004026,0.0009298,0.0005053,0.0001331,0.0008081,0.003975,0.0002137
-1.21483,6.972e-05,0.002732,0.0004652,0.01315,-0.0005512,0.01264,0.0002325,0.004162,-0.0004586,0.005,-0.0001227,0.2097,9.336e-06,0.2883,0.0001396,0.3797,0.0007623,0.004428,0.001007,0.01985,0.0008299,0.009287,103.4,57.09,0.001335,0.0003615,0.000711,0.0004277,0.0002197,0.0004731,0.002898,0.0002564
-1.10483,0.0002288,0.00152,0.0003535,0.01104,6.104e-05,0.02702,0.0002689,0.004537,0.0001536,0.01267,0.0001371,0.2277,5.204e-05,0.1135,0.001267,0.9632,0.001074,0.006459,0.0007756,0.01841,0.0009132,0.01712,102.4,60.79,0.0008863,0.0003398,0.0005013,0.0006245,0.0002671,0.0003706,0.001737,0.0003761
-0.99383,0.0001356,-0.0008335,0.0001273,0.008054,7.17e-05,0.0185,0.0001084,-0.001759,7.274e-05,0.01276,8.136e-05,0.2126,3.753e-05,0.08396,0.0007969,0.9648,0.0008193,0.006439,0.0005946,0.02024,0.0004148,0.01739,90.58,68.11,0.0004759,0.0003229,0.0002715,0.0006351,0.0001559,0.0004144,0.0008518,0.0004265
-0.88383,4.309e-05,-0.0004276,3.14e-05,0.004638,3.677e-05,0.002498,1.83e-05,0.001619,4.273e-05,0.004885,1.806e-05,0.08753,2.803e-05,0.04061,0.00036,0.367,0.000673,0.002998,0.0006387,0.01591,5.493e-05,0.008301,80.83,73.74,0.0001684,0.0002483,0.0001163,0.0004155,3.585e-05,0.0004024,0.0002839,0.0002884
-0.77283,1.879e-05,0.03702,2.724e-05,0.0256,3.003e-05,0.08066,8.491e-06,0.1218,4.586e-05,0.0005609,6.236e-06,0.004439,2.065e-05,-0.001057,0.0002356,-0.007582,0.000531,-0.0003692,0.0005446,0.006985,-1.307e-05,0.001122,68.46,70.61,4.297e-05,0.0001546,6.599e-05,0.000257,1.203e-05,0.0003138,0.0001057,7.94e-05
-0.66283,7.522e-06,0.1163,1.806e-05,0.07794,-2.872e-06,0.2622,2.44e-06,0.3672,1.996e-05,0.001303,-7.03e-05,0.01584,-1.524e-05,-0.01236,-3.414e-05,-0.04351,0.0002478,-0.001325,0.0001957,0.002582,-2.724e-06,-0.0002592,47.71,62.98,4.11e-05,0.0001404,2.895e-05,0.0002299,2.373e-05,0.0002695,9.189e-05,-3.793e-05
-0.55183,-8.916e-06,0.1592,-1.323e-05,0.1351,-0.0003409,0.3581,-9.415e-05,0.4537,-0.0001097,0.002052,-0.001254,0.1886,-0.0004592,0.04956,-0.002795,0.03542,6.338e-05,0.01202,-4.96e-06,0.01101,-1.174e-05,0.005203,30.86,60.15,5.002e-05,0.0002163,8.137e-06,0.0004049,2.331e-05,0.0003714,9.1e-05,0.0001554
-0.44083,-7.6e-05,0.167,-0.0001485,0.2104,-0.002497,0.3667,-0.0007118,0.3649,-0.000851,0.001678,-0.009018,0.5767,-0.003436,0.205,-0.0204,0.1771,7.916e-06,0.04589,-4.122e-05,0.03297,-8.867e-05,0.01827,27.52,62.15,4.151e-05,0.0005181,7.28e-06,0.0009312,1.34e-05,0.0006617,8.716e-05,0.001099
-0.33083,-0.0001884,0.1488,-0.0003691,0.2214,-0.006071,0.3187,-0.001737,0.2683,-0.002075,0.001191,-0.0219,0.7073,-0.008394,0.2606,-0.04954,0.2279,-2.845e-05,0.05862,-7.302e-05,0.04111,-0.000216,0.02309,28,65.82,2.968e-05,0.0009278,8.391e-06,0.0014,5.403e-06,0.0009827,8.192e-05,0.002209
-0.21983,0.000384,0.06764,0.0007186,0.1023,0.01168,0.1425,0.003382,0.1181,0.003991,0.0005258,0.04197,0.3349,0.01616,0.124,0.09547,0.1116,0.0002365,0.029,0.0001509,0.02076,0.0004172,0.01136,20.21,69.12,2.13e-05,0.0008437,8.626e-06,0.001126,1.42e-05,0.000865,9.266e-05,0.001917
-0.10983,0.002436,0.003115,0.004714,0.004866,0.07749,0.006693,0.02237,0.005281,0.0265,4.32e-05,0.2786,0.01647,0.1066,0.006235,0.6331,0.008541,0.001247,0.002845,0.0009799,0.002465,0.002769,0.001007,16.18,67.81,3.205e-05,0.0003366,1.378e-05,0.0004548,6.036e-05,0.0004076,0.0001964,0.0006629
0.00117,0.002921,-0.006714,0.006827,-0.009567,0.1207,-0.01362,0.03479,-0.01235,0.04122,-4.222e-05,0.4311,-0.03136,0.158,-0.01152,0.9859,-0.009093,0.001921,-0.001642,0.00152,-0.0008344,0.004314,-0.0007536,17.91,52.63,4.41e-05,2.112e-05,1.587e-05,9.226e-05,9.235e-05,0.0001205,0.0002649,2.106e-06
0.11117,-0.00256,-0.00202,0.00142,-0.002822,0.06927,-0.00412,0.01982,-0.003836,0.02341,-1.508e-05,0.234,-0.009301,0.05138,-0.003431,0.568,-0.003051,0.001104,-0.0004451,0.0008537,-0.0001834,0.002487,-0.00023,10.91,24.43,2.537e-05,-2.753e-05,6.257e-06,1.64e-05,5.323e-05,3.772e-05,0.0001417,-5.48e-05
0.22217,-0.003457,-0.0002695,-0.001729,-0.0003805,0.00734,-0.0005923,0.001986,-0.0005273,0.002287,-2.931e-06,0.01469,-0.001181,-0.02412,-0.0004406,0.06169,-0.0004865,0.0001173,-9.171e-05,7.604e-05,-7.134e-05,0.0002706,-4.696e-05,1.663,2.99,2.629e-06,-1.09e-05,-9.025e-07,-1.179e-06,5.732e-06,5.005e-06,1.058e-05,-1.801e-05
0.33217,0.03901,-3.074e-05,0.02286,-5.057e-05,-0.003644,-8.457e-05,0.0003746,-5.611e-05,0.001157,-6.131e-07,0.1107,-0.0001175,0.3583,-4.354e-05,-0.04923,-6.586e-05,-5.832e-05,-4.585e-05,0.0001301,-5.048e-05,-0.0002146,-1.468e-05,0.3411,-2.172,-1.526e-06,-2.107e-06,1.392e-05,-5.48e-06,-3.84e-06,-5.516e-06,1.566e-05,-4.199e-06
0.44317,0.1158,-4.45e-06,0.06855,-8.777e-06,0.004923,-1.475e-05,0.005637,-7.25e-06,0.008788,-1.245e-07,0.3839,-1.672e-05,1.081,-5.565e-06,-0.01734,-9.271e-06,7.792e-05,-1.361e-05,0.000583,-1.343e-05,-7.337e-05,-3.204e-06,3.193,-0.9485,1.426e-06,-2.435e-07,4.323e-05,-2.291e-06,7.247e-07,-2.814e-06,8.092e-05,-7.076e-07
0.55417,0.1163,-4.949e-07,0.0689,-1.088e-06,0.006806,-1.826e-06,0.006196,-7.985e-07,0.009457,-1.626e-08,0.3919,-2.105e-06,1.087,-6.153e-07,-0.002164,-1.002e-06,0.000108,-1.97e-06,0.0006087,-1.603e-06,-6.921e-06,-3.648e-07,3.542,-0.1522,2.132e-06,-1.731e-08,4.359e-05,-3.933e-07,2.164e-06,-5.178e-07,8.512e-05,-7.044e-08
0.66417,0.03973,-3.16e-08,0.02354,-7.574e-08,0.002402,-1.277e-07,0.002139,-5.302e-08,0.003257,-1.18e-09,0.1342,-1.544e-07,0.3715,-4.038e-08,-0.0001112,-6.569e-08,3.812e-05,-1.475e-07,0.0002089,-9.538e-08,3.879e-07,-2.199e-08,1.226,-0.01175,7.572e-07,-7.589e-10,1.49e-05,-3.272e-08,7.987e-07,-4.479e-08,2.924e-05,-3.906e-09
0.77517,-0.003597,-1.109e-09,-0.002131,-2.877e-09,-0.0002195,-4.871e-09,-0.0001942,-1.955e-09,-0.0002955,-4.637e-11,-0.01215,-6.133e-09,-0.03363,-1.459e-09,-6.332e-06,-2.425e-09,-3.483e-06,-5.876e-09,-1.894e-05,-2.96e-09,-1.07e-07,-7.217e-10,-0.1116,-0.0004669,-6.93e-08,-2.038e-11,-1.349e-06,-1.394e-09,-7.385e-08,-1.957e-09,-2.651e-06,-1.213e-10
0.88517,-0.004859,-2.137e-11,-0.002879,-5.95e-11,-0.0002958,-1.01e-10,-0.0002622,-3.946e-11,-0.000399,-9.826e-13,-0.01641,-1.311e-10,-0.04544,-2.881e-11,-3.019e-06,-4.928e-11,-4.695e-06,-1.259e-10,-2.557e-05,-4.893e-11,-1.203e-07,-1.308e-11,-0.1507,-9.791e-06,-9.355e-08,-3.285e-13,-1.823e-06,-3.118e-11,-9.938e-08,-4.449e-11,-3.581e-06,-2.134e-12
0.99617,-0.001025,-2.258e-13,-0.0006071,-6.693e-13,-6.239e-05,-1.137e-12,-5.531e-05,-4.343e-13,-8.425e-05,-1.123e-14,-0.003461,-1.509e-12,-0.00958,-3.102e-13,-6.336e-07,-5.475e-13,-9.948e-07,-1.455e-12,-5.395e-06,-4.36e-13,-2.632e-08,-1.316e-13,-0.03559,-1.097e-07,-3.013e-08,-3.09e-15,-3.908e-07,-3.702e-13,-2.814e-08,-5.341e-13,-8.263e-07,-2.135e-14
1.10617,-9.416e-05,-1.324e-15,-5.648e-05,-4.09e-15,-6.766e-06,-7.015e-15,-5.724e-06,-2.61e-15,-1.191e-05,-2.26e-16,-0.0003136,-9.465e-15,-0.0008675,-1.917e-15,-4.673e-07,-3.427e-15,-2.178e-07,-1.138e-14,-5.562e-07,-2.209e-15,-3.845e-08,-1.035e-15,-0.05947,-6.628e-10,-3.109e-07,-2.158e-17,-2.289e-07,-2.426e-15,-2.101e-07,-3.471e-15,-2.107e-06,-1.986e-14
1.21717,-3.269e-05,-4.286e-15,-4.231e-05,-2.244e-16,-3.534e-05,-1.925e-14,-1.141e-05,-2.133e-15,-0.0001242,-4.091e-14,-2.176e-05,-2.666e-14,-4.301e-05,-2.524e-14,-1.241e-05,-3.028e-14,-1.765e-06,-6.031e-13,-1.013e-06,-2.642e-14,-8.192e-07,-7.866e-14,-0.4239,-5.46e-10,-4.617e-06,-1.318e-15,-2.908e-06,-1.998e-14,-3.074e-06,-1.453e-14,-2.965e-05,-5.159e-12
1.32817,-0.000455,-5.987e-13,-0.000663,-2.894e-14,-0.0006346,-2.675e-12,-0.0001616,-2.964e-13,-0.002203,-5.716e-12,-0.0001394,-3.708e-12,-6.196e-05,-3.552e-12,-0.0002248,-4.218e-12,-1.164e-05,-8.444e-11,-7.871e-06,-3.705e-12,-1.166e-05,-1.102e-11,-1.434,-7.585e-08,-3.211e-05,-1.849e-13,-2.038e-05,-2.792e-12,-2.125e-05,-2.033e-12,-0.0002024,-7.215e-10
1.43817,-0.00458,-4.448e-11,-0.006092,-2.109e-12,-0.005989,-1.977e-10,-0.001591,-2.199e-11,-0.02021,-4.244e-10,-0.001284,-2.744e-10,-0.0006083,-2.658e-10,-0.002077,-3.123e-10,-2.783e-05,-6.284e-09,-3.772e-05,-2.764e-10,-9.383e-05,-8.207e-10,-0.5376,-5.621e-06,-7.541e-05,-1.38e-11,-4.937e-05,-2.074e-10,-4.968e-05,-1.513e-10,-0.0004703,-5.363e-08
1.54917,-0.025,-1.736e-09,-0.02587,-8.077e-11,-0.02507,-7.67e-09,-0.008234,-8.577e-10,-0.0767,-1.654e-08,-0.005044,-1.066e-08,-0.003921,-1.047e-08,-0.007911,-1.214e-08,3.692e-05,-2.456e-07,-0.0001601,-1.085e-08,-0.0003301,-3.21e-08,11.13,-0.0002187,0.0001474,-5.415e-10,8.7e-05,-8.092e-09,9.571e-05,-5.916e-09,0.0008805,-2.093e-06
1.65917,-0.05438,-3.476e-08,-0.01962,-1.603e-09,-0.01492,-1.526e-07,-0.01513,-1.728e-08,0.005614,-3.31e-07,-0.0009258,-2.131e-07,-0.01193,-2.126e-07,0.0004757,-2.421e-07,0.0002771,-4.927e-06,-0.0005276,-2.197e-07,8.087e-05,-6.446e-07,37.56,-0.004368,0.0009511,-1.099e-08,0.0006083,-1.624e-07,0.0006099,-1.187e-07,0.005651,-4.194e-05
1.77017,0.09521,-3.394e-07,0.1942,-1.625e-08,0.1982,-1.48e-06,0.03845,-1.744e-07,0.7359,-3.226e-06,0.04487,-2.096e-06,0.006721,-2.147e-06,0.07557,-2.35e-06,0.000503,-4.819e-05,0.0002248,-2.22e-06,0.003337,-6.31e-06,58.47,-0.04256,0.001524,-1.119e-07,0.001025,-1.602e-06,0.0009783,-1.161e-06,0.009166,-0.0004094
1.88017,0.7601,-1.375e-06,0.6542,-8.642e-08,0.6131,-5.948e-06,0.2374,-8.452e-07,1.682,-1.301e-05,0.1145,-9.032e-06,0.1344,-1.001e-05,0.1733,-9.421e-06,0.0006531,-0.0001956,0.007031,-1.052e-05,0.007483,-2.564e-05,49.46,-0.1733,0.001104,-5.46e-07,0.0007488,-6.885e-06,0.0008604,-4.703e-06,0.008498,-0.001655
1.99117,1.516,-2.871e-07,0.8783,-2.981e-07,0.7594,-1.189e-06,0.443,-1.987e-06,1.394,-2.017e-06,0.1149,-9.233e-06,0.3031,-1.802e-05,0.144,-1.275e-06,0.001055,-3.876e-05,0.01707,-2.121e-05,0.006187,-5.133e-06,25.25,-0.05394,0.0005225,-1.232e-06,0.0002609,-6.475e-06,0.000775,-8.073e-07,0.009047,-0.0002792
2.10117,1.286,1.219e-05,0.5499,-8.93e-07,0.4265,5.203e-05,0.3742,-2.9e-06,0.3754,0.0001189,0.05121,3.778e-05,0.2631,-1.125e-06,0.03652,8.604e-05,0.002848,0.001747,0.01546,-1.331e-05,0.001687,0.0002298,16.59,1.424,0.0002289,-1.215e-06,0.0001832,3.275e-05,0.0005424,4.288e-05,0.0127,0.01504
2.21217,0.4353,3.022e-05,0.1302,-1.441e-06,0.06169,0.0001281,0.1489,5.556e-06,-0.045,0.0002898,0.009877,0.0001346,0.07892,0.0001088,-0.01049,0.0002049,0.007594,0.004214,0.005021,0.0001098,-0.0001975,0.0005633,23.14,3.667,5.138e-05,4.699e-06,0.0004865,0.0001205,9.146e-05,0.0001048,0.0217,0.03658
2.32317,0.02019,2.902e-05,0.09915,1.657e-06,0.05456,0.0001233,0.07496,7.488e-05,-0.02722,0.0002535,0.05372,0.0003202,0.002091,0.0007144,0.01666,0.0001622,0.01313,0.003364,0.0009381,0.0008599,0.0006484,0.0004916,29.43,4.259,8.045e-05,3.778e-05,0.0009115,0.000321,0.0001704,9.039e-05,0.03066,0.03124
2.43317,0.01832,1.574e-05,0.4224,2.231e-05,0.3699,7.719e-05,0.1811,0.0002167,0.009967,7.465e-05,0.212,0.0007903,0.03959,0.001968,0.1024,4.16e-05,0.01595,0.001108,0.004371,0.002321,0.003417,0.0001644,31.49,4.097,0.0003051,0.0001048,0.001654,0.0006626,0.001055,2.154e-05,0.0349,0.00937
2.54417,0.07691,1.144e-05,0.6187,0.0001089,0.5719,0.0001149,0.2635,0.0002757,0.01489,1.024e-05,0.3154,0.001924,0.07956,0.002583,0.1546,0.0001714,0.01601,0.005376,0.008105,0.00276,0.005811,0.0001872,29.85,4.458,0.0005127,0.0001973,0.002453,0.0007156,0.002028,-8.795e-06,0.0512,0.01276
2.65417,0.08547,1.226e-05,0.3988,0.0002417,0.3782,0.0002166,0.2013,0.0002356,0.009047,4.946e-05,0.214,0.003463,0.06393,0.002001,0.1051,0.0004854,0.02283,0.01493,0.008055,0.001651,0.005944,0.0005488,25.11,5.066,0.0007501,0.0003408,0.002917,0.0003639,0.002997,-1.132e-05,0.0701,0.03726
2.76517,0.06303,9.564e-06,0.1417,0.0002461,0.1377,0.0002446,0.1049,0.0003805,0.006111,7.475e-05,0.07667,0.003487,0.0278,0.001185,0.04509,0.0004929,0.03958,0.01773,0.006306,0.0006259,0.006126,0.001196,23.64,6.084,0.001138,0.0004526,0.002955,0.0001109,0.004061,2.85e-05,0.05704,0.04413
2.87517,0.03992,5.584e-06,0.05737,0.0001421,0.07814,0.000237,0.05247,0.0007235,0.00604,6.196e-05,0.02486,0.00213,0.009398,0.000743,0.02315,0.0003235,0.0464,0.01625,0.004896,0.0004251,0.008974,0.003649,30.16,7.627,0.001327,0.0004187,0.001916,0.000162,0.004435,0.0004882,0.02942,0.03554
2.98617,0.03327,8.295e-06,0.04326,8.567e-05,0.1002,0.000272,0.08572,0.0007222,0.006187,4.886e-05,0.0139,0.001297,0.005187,0.0007709,0.01402,0.0005332,0.03418,0.0163,0.004934,0.00132,0.01276,0.009144,47.08,9.538,0.001116,0.0003035,0.0009486,0.0006346,0.004104,0.001913,0.01802,0.03069
3.09617,0.05594,1.7e-05,0.05628,6.796e-05,0.1293,0.0002415,0.2108,0.0003662,0.006995,4.678e-05,0.0108,0.001168,0.004989,0.0008782,0.007619,0.0009061,0.01742,0.01208,0.006576,0.002716,0.01248,0.01354,70.7,11.2,0.001034,0.0002886,0.001224,0.001271,0.003174,0.003401,0.01819,0.02399
3.20717,0.1134,2.667e-05,0.08446,9.509e-05,0.1523,0.0001492,0.3653,0.0002199,0.00747,4.606e-05,0.01089,0.001693,0.005576,0.0007814,0.005147,0.0008348,0.008978,0.006774,0.007156,0.00256,0.008199,0.01072,88.6,11.89,0.001578,0.0003958,0.00193,0.001198,0.002846,0.002963,0.01854,0.0164
3.31817,0.1663,4.344e-05,0.09769,0.0001617,0.1552,0.0001599,0.4564,0.0003407,0.00784,5.291e-05,0.01116,0.002618,0.006037,0.0008049,0.006326,0.0004677,0.005925,0.005183,0.005945,0.001595,0.005338,0.004663,93.79,12.06,0.002244,0.0005258,0.002082,0.0007014,0.00413,0.001343,0.01528,0.01143
3.42817,0.1537,8.932e-05,0.0787,0.0002052,0.1181,0.0004367,0.3818,0.0005003,0.008021,6.177e-05,0.01043,0.002953,0.007302,0.001235,0.01033,0.000252,0.004603,0.004677,0.009775,0.002261,0.009754,0.002548,86.09,12.41,0.002191,0.0007746,0.001626,0.0007318,0.005037,0.0006602,0.01137,0.01187
3.53917,0.1059,0.0001539,0.05882,0.0002561,0.08724,0.0007798,0.2587,0.000594,0.007929,5.579e-05,0.01032,0.002727,0.01136,0.001589,0.01596,0.0002236,0.005896,0.004248,0.0229,0.003473,0.01986,0.003703,72.1,13.07,0.001981,0.001179,0.00107,0.0009583,0.00356,0.0008852,0.0107,0.01731
3.64917,0.1166,0.0001877,0.06142,0.0003564,0.1039,0.0007693,0.322,0.0007127,0.008212,3.513e-05,0.01224,0.00249,0.01344,0.001539,0.01634,0.0003899,0.008174,0.005561,0.03691,0.004193,0.02289,0.00556,64.96,13.98,0.002451,0.001463,0.0009019,0.0008341,0.001522,0.001124,0.01565,0.02786
3.76017,0.1901,0.0001839,0.06239,0.0005391,0.1234,0.0007245,0.505,0.0009416,0.008046,2.686e-05,0.01615,0.002587,0.00989,0.001896,0.0104,0.0007136,0.009363,0.007418,0.0434,0.006122,0.01856,0.008021,66.42,15.53,0.002695,0.001721,0.001173,0.0008665,0.0009878,0.001448,0.02923,0.05086
3.87017,0.2098,0.000184,0.04817,0.0008127,0.1094,0.0009968,0.5116,0.0009614,0.006119,8.849e-05,0.01809,0.003909,0.007096,0.002862,0.005291,0.001046,0.0108,0.008565,0.03774,0.009324,0.01762,0.01232,68.5,17.68,0.002534,0.00209,0.001587,0.001601,0.001667,0.002091,0.04681,0.08066
3.98117,0.1205,0.0002827,0.02665,0.001154,0.07051,0.001319,0.2849,0.0007556,0.003524,0.0003311,0.01513,0.007274,0.008486,0.003843,0.003502,0.001889,0.01236,0.0109,0.02178,0.01037,0.01655,0.01762,72.54,20.62,0.003042,0.0025,0.002127,0.0026,0.002384,0.002393,0.05576,0.1013
