energy_eV_rel_EF,Coact_16_dx2-y2_down,Coact_16_dx2-y2_up,Coact_16_dxy_down,Coact_16_dxy_up,Coact_16_dxz_down,Coact_16_dxz_up,Coact_16_dyz_down,Coact_16_dyz_up,Coact_16_dz2_down,Coact_16_dz2_up,Oads_348_px_down,Oads_348_px_up,Oads_348_py_down,Oads_348_py_up,Oads_348_pz_down,Oads_348_pz_up,Obridge_259_px_down,Obridge_259_px_up,Obridge_259_py_down,Obridge_259_py_up,Obridge_259_pz_down,Obridge_259_pz_up,TDOS_0_total_down,TDOS_0_total_up,neighbor_51_px_down,neighbor_51_px_up,neighbor_51_py_down,neighbor_51_py_up,neighbor_51_pz_down,neighbor_51_pz_up,neighbor_51_s_down,neighbor_51_s_up
-7.94016,0.002341,0.1732,0.006569,0.7745,0.001372,0.5464,0.0002947,0.341,0.02331,0.06869,0.0001337,0.03655,0.0005515,0.006414,0.001466,0.1123,0.09522,0.2072,0.07312,0.08527,0.5113,0.3231,16.63,43.39,0.03107,0.01123,0.004657,0.005212,0.0001421,0.0003282,0.009463,0.02308
-7.83016,0.003217,0.1967,0.008604,0.9838,0.003496,0.8173,0.0009706,0.6518,0.02169,0.09042,9.02e-05,0.04365,0.0002496,0.00956,0.00204,0.1509,0.1098,0.1079,0.08278,0.04368,0.5011,0.134,24.1,50.71,0.0278,0.004369,0.0001455,0.004157,0.0001459,0.0003994,0.01136,0.02045
-7.72016,0.003818,0.1799,0.008606,0.7589,0.007241,0.7807,0.001891,0.9916,0.01511,0.07335,0.0002475,0.03533,0.0001282,0.009631,0.002455,0.106,0.1234,0.04945,0.08368,0.02591,0.3494,0.07617,28.72,67.66,0.01212,0.002829,0.002234,0.005316,0.0001045,0.0002821,0.01415,0.01259
-7.60916,0.004823,0.4355,0.009739,0.3969,0.01445,0.4026,0.00282,0.904,0.01585,0.03863,0.0006391,0.02227,0.0002515,0.01262,0.002336,0.04217,0.1384,0.02385,0.08466,0.0228,0.2831,0.05596,31.73,84.17,0.00365,0.002649,0.003687,0.007028,6.155e-05,0.0002529,0.01839,0.007495
-7.49916,0.005027,1.02,0.009761,0.2347,0.01956,0.08596,0.003066,0.3921,0.01758,0.027,0.0009591,0.01968,0.0004916,0.03073,0.001445,0.02513,0.1148,0.02692,0.06344,0.03088,0.2234,0.04856,34.91,88.62,0.002473,0.002877,0.003693,0.006217,5.86e-05,0.0005251,0.01829,0.006353
-7.38916,0.003367,1.311,0.006127,0.2227,0.01501,0.006128,0.001667,0.0588,0.01205,0.06864,0.0008495,0.02648,0.0006641,0.05186,0.0007151,0.05228,0.06915,0.03205,0.03196,0.03224,0.1146,0.05458,38.05,87.91,0.002626,0.003164,0.004464,0.00317,0.0002079,0.0009726,0.01587,0.005597
-7.27816,0.001445,0.8951,0.002513,0.2054,0.006929,0.04206,0.001075,0.02638,0.004567,0.1888,0.0006992,0.02551,0.0007716,0.04971,0.0007901,0.0919,0.04131,0.03282,0.01234,0.02072,0.03616,0.09453,41.83,89.66,0.002601,0.003596,0.005418,0.001622,0.0005131,0.001168,0.01358,0.007841
-7.16816,-0.000146,0.4123,0.00127,0.1902,0.002702,0.1002,0.008263,0.06393,-0.0009467,0.2757,0.001757,0.01502,0.002329,0.03154,0.001759,0.0955,0.05586,0.03598,0.0077,0.01266,0.04744,0.1254,43.61,89.16,0.002097,0.003347,0.00546,0.001925,0.0007122,0.001091,0.01218,0.01352
-7.05816,-0.001288,0.298,0.001643,0.18,0.001331,0.2003,0.02081,0.0851,-0.004268,0.2715,0.003846,0.00678,0.005628,0.01753,0.003696,0.06427,0.08877,0.04797,0.01001,0.01705,0.1099,0.1085,42.59,80.97,0.001868,0.002277,0.005462,0.002004,0.0006302,0.0009478,0.01123,0.01656
-6.94816,0.005785,0.2779,0.007495,0.1515,0.001235,0.379,0.02381,0.1603,0.01539,0.3715,0.006302,0.00622,0.01056,0.01482,0.01815,0.06986,0.07892,0.08388,0.008674,0.03672,0.1194,0.1152,42.97,71.61,0.002511,0.002349,0.004512,0.001657,0.000748,0.0008474,0.008646,0.02447
-6.83716,0.02747,0.2208,0.02443,0.1213,0.004116,0.4367,0.02486,0.2439,0.07528,0.4888,0.0126,0.008413,0.0229,0.0172,0.05935,0.09261,0.05742,0.1011,0.004103,0.06559,0.09477,0.1414,49.54,67.13,0.003898,0.003986,0.003005,0.001337,0.001428,0.0007716,0.008784,0.03758
-6.72716,0.03846,0.14,0.03365,0.1167,0.009114,0.2947,0.0326,0.192,0.1069,0.3366,0.01757,0.00676,0.0328,0.01492,0.08178,0.06083,0.07163,0.07296,0.006198,0.08482,0.1123,0.1213,56.83,60.99,0.004751,0.0044,0.002633,0.002199,0.00174,0.000625,0.01285,0.03645
-6.61716,0.02019,0.08335,0.01923,0.1581,0.008872,0.244,0.02874,0.09172,0.06086,0.1136,0.0128,0.005515,0.02568,0.01141,0.05518,0.01537,0.06263,0.0584,0.02317,0.09446,0.1021,0.1054,56.78,54.57,0.004083,0.003259,0.002055,0.006413,0.001524,0.0009572,0.01608,0.02373
-6.50616,0.002116,0.08731,0.00369,0.1644,0.004317,0.2784,0.01759,0.1024,0.01323,0.07053,0.007203,0.0136,0.0171,0.009852,0.04479,0.01006,0.03165,0.06338,0.04336,0.09348,0.04974,0.116,51.82,53.45,0.003395,0.002348,0.0009976,0.01158,0.001802,0.002215,0.01798,0.01702
-6.39616,0.001154,0.1321,-0.0002334,0.111,0.004089,0.2449,0.01394,0.2454,0.002268,0.1356,0.006535,0.032,0.01474,0.008664,0.07225,0.02946,0.04934,0.06296,0.0356,0.08167,0.03517,0.1071,47.22,55.48,0.003034,0.002076,0.0006966,0.01112,0.001983,0.003634,0.01567,0.02423
-6.28616,0.004531,0.1532,-0.0006809,0.07308,0.005773,0.1974,0.01136,0.357,0.001286,0.1846,0.005661,0.04118,0.009854,0.007535,0.08274,0.03817,0.0763,0.05795,0.009827,0.06738,0.04583,0.07311,45.7,59.89,0.002096,0.002523,0.0006466,0.006136,0.001419,0.004009,0.007422,0.0356
-6.17516,0.003467,0.1033,-0.0015,0.06344,0.002614,0.1692,0.007091,0.278,7.352e-05,0.1774,0.002797,0.03094,0.003207,0.005145,0.04421,0.03415,0.05329,0.04681,-0.0009383,0.05434,0.0294,0.04138,46.05,67.05,0.001076,0.003625,0.0003671,0.003705,0.0007876,0.003248,0.007076,0.03336
-6.06516,0.001765,0.04537,4.341e-05,0.05527,-0.0007459,0.1676,0.01477,0.1191,-0.0002828,0.1454,0.001275,0.021,-0.001198,0.002896,-0.0009017,0.04398,0.07061,0.0426,0.006058,0.04915,0.004133,0.02831,48.43,77.49,0.001477,0.004778,0.0006201,0.004964,0.0006208,0.00253,0.04628,0.02467
-5.95516,0.0022,0.03365,0.01373,0.04923,0.01077,0.2067,0.03053,0.03627,0.0007706,0.1277,0.001171,0.02179,-0.003757,0.002988,-0.01614,0.07037,0.1763,0.05175,0.01517,0.05844,-0.002595,0.02797,50.18,91.46,0.002754,0.005181,0.001677,0.006997,0.001487,0.002603,0.106,0.02186
-5.84516,0.005432,0.041,0.0527,0.04594,0.04309,0.2249,0.03211,0.01945,0.003597,0.115,0.001864,0.02319,0.002649,0.003554,0.02655,0.08369,0.2556,0.05361,0.02429,0.07862,0.003944,0.02481,50.27,97.01,0.002504,0.004769,0.002694,0.006737,0.003598,0.003606,0.1106,0.02135
-5.73416,0.02128,0.04123,0.1216,0.03386,0.06429,0.1682,0.03158,0.02021,0.006487,0.09936,0.01487,0.01908,0.05086,0.003263,0.2387,0.06814,0.2176,0.04075,0.07564,0.1086,0.02106,0.01914,53.75,89.04,0.001398,0.004007,0.002711,0.004284,0.004153,0.005998,0.06284,0.0194
-5.62416,0.04403,0.03475,0.1892,0.01925,0.05055,0.08929,0.04194,0.02607,0.007406,0.07806,0.04045,0.01312,0.139,0.00463,0.5752,0.04865,0.1106,0.03869,0.1726,0.133,0.04504,0.01949,58.83,81.79,0.0009845,0.003571,0.002409,0.002889,0.002864,0.009857,0.01973,0.01904
-5.51416,0.04239,0.02648,0.1773,0.01656,0.03313,0.05382,0.03883,0.05296,0.006306,0.05934,0.04597,0.01324,0.1624,0.009881,0.6146,0.06046,0.06698,0.06435,0.231,0.1282,0.06437,0.02179,58.99,82.4,0.0009512,0.00395,0.003474,0.00336,0.003932,0.01259,0.005085,0.01813
-5.40316,0.02112,0.02744,0.1087,0.02595,0.04657,0.0636,0.02073,0.1061,0.005295,0.08188,0.0248,0.02281,0.09566,0.01822,0.3071,0.1095,0.1067,0.1023,0.2104,0.1122,0.08254,0.02231,51.02,85.97,0.0009056,0.004918,0.004384,0.004004,0.007713,0.01201,0.01208,0.01419
-5.29316,0.01461,0.03342,0.07519,0.03582,0.06883,0.06959,0.01133,0.1256,0.005183,0.1264,0.00707,0.02771,0.04518,0.02835,0.09501,0.1457,0.1571,0.1364,0.1501,0.1007,0.1217,0.02901,41.65,88.51,0.0008222,0.005993,0.004205,0.003917,0.01367,0.01357,0.02094,0.01497
-5.18316,0.02472,0.03061,0.06119,0.04196,0.05712,0.0474,0.01262,0.08369,0.003802,0.1363,0.002773,0.01958,0.04308,0.04425,0.08655,0.1582,0.2091,0.1793,0.1135,0.09332,0.1839,0.05359,43.43,90.35,0.001177,0.006711,0.007124,0.003655,0.02101,0.02384,0.01865,0.02134
-5.07316,0.02676,0.02539,0.03923,0.05005,0.02868,0.03011,0.01434,0.03738,0.001942,0.1418,0.003625,0.01282,0.05112,0.06564,0.125,0.1924,0.2251,0.2254,0.1122,0.1021,0.1974,0.08237,52.41,93.41,0.001626,0.007923,0.01326,0.004272,0.02228,0.03685,0.01203,0.02313
-4.96216,0.01534,0.03143,0.02013,0.05755,0.01462,0.03762,0.01237,0.01948,0.001378,0.2034,0.003493,0.01435,0.04272,0.08049,0.1047,0.2228,0.1601,0.2298,0.09932,0.1224,0.1292,0.08418,50.65,96.05,0.002114,0.009325,0.01858,0.00586,0.0218,0.03833,0.007782,0.01787
-4.85216,0.01757,0.04601,0.0127,0.06016,0.01455,0.05133,0.01648,0.02523,0.001852,0.2813,0.003765,0.01699,0.03206,0.0771,0.05511,0.1979,0.125,0.1757,0.09674,0.1267,0.05917,0.06819,44.04,94.79,0.006516,0.007976,0.02135,0.006881,0.03714,0.02971,0.008268,0.01463
-4.74216,0.0438,0.06415,0.01322,0.07079,0.02208,0.06118,0.03129,0.0584,0.002809,0.3508,0.007877,0.01849,0.03181,0.05615,0.03592,0.1327,0.1787,0.1003,0.146,0.1213,0.03696,0.05802,47.07,93.74,0.01382,0.004851,0.01854,0.006705,0.05839,0.02426,0.01286,0.01641
-4.63116,0.05927,0.1048,0.01254,0.1107,0.02795,0.08464,0.03829,0.1198,0.003494,0.4883,0.01349,0.02224,0.02963,0.03424,0.03337,0.07635,0.1764,0.06148,0.1694,0.1233,0.03226,0.04803,51.58,97.08,0.01485,0.003419,0.01144,0.006722,0.05486,0.02221,0.01281,0.01597
-4.52116,0.04619,0.1632,0.009182,0.1667,0.0264,0.1117,0.03329,0.1748,0.00345,0.6201,0.01354,0.02626,0.02421,0.02425,0.02817,0.04479,0.09519,0.05697,0.1641,0.1159,0.03436,0.03329,54.3,99.83,0.01364,0.003811,0.006796,0.006799,0.03245,0.01698,0.007611,0.01356
-4.41116,0.03184,0.1804,0.01119,0.1915,0.02904,0.102,0.03271,0.1721,0.003726,0.5356,0.007777,0.02454,0.01967,0.02896,0.02168,0.03363,0.06417,0.06312,0.2377,0.1068,0.06979,0.0204,62.15,98.01,0.018,0.004567,0.007675,0.00586,0.01849,0.01113,0.0047,0.01483
-4.30016,0.02925,0.1356,0.02109,0.1913,0.04015,0.05948,0.03376,0.1167,0.00507,0.2795,0.003532,0.01912,0.01636,0.05324,0.01754,0.04102,0.07118,0.09041,0.3257,0.1122,0.1196,0.01636,65.91,95.77,0.01705,0.00458,0.01131,0.005212,0.01387,0.00983,0.004626,0.01755
-4.19016,0.03297,0.08473,0.02693,0.2148,0.04703,0.02766,0.02697,0.07801,0.006853,0.09457,0.002104,0.01973,0.01721,0.122,0.01489,0.0596,0.05072,0.1233,0.2749,0.1182,0.1162,0.02751,60.68,94.71,0.009206,0.004269,0.01193,0.005109,0.009782,0.01129,0.004109,0.01704
-4.08016,0.04781,0.06334,0.02165,0.258,0.04383,0.01909,0.02278,0.07503,0.01129,0.04424,0.003309,0.03103,0.03018,0.2504,0.01215,0.07407,0.04705,0.1218,0.1825,0.1378,0.06111,0.05029,63.84,92.01,0.006852,0.004684,0.00938,0.004677,0.006258,0.01069,0.003015,0.01441
-3.97016,0.0695,0.07642,0.01557,0.2594,0.03817,0.01943,0.04352,0.06685,0.02813,0.05683,0.0148,0.04136,0.05181,0.3277,0.01136,0.0661,0.1242,0.1009,0.2497,0.192,0.02457,0.06779,79.09,90.41,0.00908,0.005059,0.00874,0.005501,0.004473,0.007414,0.002689,0.01238
-3.85916,0.08073,0.1117,0.01763,0.1957,0.03182,0.01842,0.1029,0.04735,0.06987,0.08121,0.0424,0.03603,0.06618,0.2536,0.01359,0.03811,0.2125,0.09792,0.3514,0.213,0.02303,0.06882,89.05,92.95,0.008825,0.004073,0.009918,0.007754,0.003567,0.004255,0.002577,0.01122
-3.74916,0.08134,0.1269,0.0233,0.1222,0.02547,0.01465,0.1706,0.03409,0.13,0.08889,0.07626,0.0265,0.06771,0.1373,0.01665,0.01526,0.1976,0.1073,0.2961,0.1613,0.02709,0.06014,89.54,96.21,0.007295,0.003062,0.009642,0.008532,0.002879,0.003423,0.00242,0.01169
-3.63916,0.07893,0.09808,0.02416,0.07432,0.02287,0.0102,0.1647,0.03195,0.1611,0.0823,0.09051,0.03417,0.06028,0.08729,0.0223,0.007151,0.1341,0.117,0.1912,0.124,0.02189,0.04901,89.07,96.68,0.00819,0.004078,0.006813,0.007297,0.001998,0.003833,0.002927,0.01326
-3.52816,0.08053,0.05182,0.02835,0.05113,0.02535,0.006019,0.08457,0.03681,0.1946,0.08058,0.09425,0.06367,0.05712,0.09227,0.03039,0.007224,0.1063,0.1489,0.1596,0.1419,0.01405,0.03961,94.43,99.27,0.009875,0.008163,0.004143,0.007021,0.00139,0.003674,0.003956,0.01318
-3.41816,0.08369,0.02307,0.04368,0.04254,0.02927,0.003709,0.02269,0.04014,0.3645,0.08561,0.1463,0.0934,0.05342,0.1077,0.03406,0.00809,0.08048,0.196,0.1374,0.1476,0.01269,0.03577,102.5,104.6,0.00882,0.01198,0.003523,0.008792,0.001532,0.002945,0.004545,0.009457
-3.30816,0.07667,0.01549,0.05096,0.03959,0.02522,0.003926,0.01068,0.03882,0.5124,0.105,0.1951,0.1082,0.03368,0.09564,0.02674,0.006934,0.04287,0.1943,0.08518,0.1103,0.01305,0.03169,103.2,108.4,0.006479,0.01038,0.004001,0.01121,0.001801,0.002466,0.004029,0.004839
-3.19716,0.06341,0.0168,0.03784,0.05789,0.0126,0.006778,0.01745,0.04473,0.3747,0.191,0.1417,0.1366,0.01277,0.06606,0.01603,0.005861,0.01908,0.1386,0.04511,0.07758,0.008685,0.02478,95.94,114,0.004653,0.007179,0.004246,0.01498,0.001697,0.002214,0.002913,0.00308
-3.08716,0.05092,0.01865,0.0221,0.09958,0.07061,0.01052,0.02783,0.05954,0.1508,0.3001,0.08724,0.1638,0.04822,0.04419,0.01995,0.005873,0.01077,0.08001,0.0323,0.06772,0.003959,0.01963,91.76,121.1,0.002809,0.007966,0.003814,0.01843,0.001351,0.001832,0.001924,0.003566
-2.97716,0.03576,0.0201,0.01412,0.09966,0.334,0.009977,0.06156,0.05725,0.09828,0.2678,0.1897,0.1294,0.2067,0.02553,0.04456,0.006073,0.01949,0.03986,0.03128,0.05751,0.002575,0.01464,99.07,123.4,0.001747,0.01096,0.003066,0.0152,0.001139,0.001928,0.001348,0.004105
-2.86716,0.0262,0.02153,0.01076,0.04609,0.6061,0.005141,0.1062,0.03372,0.1456,0.1183,0.3483,0.05973,0.3546,0.01147,0.07117,0.006034,0.04118,0.02287,0.03117,0.04315,0.002577,0.009529,108.1,120.4,0.001697,0.01077,0.002408,0.007701,0.001153,0.002478,0.001356,0.003577
-2.75616,0.02454,0.02424,0.009901,0.009707,0.4747,0.001947,0.09079,0.01721,0.1262,0.02381,0.2919,0.01992,0.265,0.007397,0.07491,0.005084,0.04614,0.01773,0.03006,0.03682,0.002923,0.006523,104.1,115.7,0.001492,0.006005,0.001747,0.003304,0.001021,0.002543,0.001558,0.002181
-2.64616,0.01916,0.03109,0.008882,0.005849,0.1359,0.002216,0.02756,0.01429,0.05067,0.006695,0.09237,0.01193,0.07353,0.00696,0.06013,0.002963,0.02694,0.01367,0.02896,0.04242,0.003667,0.005677,89.79,109.8,0.00103,0.001844,0.001192,0.002117,0.0006826,0.002035,0.001408,0.00115
-2.53616,0.01137,0.04191,0.006997,0.00784,-0.01277,0.004471,-0.003112,0.01621,0.004464,0.01008,-0.006468,0.02834,-0.003321,0.0161,0.0381,0.01358,0.008542,0.01061,0.02012,0.04146,0.002805,0.004939,75.72,100.5,0.0007543,0.0008596,0.0008083,0.001841,0.0003771,0.001939,0.0009205,0.001023
-2.42516,0.03332,0.06978,0.02263,0.009123,-0.01144,0.01058,0.04176,0.02794,0.03066,0.01695,0.008969,0.1006,0.002766,0.05934,0.04385,0.07552,0.004054,0.01312,0.007109,0.03066,0.001039,0.004075,67.14,88.71,0.0005654,0.001493,0.0004086,0.00168,0.0001541,0.00273,0.0005152,0.001608
-2.31516,0.1047,0.1133,0.08065,0.01111,0.0117,0.02088,0.1494,0.04781,0.165,0.02463,0.07273,0.2141,0.02296,0.1251,0.1083,0.1786,0.009353,0.02469,0.00731,0.03237,0.002668,0.004522,68.34,78.77,0.0005662,0.002747,0.0003803,0.001425,4.468e-05,0.003387,0.001291,0.00237
-2.20516,0.1741,0.1161,0.1738,0.01116,0.03166,0.02748,0.2244,0.05306,0.4262,0.02601,0.1276,0.2561,0.03212,0.142,0.1608,0.2103,0.01421,0.03631,0.0269,0.04132,0.00892,0.007125,80.52,71.03,0.0009006,0.003924,0.001529,0.001173,9.559e-05,0.003069,0.004536,0.002453
-2.09516,0.1969,0.06417,0.2759,0.009428,0.04684,0.02747,0.2176,0.03934,0.8049,0.02024,0.1282,0.188,0.03395,0.09747,0.1483,0.1386,0.01388,0.03931,0.05109,0.05251,0.01551,0.01666,95.34,65.94,0.001271,0.00426,0.004073,0.0009372,0.0003147,0.002254,0.008764,0.001838
-1.98416,0.1826,0.01662,0.2911,0.007791,0.05065,0.0282,0.1675,0.02289,0.9538,0.01432,0.08782,0.09506,0.05885,0.06244,0.1238,0.07951,0.01335,0.03539,0.05894,0.09853,0.01855,0.04138,103.9,67.58,0.001521,0.003398,0.005591,0.0007517,0.0005918,0.001623,0.009654,0.001138
-1.87416,0.1591,0.0005743,0.1587,0.006252,0.04008,0.03066,0.1099,0.01068,0.5683,0.01101,0.04677,0.03486,0.1078,0.05948,0.1177,0.08173,0.01464,0.02859,0.05445,0.1627,0.01854,0.0674,101.6,72.3,0.001715,0.001912,0.003841,0.0007784,0.0006501,0.001272,0.006062,0.0006808
-1.76416,0.1364,0.001268,0.0298,0.004472,0.02919,0.03221,0.06187,0.004858,0.1223,0.00842,0.02249,0.009083,0.1251,0.05187,0.09478,0.07872,0.01163,0.02087,0.04474,0.1571,0.01464,0.06417,85.67,71.7,0.001458,0.0009938,0.001339,0.0008394,0.0004525,0.0009715,0.002192,0.0004574
-1.65316,0.08228,0.007842,-0.006365,0.0032,0.02276,0.05138,0.02157,0.00615,-0.01654,0.006276,0.009559,0.001457,0.07617,0.03545,0.04424,0.05815,0.004311,0.01646,0.02555,0.09521,0.006236,0.04795,68.12,67.07,0.0006964,0.000773,0.0004249,0.0009963,0.0002303,0.0007453,0.000743,0.0004531
-1.54316,0.0206,0.01557,-0.01179,0.003393,0.01085,0.09534,-0.0009214,0.01063,-0.01271,0.005529,-0.001023,0.0004504,0.001886,0.03755,0.006227,0.06607,-0.001559,0.0212,0.007217,0.06137,-0.0009839,0.04742,66.53,64.64,0.0003053,0.0007014,0.000549,0.001284,9.396e-05,0.0008051,0.001378,0.0005515
-1.43316,-0.002609,0.01637,0.006527,0.004827,0.002672,0.1122,-0.001254,0.01138,0.0002071,0.005152,0.003266,0.001135,0.01275,0.04639,-0.002968,0.07384,0.001158,0.02621,0.0005182,0.04698,0.0005915,0.04389,78.43,63.88,0.0008661,0.0005862,0.001019,0.001092,0.0001221,0.0008998,0.003713,0.0004777
-1.32216,0.005241,0.009301,0.1183,0.005304,0.01278,0.07275,0.01638,0.007363,0.02315,0.003438,0.05431,0.001314,0.2597,0.03811,-0.001122,0.04772,0.02662,0.0189,0.001263,0.02627,0.02003,0.02514,95.54,59.56,0.001973,0.0004404,0.001371,0.0005036,0.0005636,0.0006802,0.005762,0.0002643
-1.21216,0.01688,0.002509,0.2477,0.00345,0.02789,0.02141,0.03526,0.003272,0.04622,0.001199,0.1146,0.0009611,0.5544,0.02078,0.0002922,0.01545,0.05772,0.006841,0.002728,0.01202,0.04316,0.008317,109.7,55.43,0.00259,0.0002929,0.001353,0.0002581,0.001189,0.0003889,0.005363,0.0001716
-1.10216,0.01403,0.0001877,0.1966,-1.049e-05,0.02233,-0.003798,0.02793,0.001703,0.03539,8.562e-05,0.09127,-0.0007354,0.4448,0.0008474,0.0003891,-0.003008,0.04766,0.001491,0.002367,0.008529,0.03533,0.002248,108.3,57.16,0.001929,0.0002135,0.0009544,0.0004069,0.001121,0.0003314,0.003126,0.0002304
-0.99216,0.003723,0.0002168,0.04994,-0.003011,0.00573,-0.01,0.007098,0.001819,0.008482,-7.847e-05,0.02333,-0.004946,0.1155,-0.01999,0.0001605,-0.01317,0.01362,0.001023,0.001101,0.008158,0.009794,0.001143,93.26,63.3,0.0008145,0.0002311,0.0003956,0.0005165,0.0004544,0.000405,0.001159,0.0003092
-0.88116,-0.0006296,-0.002084,-0.009985,0.01379,-0.001091,0.01469,-0.001398,-0.003921,-0.00193,0.0003792,-0.00457,-0.009346,-0.02118,0.08355,4.352e-05,0.03733,-0.001235,0.00178,0.0005881,0.01386,-0.00139,0.003401,80.71,72.19,0.0002136,0.0002508,9.696e-05,0.0004439,3.25e-05,0.0004184,0.0002971,0.0002753
-0.77116,-0.0005036,-0.007477,-0.007171,0.07525,-0.0008018,0.1035,-0.001008,-0.01815,-0.001259,0.001916,-0.003355,0.0002611,-0.01595,0.4734,1.739e-05,0.2244,-0.001099,0.004654,0.0005277,0.03463,-0.001264,0.01278,68.28,74.08,3.992e-05,0.0002032,5.301e-05,0.000339,-2.066e-05,0.0003286,7.21e-05,0.0001341
-0.66116,-9.737e-05,0.02199,-0.001322,0.137,-0.0001536,0.1955,-0.0001831,0.06319,-0.000219,0.003542,-0.0008994,0.1865,-0.003047,0.7874,-6.868e-05,0.3671,-8.621e-06,0.0125,0.0002513,0.05197,-0.0002594,0.02096,47.11,66.97,2.965e-05,0.0002096,3.535e-05,0.0003443,1.319e-05,0.000307,5.314e-05,0.0001019
-0.55016,-1.151e-05,0.1359,-0.0001345,0.1595,-0.0001296,0.2506,-7.772e-06,0.3873,-1.567e-05,0.004411,-0.003914,0.8377,-0.001733,0.6105,-0.001155,0.26,8.156e-05,0.02873,-2.259e-05,0.04022,-4.333e-05,0.01701,30.94,63.89,4.197e-05,0.0002967,1.139e-05,0.0004996,2.074e-05,0.0004338,7.291e-05,0.0003117
-0.44016,-5.055e-05,0.219,-0.0001727,0.1571,-0.0007499,0.283,1.199e-06,0.6356,1.301e-06,0.004665,-0.02459,1.386,-0.009557,0.293,-0.007351,0.09611,6.066e-05,0.03851,-0.0002765,0.01913,-0.0001273,0.008999,30.19,64.26,4.727e-05,0.0004114,1.17e-05,0.0006824,1.407e-05,0.0005515,0.0001215,0.0007246
-0.33016,-0.00011,0.1366,-0.000336,0.09395,-0.001424,0.188,-1.739e-05,0.407,2.173e-06,0.002895,-0.04684,0.9251,-0.01818,0.1003,-0.01398,0.02436,6.137e-05,0.02332,-0.0004978,0.007217,-0.0002448,0.003529,29.58,60.77,4.113e-05,0.0006403,1.595e-05,0.0008651,7.781e-06,0.0006982,0.0001457,0.001384
-0.21916,0.0003765,0.022,0.001073,0.01664,0.004393,0.04083,8.647e-05,0.07175,1.63e-05,0.0005461,0.144,0.1674,0.05618,0.00506,0.04306,0.0005451,4.709e-05,0.004269,0.001571,0.002132,0.0007771,0.0005545,20.11,64.23,1.876e-05,0.0007549,1.112e-05,0.0009448,5.045e-06,0.0007683,9.289e-05,0.001698
-0.10916,0.001808,-0.009282,0.005194,-0.006756,0.02133,-0.01069,0.0004107,-0.02531,5.905e-05,-0.0001952,0.6995,-0.06484,0.2726,-0.01143,0.2091,-0.003044,4.531e-05,-0.000662,0.007587,0.0009786,0.00376,-3.467e-05,16.24,73.16,3.084e-06,0.0004366,8.267e-06,0.0006204,7.232e-06,0.0005007,5.305e-05,0.0009749
0.00084,0.002461,-0.00414,0.00707,-0.003151,0.02903,-0.006197,0.0005598,-0.0124,7.865e-05,-9.7e-05,0.9524,-0.03106,0.371,-0.003832,0.2846,-0.0009677,3.862e-05,6.017e-05,0.01032,0.0007853,0.005118,8.763e-05,16.79,61,1.239e-07,7.78e-05,8.023e-06,0.0002003,7.22e-06,0.0001889,4.867e-05,0.0001546
0.11084,0.001233,-0.0006565,0.003543,-0.0004612,0.01455,-0.001104,0.0002809,-0.00221,3.933e-05,-1.523e-05,0.4773,-0.004745,0.1859,-0.0005854,0.1426,-0.0001781,1.403e-05,0.0001968,0.005172,0.0003143,0.002565,5.126e-05,9.657,27.08,-5e-08,-2.225e-05,3.832e-06,2.657e-05,2.746e-06,5.367e-05,2.461e-05,-6.027e-05
0.22184,7.018e-05,-7.633e-05,0.0002019,-4.696e-05,0.0008279,-0.0001476,1.608e-05,-0.0002886,2.197e-06,-1.586e-06,0.02714,-0.0003605,0.01055,-0.0001037,0.008099,-5.747e-05,-7.958e-07,6.524e-06,0.0002935,-1.553e-05,0.000146,-6.453e-06,1.469,2.441,-1.741e-07,-1.34e-05,1.191e-07,-7.16e-06,-1.156e-07,3.546e-06,1.056e-06,-2.994e-05
0.33184,-0.0001191,-1.513e-05,-0.000342,-1.365e-05,-0.001404,-3.206e-05,-2.71e-05,-4.581e-05,-3.82e-06,-3.883e-07,-0.04608,-4.081e-05,-0.01795,-2.527e-05,-0.01377,-1.61e-05,-1.758e-06,-3.29e-05,-0.0004995,-4.783e-05,-0.0002477,-9.896e-06,-0.7772,-2.557,-8.246e-08,-3.332e-06,-4.191e-07,-7.702e-06,-3.251e-07,-7.66e-06,-2.701e-06,-6.34e-06
0.44184,-3.589e-05,-2.944e-06,-0.0001031,-3.625e-06,-0.0004233,-6.833e-06,-8.179e-06,-7.048e-06,-1.149e-06,-1.043e-07,-0.01389,-1.069e-05,-0.005407,-4.334e-06,-0.004149,-2.571e-06,-4.376e-07,-1.174e-05,-0.0001505,-1.343e-05,-7.465e-05,-2.591e-06,-0.3568,-0.9985,-1.524e-08,-5.15e-07,-1.21e-07,-2.676e-06,-8.032e-08,-3.345e-06,-8.025e-07,-9.003e-07
0.55284,-4.199e-06,-3.281e-07,-1.207e-05,-4.957e-07,-4.953e-05,-8.753e-07,-9.579e-07,-7.044e-07,-1.342e-07,-1.512e-08,-0.001624,-1.708e-06,-0.0006323,-4.401e-07,-0.0004852,-2.389e-07,-4.808e-08,-1.762e-06,-1.76e-05,-1.616e-06,-8.732e-06,-3.024e-07,-0.0571,-0.1519,-1.374e-09,-4.695e-08,-1.391e-08,-4.314e-07,-8.531e-09,-5.734e-07,-9.383e-08,-8.5e-08
0.66284,-2.442e-07,-1.97e-08,-6.8e-07,-3.552e-08,-2.778e-06,-6.173e-08,-5.446e-08,-4.024e-08,-1.24e-08,-1.141e-09,-9.108e-05,-1.386e-07,-3.544e-05,-2.564e-08,-2.72e-05,-1.303e-08,-2.733e-09,-1.331e-07,-9.865e-07,-9.684e-08,-4.898e-07,-1.797e-08,-0.004351,-0.01134,-6.737e-11,-2.367e-09,-7.758e-10,-3.483e-08,-4.531e-10,-4.758e-08,-5.283e-09,-4.833e-09
0.77284,-7.766e-07,-6.438e-10,-2.503e-07,-1.367e-09,-9.596e-08,-2.371e-09,-6.128e-08,-1.282e-09,-4.29e-07,-4.565e-11,-2.608e-06,-5.841e-09,-1.063e-06,-8.398e-10,-8.211e-07,-4.09e-10,-2.579e-09,-5.304e-09,-3.486e-08,-3.04e-09,-2.072e-08,-5.696e-10,-0.0001741,-0.000441,-8.545e-11,-6.48e-11,-2.85e-10,-1.46e-09,-3.37e-11,-2.029e-09,-2.959e-10,-1.573e-10
0.88384,-3.582e-05,-1.157e-11,-1.123e-05,-2.851e-11,-9.879e-07,-4.955e-11,-2.786e-06,-2.271e-11,-1.983e-05,-9.782e-13,-1.936e-07,-1.3e-10,-2.324e-06,-1.527e-11,-2.02e-06,-7.245e-12,-1.164e-07,-1.135e-10,-3.112e-07,-5.115e-11,-3.106e-07,-9.848e-12,-0.0002306,-9.133e-06,-4.188e-09,-9.671e-13,-1.219e-08,-3.234e-11,-1.184e-09,-4.557e-11,-9.973e-09,-2.886e-12
0.99384,-0.0008661,-1.149e-13,-0.0002927,-3.234e-13,-3.338e-05,-5.632e-13,-6.769e-05,-2.235e-13,-0.0004742,-1.129e-14,-3.76e-06,-1.545e-12,-5.509e-05,-1.531e-13,-4.787e-05,-7.157e-14,-2.825e-06,-1.311e-12,-7.556e-06,-4.665e-13,-7.421e-06,-9.39e-14,-0.006073,-1.018e-07,-1.146e-07,-7.943e-15,-2.933e-07,-3.824e-13,-3.786e-08,-5.45e-13,-3.836e-07,-2.967e-14
1.10384,-0.01051,-6.328e-16,-0.004026,-1.999e-15,-0.00062,-3.483e-15,-0.0008286,-1.225e-15,-0.005637,-8.059e-17,-4.613e-05,-9.881e-15,-0.0006519,-8.652e-16,-0.0005656,-4.121e-16,-3.453e-05,-8.469e-15,-9.265e-05,-2.33e-15,-8.814e-05,-5.302e-16,-0.08441,-6.141e-10,-1.71e-06,-3.7e-17,-3.543e-06,-2.434e-15,-6.879e-07,-3.499e-15,-7.946e-06,-2.672e-15
1.21384,-0.05815,-4.471e-16,-0.02782,-1.16e-15,-0.005951,-1.181e-15,-0.004668,-1.383e-15,-0.02979,-3.203e-15,-0.0002611,-1.242e-14,-0.003409,-6.593e-15,-0.002948,-6.537e-15,-0.000194,-8.611e-14,-0.0005239,-2.148e-15,-0.0004651,-1.069e-14,-0.5804,-9.169e-11,-1.361e-05,-2.377e-16,-1.976e-05,-2.227e-15,-6.915e-06,-1.946e-15,-8.436e-05,-7.921e-13
1.32484,-0.08864,-7.586e-14,-0.07763,-1.97e-13,-0.02512,-1.978e-13,-0.007654,-2.347e-13,-0.03654,-5.449e-13,-0.000439,-2.106e-12,-0.003948,-1.122e-12,-0.00334,-1.118e-12,-0.0003175,-1.468e-11,-0.0008754,-3.661e-13,-0.0005665,-1.826e-12,-1.649,-1.523e-08,-5.169e-05,-4.074e-14,-3.535e-05,-3.77e-13,-3.52e-05,-3.3e-13,-0.000408,-1.349e-10
1.43484,0.3616,-6.913e-12,0.0671,-1.8e-11,-0.01165,-1.788e-11,0.02731,-2.136e-11,0.2119,-4.957e-11,0.001441,-1.914e-10,0.02494,-1.021e-10,0.02179,-1.022e-10,0.001119,-1.339e-09,0.003003,-3.35e-11,0.003313,-1.668e-10,0.6112,-1.383e-06,-3.387e-05,-3.74e-12,8.295e-05,-3.426e-11,-5.932e-05,-3.012e-11,-0.0004512,-1.229e-08
1.54484,1.549,-3.337e-10,0.8699,-8.716e-10,0.2132,-8.553e-10,0.125,-1.03e-09,0.761,-2.388e-09,0.006191,-9.219e-09,0.08596,-4.925e-09,0.07416,-4.955e-09,0.005096,-6.467e-08,0.01416,-1.627e-09,0.01184,-8.075e-09,15.23,-6.652e-05,0.0004002,-1.822e-10,0.0004689,-1.65e-09,0.0001865,-1.456e-09,0.002841,-5.932e-07
1.65584,2.162,-8.382e-09,1.845,-2.197e-08,0.5672,-2.127e-08,0.1768,-2.585e-08,0.899,-5.986e-08,0.004191,-2.312e-07,0.0956,-1.24e-07,0.08161,-1.25e-07,0.007058,-1.626e-06,0.02123,-4.146e-08,0.01395,-2.034e-07,41.5,-0.001664,0.001382,-4.648e-09,0.000975,-4.142e-08,0.0009762,-3.663e-08,0.01034,-1.489e-05
1.76584,1.285,-1.056e-07,1.575,-2.778e-07,0.5119,-2.65e-07,0.09474,-3.261e-07,0.4041,-7.514e-07,-0.009583,-2.918e-06,0.03517,-1.583e-06,0.02992,-1.581e-06,0.003443,-2.049e-05,0.0139,-5.461e-07,0.006314,-2.568e-06,58.89,-0.02087,0.001897,-6.066e-08,0.001223,-5.257e-07,0.001599,-4.618e-07,0.01334,-0.0001873
1.87584,0.2352,-6.046e-07,0.5097,-1.599e-06,0.3131,-1.496e-06,0.06375,-1.89e-06,0.03285,-4.264e-06,0.02845,-1.702e-05,0.009442,-9.665e-06,0.004405,-9.063e-06,0.004646,-0.000117,0.00427,-3.709e-06,0.0008646,-1.47e-05,48.21,-0.1191,0.001192,-3.914e-07,0.001036,-3.153e-06,0.001304,-2.635e-06,0.007519,-0.001066
1.98584,-0.06261,-9.691e-07,0.1306,-2.595e-06,0.8333,-2.313e-06,0.285,-3.41e-06,0.04507,-6.408e-06,0.202,-3.25e-05,0.06392,-2.45e-05,0.03457,-1.406e-05,0.02315,-0.0001818,0.004879,-1.422e-05,0.002008,-2.281e-05,23.99,-0.1918,0.0003603,-1.205e-06,0.001128,-7.284e-06,0.001125,-4.016e-06,0.002729,-0.001623
2.09684,-0.01008,3.594e-06,0.2468,9.455e-06,1.369,9.018e-06,0.4772,8.265e-06,0.1256,2.825e-05,0.3329,6.217e-05,0.1102,-1.013e-05,0.06152,5.869e-05,0.0379,0.0007418,0.008587,-3.9e-05,0.003995,9.434e-05,15.43,0.6868,0.000165,-1.698e-06,0.001417,2.023e-06,0.001317,1.736e-05,0.006719,0.006967
2.20684,0.02611,1.531e-05,0.1791,4.055e-05,0.8625,3.685e-05,0.3031,4.099e-05,0.08617,0.0001138,0.2074,0.0003443,0.06899,0.0001,0.03828,0.0002416,0.0246,0.003036,0.005965,-3.469e-05,0.002742,0.0003882,20.97,2.956,0.0001217,1.932e-06,0.0009681,4.51e-05,0.0008206,7.057e-05,0.02176,0.02826
2.31684,0.02189,2.166e-05,0.02931,5.56e-05,0.1489,4.708e-05,0.05581,7.801e-05,0.01563,0.0001418,0.03288,0.0007018,0.01172,0.0006364,0.005796,0.0003032,0.008033,0.00371,0.001815,0.0003948,0.0008745,0.0004916,26.53,4.352,5.005e-05,2.761e-05,0.0004677,0.0001899,0.0001425,8.761e-05,0.03841,0.03505
2.42784,0.01103,1.881e-05,-0.01102,4.237e-05,-0.0347,3.174e-05,-0.006194,0.0001294,-0.003895,6.593e-05,-0.01206,0.001251,-0.002051,0.002039,-0.002276,0.0001391,0.005,0.001703,0.001116,0.001663,0.0004814,0.0002457,28.55,4.204,7.503e-05,9.012e-05,0.0005587,0.0005301,-0.0001011,3.733e-05,0.03537,0.01628
2.53784,0.004466,1.785e-05,-0.002629,5.167e-05,-0.005972,6.554e-05,0.01556,0.0001719,-0.0007525,5.049e-06,-0.0008856,0.002332,0.002785,0.003062,-0.0004194,2.664e-05,0.00456,0.002585,0.002267,0.002606,0.0006485,6.941e-05,27.11,4.219,0.0001783,0.0001655,0.0009328,0.0007473,7.797e-06,-8.189e-06,0.0271,0.00765
2.64784,0.006044,1.933e-05,0.004638,0.0001111,0.007045,0.0001992,0.03587,0.0001711,0.00125,1.65e-06,0.007488,0.004203,0.005542,0.002313,0.001406,0.0001225,0.009902,0.009752,0.003445,0.002029,0.001196,0.0001675,23.69,4.76,0.0004123,0.0002809,0.001565,0.0005068,0.001044,-2.48e-05,0.04156,0.02559
2.75884,0.01363,1.763e-05,0.01034,0.000157,0.01528,0.0002979,0.0314,0.0002864,0.002419,1.129e-05,0.008867,0.005184,0.004378,0.001146,0.003356,0.0003577,0.0258,0.01548,0.004241,0.0009651,0.002647,0.0005761,22.79,5.964,0.0008876,0.0004275,0.002288,0.0001788,0.003082,-1.905e-05,0.0566,0.04169
2.86884,0.02658,1.209e-05,0.01572,0.0001544,0.06108,0.000286,0.08229,0.0006112,0.00417,1.256e-05,0.007292,0.00384,0.002686,0.0008719,0.004882,0.000841,0.03649,0.01593,0.004234,0.0003999,0.006561,0.00219,28.89,7.465,0.001314,0.0004627,0.002059,9.511e-05,0.004604,0.000228,0.04686,0.03988
2.97884,0.0507,1.404e-05,0.02668,0.0001517,0.1516,0.0002964,0.3832,0.0007294,0.008424,1.059e-05,0.00505,0.002284,0.002251,0.0013,0.005367,0.001939,0.03159,0.01639,0.004107,0.0008354,0.01219,0.006594,45.42,9.214,0.001282,0.0003634,0.001186,0.0004072,0.004697,0.00129,0.02822,0.03533
3.08884,0.08706,2.538e-05,0.04593,0.0001245,0.2204,0.000278,0.8265,0.0004317,0.01458,1.163e-05,0.003762,0.001666,0.002472,0.001814,0.004711,0.003122,0.01949,0.01367,0.005334,0.002229,0.0134,0.01181,70.05,11.02,0.001071,0.0003023,0.0009697,0.001062,0.003661,0.002899,0.01972,0.02864
3.19984,0.1091,3.427e-05,0.05502,8.801e-05,0.2008,0.0001714,0.9393,0.0002143,0.01578,1.304e-05,0.00457,0.002009,0.00275,0.001716,0.003168,0.002784,0.01151,0.008258,0.006686,0.002644,0.009,0.0113,88.3,11.85,0.001257,0.0003794,0.001341,0.001245,0.002787,0.003143,0.01962,0.01976
3.30984,0.08931,4.334e-05,0.04043,0.0001054,0.1216,0.0001189,0.6259,0.0002964,0.01139,1.129e-05,0.005989,0.003276,0.002584,0.001197,0.001933,0.001252,0.008365,0.006124,0.006235,0.00166,0.005486,0.005767,92.59,11.98,0.001803,0.0005252,0.001694,0.0007892,0.00347,0.001779,0.01882,0.01305
3.41984,0.05362,7.43e-05,0.02109,0.0001424,0.05452,0.0002412,0.2797,0.0004631,0.008344,1.099e-05,0.006423,0.003892,0.003167,0.00159,0.001839,0.0008468,0.006379,0.005811,0.007588,0.001715,0.007796,0.002852,86.23,12.48,0.002082,0.0007855,0.001692,0.0006433,0.004765,0.0008205,0.01525,0.01119
3.53084,0.03818,0.0001394,0.01706,0.0001581,0.03608,0.0004456,0.1561,0.0005456,0.00878,4.143e-05,0.006648,0.003544,0.006026,0.003047,0.002829,0.002492,0.005851,0.005515,0.01676,0.002728,0.01567,0.00365,73.04,13.37,0.002066,0.001211,0.001324,0.0008563,0.004067,0.0008006,0.01292,0.0163
3.64084,0.04714,0.0002052,0.02153,0.0001675,0.0545,0.000488,0.2174,0.0005985,0.008822,0.0001557,0.008702,0.00364,0.008104,0.003957,0.004908,0.006016,0.007048,0.00715,0.02986,0.003141,0.02034,0.005025,64.89,14.21,0.002445,0.001498,0.001005,0.0007991,0.002004,0.0009393,0.0145,0.02582
3.75084,0.07094,0.00023,0.02025,0.0002474,0.06838,0.0005102,0.3145,0.0007989,0.006804,0.0003355,0.01243,0.003794,0.006431,0.003413,0.008431,0.01046,0.009371,0.009142,0.03865,0.004444,0.01858,0.006161,65.64,15.15,0.002744,0.001552,0.001077,0.0006801,0.001171,0.001162,0.02406,0.04291
3.86184,0.07568,0.0002313,0.0138,0.0004623,0.05493,0.0007145,0.2812,0.0009596,0.004281,0.0005139,0.01381,0.004,0.004039,0.002353,0.01236,0.01285,0.01265,0.009704,0.03939,0.007931,0.01813,0.009033,67.82,16.74,0.002452,0.001575,0.00147,0.001092,0.001719,0.001895,0.04138,0.07081
3.97184,0.04315,0.0003334,0.007037,0.0007046,0.02833,0.0008834,0.1355,0.0008395,0.003044,0.000822,0.01101,0.006497,0.004894,0.002795,0.01529,0.01325,0.01464,0.01122,0.02839,0.01032,0.01698,0.01391,72.79,19.69,0.002415,0.001719,0.00205,0.002054,0.002436,0.002612,0.05185,0.09625
